solid OpenSCAD_Model
  facet normal -1 0 0
    outer loop
      vertex 18 2 8.899999999999999
      vertex 18 -0.29999999701976776 5.350000002980231
      vertex 18 -0.29999999701976776 8.899999999999999
    endloop
  endfacet
  facet normal -1 0 0
    outer loop
      vertex 18 2 8.899999999999999
      vertex 18 2 7.649999999999999
      vertex 18 -0.29999999701976776 5.350000002980231
    endloop
  endfacet
  facet normal 0 0 1
    outer loop
      vertex 18 2 8.899999999999999
      vertex 18 -0.29999999701976776 8.899999999999999
      vertex 26 2 8.899999999999999
    endloop
  endfacet
  facet normal 0 0 1
    outer loop
      vertex 18 -0.29999999701976776 8.899999999999999
      vertex 26 -0.29999999701976776 8.899999999999999
      vertex 26 2 8.899999999999999
    endloop
  endfacet
  facet normal 0 1 0
    outer loop
      vertex 18 2 8.899999999999999
      vertex 26 2 8.899999999999999
      vertex 18 2 7.649999999999999
    endloop
  endfacet
  facet normal 1 0 0
    outer loop
      vertex 26 2 8.899999999999999
      vertex 26 -0.29999999701976776 8.899999999999999
      vertex 26 2 7.649999999999999
    endloop
  endfacet
  facet normal 0 1 0
    outer loop
      vertex 18 2 7.649999999999999
      vertex 26 2 8.899999999999999
      vertex 26 2 7.649999999999999
    endloop
  endfacet
  facet normal 1 0 0
    outer loop
      vertex 26 -0.29999999701976776 8.899999999999999
      vertex 26 -0.29999999701976776 5.350000002980231
      vertex 26 2 7.649999999999999
    endloop
  endfacet
  facet normal 0 0.7071067811865475 -0.7071067811865475
    outer loop
      vertex 18 2 7.649999999999999
      vertex 26 2 7.649999999999999
      vertex 26 -0.29999999701976776 5.350000002980231
    endloop
  endfacet
  facet normal 0 0.7071067811865475 -0.7071067811865475
    outer loop
      vertex 18 2 7.649999999999999
      vertex 26 -0.29999999701976776 5.350000002980231
      vertex 18 -0.29999999701976776 5.350000002980231
    endloop
  endfacet
  facet normal 0 0 1
    outer loop
      vertex 169.7 2 8.899999999999999
      vertex 169.7 -0.29999999701976776 8.899999999999999
      vertex 177.7 2 8.899999999999999
    endloop
  endfacet
  facet normal 0 1 0
    outer loop
      vertex 169.7 2 8.899999999999999
      vertex 177.7 2 8.899999999999999
      vertex 169.7 2 7.649999999999999
    endloop
  endfacet
  facet normal -1 0 0
    outer loop
      vertex 169.7 2 8.899999999999999
      vertex 169.7 -0.29999999701976776 5.350000002980231
      vertex 169.7 -0.29999999701976776 8.899999999999999
    endloop
  endfacet
  facet normal -1 0 0
    outer loop
      vertex 169.7 2 8.899999999999999
      vertex 169.7 2 7.649999999999999
      vertex 169.7 -0.29999999701976776 5.350000002980231
    endloop
  endfacet
  facet normal 0 0 1
    outer loop
      vertex 169.7 -0.29999999701976776 8.899999999999999
      vertex 177.7 -0.29999999701976776 8.899999999999999
      vertex 177.7 2 8.899999999999999
    endloop
  endfacet
  facet normal 1 0 0
    outer loop
      vertex 177.7 2 8.899999999999999
      vertex 177.7 -0.29999999701976776 8.899999999999999
      vertex 177.7 2 7.649999999999999
    endloop
  endfacet
  facet normal 0 1 0
    outer loop
      vertex 169.7 2 7.649999999999999
      vertex 177.7 2 8.899999999999999
      vertex 177.7 2 7.649999999999999
    endloop
  endfacet
  facet normal 1 0 0
    outer loop
      vertex 177.7 -0.29999999701976776 8.899999999999999
      vertex 177.7 -0.29999999701976776 5.350000002980231
      vertex 177.7 2 7.649999999999999
    endloop
  endfacet
  facet normal 0 0.7071067811865475 -0.7071067811865475
    outer loop
      vertex 169.7 2 7.649999999999999
      vertex 177.7 -0.29999999701976776 5.350000002980231
      vertex 169.7 -0.29999999701976776 5.350000002980231
    endloop
  endfacet
  facet normal 0 0.7071067811865475 -0.7071067811865475
    outer loop
      vertex 169.7 2 7.649999999999999
      vertex 177.7 2 7.649999999999999
      vertex 177.7 -0.29999999701976776 5.350000002980231
    endloop
  endfacet
  facet normal 0 0 1
    outer loop
      vertex 88 2 8.899999999999999
      vertex 88 -0.29999999701976776 8.899999999999999
      vertex 96 2 8.899999999999999
    endloop
  endfacet
  facet normal 0 0 1
    outer loop
      vertex 88 -0.29999999701976776 8.899999999999999
      vertex 96 -0.29999999701976776 8.899999999999999
      vertex 96 2 8.899999999999999
    endloop
  endfacet
  facet normal 0 1 0
    outer loop
      vertex 88 2 8.899999999999999
      vertex 96 2 8.899999999999999
      vertex 88 2 7.649999999999999
    endloop
  endfacet
  facet normal -1 0 0
    outer loop
      vertex 88 2 8.899999999999999
      vertex 88 -0.29999999701976776 5.350000002980231
      vertex 88 -0.29999999701976776 8.899999999999999
    endloop
  endfacet
  facet normal 0 1 0
    outer loop
      vertex 88 2 7.649999999999999
      vertex 96 2 8.899999999999999
      vertex 96 2 7.649999999999999
    endloop
  endfacet
  facet normal -1 0 0
    outer loop
      vertex 88 2 8.899999999999999
      vertex 88 2 7.649999999999999
      vertex 88 -0.29999999701976776 5.350000002980231
    endloop
  endfacet
  facet normal 0 0.7071067811865475 -0.7071067811865475
    outer loop
      vertex 88 2 7.649999999999999
      vertex 96 2 7.649999999999999
      vertex 96 -0.29999999701976776 5.350000002980231
    endloop
  endfacet
  facet normal 0 0.7071067811865475 -0.7071067811865475
    outer loop
      vertex 88 2 7.649999999999999
      vertex 96 -0.29999999701976776 5.350000002980231
      vertex 88 -0.29999999701976776 5.350000002980231
    endloop
  endfacet
  facet normal 1 0 0
    outer loop
      vertex 96 2 8.899999999999999
      vertex 96 -0.29999999701976776 8.899999999999999
      vertex 96 2 7.649999999999999
    endloop
  endfacet
  facet normal 1 0 0
    outer loop
      vertex 96 -0.29999999701976776 8.899999999999999
      vertex 96 -0.29999999701976776 5.350000002980231
      vertex 96 2 7.649999999999999
    endloop
  endfacet
  facet normal -1 0 0
    outer loop
      vertex 18 -117.70000000298023 8.899999999999999
      vertex 18 -120 7.649999999999999
      vertex 18 -120 8.899999999999999
    endloop
  endfacet
  facet normal -1 0 0
    outer loop
      vertex 18 -117.70000000298023 8.899999999999999
      vertex 18 -117.70000000298023 5.350000002980231
      vertex 18 -120 7.649999999999999
    endloop
  endfacet
  facet normal 0 0 1
    outer loop
      vertex 18 -117.70000000298023 8.899999999999999
      vertex 18 -120 8.899999999999999
      vertex 26 -117.70000000298023 8.899999999999999
    endloop
  endfacet
  facet normal 0 0 1
    outer loop
      vertex 18 -120 8.899999999999999
      vertex 26 -120 8.899999999999999
      vertex 26 -117.70000000298023 8.899999999999999
    endloop
  endfacet
  facet normal 0 -1 0
    outer loop
      vertex 18 -120 8.899999999999999
      vertex 18 -120 7.649999999999999
      vertex 26 -120 8.899999999999999
    endloop
  endfacet
  facet normal 0 -1 0
    outer loop
      vertex 18 -120 7.649999999999999
      vertex 26 -120 7.649999999999999
      vertex 26 -120 8.899999999999999
    endloop
  endfacet
  facet normal 1 0 0
    outer loop
      vertex 26 -117.70000000298023 8.899999999999999
      vertex 26 -120 8.899999999999999
      vertex 26 -117.70000000298023 5.350000002980231
    endloop
  endfacet
  facet normal 1 0 0
    outer loop
      vertex 26 -120 8.899999999999999
      vertex 26 -120 7.649999999999999
      vertex 26 -117.70000000298023 5.350000002980231
    endloop
  endfacet
  facet normal 0 -0.7071067811865475 -0.7071067811865475
    outer loop
      vertex 18 -120 7.649999999999999
      vertex 18 -117.70000000298023 5.350000002980231
      vertex 26 -120 7.649999999999999
    endloop
  endfacet
  facet normal 0 -0.7071067811865475 -0.7071067811865475
    outer loop
      vertex 26 -120 7.649999999999999
      vertex 18 -117.70000000298023 5.350000002980231
      vertex 26 -117.70000000298023 5.350000002980231
    endloop
  endfacet
  facet normal 0 0 1
    outer loop
      vertex 169.7 -117.70000000298023 8.899999999999999
      vertex 169.7 -120 8.899999999999999
      vertex 177.7 -117.70000000298023 8.899999999999999
    endloop
  endfacet
  facet normal -1 0 0
    outer loop
      vertex 169.7 -117.70000000298023 8.899999999999999
      vertex 169.7 -120 7.649999999999999
      vertex 169.7 -120 8.899999999999999
    endloop
  endfacet
  facet normal 0 -1 0
    outer loop
      vertex 169.7 -120 8.899999999999999
      vertex 169.7 -120 7.649999999999999
      vertex 177.7 -120 8.899999999999999
    endloop
  endfacet
  facet normal -1 0 0
    outer loop
      vertex 169.7 -117.70000000298023 8.899999999999999
      vertex 169.7 -117.70000000298023 5.350000002980231
      vertex 169.7 -120 7.649999999999999
    endloop
  endfacet
  facet normal 0 0 1
    outer loop
      vertex 169.7 -120 8.899999999999999
      vertex 177.7 -120 8.899999999999999
      vertex 177.7 -117.70000000298023 8.899999999999999
    endloop
  endfacet
  facet normal 0 -1 0
    outer loop
      vertex 169.7 -120 7.649999999999999
      vertex 177.7 -120 7.649999999999999
      vertex 177.7 -120 8.899999999999999
    endloop
  endfacet
  facet normal 1 0 0
    outer loop
      vertex 177.7 -117.70000000298023 8.899999999999999
      vertex 177.7 -120 8.899999999999999
      vertex 177.7 -117.70000000298023 5.350000002980231
    endloop
  endfacet
  facet normal 1 0 0
    outer loop
      vertex 177.7 -120 8.899999999999999
      vertex 177.7 -120 7.649999999999999
      vertex 177.7 -117.70000000298023 5.350000002980231
    endloop
  endfacet
  facet normal 0 -0.7071067811865475 -0.7071067811865475
    outer loop
      vertex 169.7 -120 7.649999999999999
      vertex 169.7 -117.70000000298023 5.350000002980231
      vertex 177.7 -120 7.649999999999999
    endloop
  endfacet
  facet normal 0 -0.7071067811865475 -0.7071067811865475
    outer loop
      vertex 177.7 -120 7.649999999999999
      vertex 169.7 -117.70000000298023 5.350000002980231
      vertex 177.7 -117.70000000298023 5.350000002980231
    endloop
  endfacet
  facet normal 0 0 1
    outer loop
      vertex 88 -117.70000000298023 8.899999999999999
      vertex 88 -120 8.899999999999999
      vertex 96 -117.70000000298023 8.899999999999999
    endloop
  endfacet
  facet normal 0 0 1
    outer loop
      vertex 88 -120 8.899999999999999
      vertex 96 -120 8.899999999999999
      vertex 96 -117.70000000298023 8.899999999999999
    endloop
  endfacet
  facet normal -1 0 0
    outer loop
      vertex 88 -117.70000000298023 8.899999999999999
      vertex 88 -120 7.649999999999999
      vertex 88 -120 8.899999999999999
    endloop
  endfacet
  facet normal 0 -1 0
    outer loop
      vertex 88 -120 8.899999999999999
      vertex 88 -120 7.649999999999999
      vertex 96 -120 8.899999999999999
    endloop
  endfacet
  facet normal 0 -1 0
    outer loop
      vertex 88 -120 7.649999999999999
      vertex 96 -120 7.649999999999999
      vertex 96 -120 8.899999999999999
    endloop
  endfacet
  facet normal -1 0 0
    outer loop
      vertex 88 -117.70000000298023 8.899999999999999
      vertex 88 -117.70000000298023 5.350000002980231
      vertex 88 -120 7.649999999999999
    endloop
  endfacet
  facet normal 0 -0.7071067811865475 -0.7071067811865475
    outer loop
      vertex 88 -120 7.649999999999999
      vertex 88 -117.70000000298023 5.350000002980231
      vertex 96 -120 7.649999999999999
    endloop
  endfacet
  facet normal 0 -0.7071067811865475 -0.7071067811865475
    outer loop
      vertex 88 -117.70000000298023 5.350000002980231
      vertex 96 -117.70000000298023 5.350000002980231
      vertex 96 -120 7.649999999999999
    endloop
  endfacet
  facet normal 1 0 0
    outer loop
      vertex 96 -117.70000000298023 8.899999999999999
      vertex 96 -120 8.899999999999999
      vertex 96 -117.70000000298023 5.350000002980231
    endloop
  endfacet
  facet normal 1 0 0
    outer loop
      vertex 96 -120 8.899999999999999
      vertex 96 -120 7.649999999999999
      vertex 96 -117.70000000298023 5.350000002980231
    endloop
  endfacet
  facet normal 0 1 0
    outer loop
      vertex 10.299999997019768 -0.29999999701976776 9.399999999999999
      vertex 18 -0.29999999701976776 8.899999999999999
      vertex 18 -0.29999999701976776 5.350000002980231
    endloop
  endfacet
  facet normal 0 0 1
    outer loop
      vertex 10.299999997019768 -0.29999999701976776 9.399999999999999
      vertex 10.299999997019768 -49.79999999701977 9.399999999999999
      vertex 11.899999998509884 -1.8999999985098839 9.399999999999999
    endloop
  endfacet
  facet normal 1 0 0
    outer loop
      vertex 11.899999998509884 -1.8999999985098839 9.399999999999999
      vertex 11.899999998509884 -49.79999999701977 9.399999999999999
      vertex 11.899999998509884 -1.8999999985098839 2.3999999999999986
    endloop
  endfacet
  facet normal 0 1 0
    outer loop
      vertex 10.299999997019768 -0.29999999701976776 9.399999999999999
      vertex 18 -0.29999999701976776 5.350000002980231
      vertex 10.299999997019768 -0.29999999701976776 2.3999999999999986
    endloop
  endfacet
  facet normal -1 0 0
    outer loop
      vertex 10.299999997019768 -0.29999999701976776 9.399999999999999
      vertex 10.299999997019768 -0.29999999701976776 2.3999999999999986
      vertex 10.299999997019768 -49.79999999701977 2.3999999999999986
    endloop
  endfacet
  facet normal 0 1 0
    outer loop
      vertex 26 -0.29999999701976776 5.350000002980231
      vertex 88 -0.29999999701976776 8.899999999999999
      vertex 10.299999997019768 -0.29999999701976776 2.3999999999999986
    endloop
  endfacet
  facet normal 0 0 1
    outer loop
      vertex 11.899999998509884 -1.8999999985098839 9.399999999999999
      vertex 10.299999997019768 -49.79999999701977 9.399999999999999
      vertex 11.899999998509884 -49.79999999701977 9.399999999999999
    endloop
  endfacet
  facet normal -1 0 0
    outer loop
      vertex 10.299999997019768 -0.29999999701976776 9.399999999999999
      vertex 10.299999997019768 -49.79999999701977 2.3999999999999986
      vertex 10.299999997019768 -49.79999999701977 9.399999999999999
    endloop
  endfacet
  facet normal 0 -1 0
    outer loop
      vertex 10.299999997019768 -49.79999999701977 9.399999999999999
      vertex 11.899999998509884 -49.79999999701977 2.3999999999999986
      vertex 11.899999998509884 -49.79999999701977 9.399999999999999
    endloop
  endfacet
  facet normal 1 0 0
    outer loop
      vertex 11.899999998509884 -49.79999999701977 9.399999999999999
      vertex 11.899999998509884 -49.79999999701977 2.3999999999999986
      vertex 11.899999998509884 -1.8999999985098839 2.3999999999999986
    endloop
  endfacet
  facet normal 0 -1 0
    outer loop
      vertex 10.299999997019768 -49.79999999701977 9.399999999999999
      vertex 10.299999997019768 -49.79999999701977 2.3999999999999986
      vertex 11.899999998509884 -49.79999999701977 2.3999999999999986
    endloop
  endfacet
  facet normal 0 0 1
    outer loop
      vertex 10.299999997019768 -0.29999999701976776 9.399999999999999
      vertex 11.899999998509884 -1.8999999985098839 9.399999999999999
      vertex 183.70000000298023 -0.29999999701976776 9.399999999999999
    endloop
  endfacet
  facet normal 0 1 0
    outer loop
      vertex 26 -0.29999999701976776 8.899999999999999
      vertex 88 -0.29999999701976776 8.899999999999999
      vertex 26 -0.29999999701976776 5.350000002980231
    endloop
  endfacet
  facet normal 0 1 0
    outer loop
      vertex 10.299999997019768 -0.29999999701976776 9.399999999999999
      vertex 183.70000000298023 -0.29999999701976776 9.399999999999999
      vertex 18 -0.29999999701976776 8.899999999999999
    endloop
  endfacet
  facet normal 0 1 0
    outer loop
      vertex 18 -0.29999999701976776 8.899999999999999
      vertex 183.70000000298023 -0.29999999701976776 9.399999999999999
      vertex 26 -0.29999999701976776 8.899999999999999
    endloop
  endfacet
  facet normal 0 1 0
    outer loop
      vertex 88 -0.29999999701976776 8.899999999999999
      vertex 88 -0.29999999701976776 5.350000002980231
      vertex 10.299999997019768 -0.29999999701976776 2.3999999999999986
    endloop
  endfacet
  facet normal 0 -1 0
    outer loop
      vertex 11.899999998509884 -1.8999999985098839 9.399999999999999
      vertex 11.899999998509884 -1.8999999985098839 2.3999999999999986
      vertex 181.79999999701977 -1.8999999985098839 2.3999999999999986
    endloop
  endfacet
  facet normal 0 1 0
    outer loop
      vertex 18 -0.29999999701976776 5.350000002980231
      vertex 26 -0.29999999701976776 5.350000002980231
      vertex 10.299999997019768 -0.29999999701976776 2.3999999999999986
    endloop
  endfacet
  facet normal 0 1 0
    outer loop
      vertex 88 -0.29999999701976776 5.350000002980231
      vertex 96 -0.29999999701976776 5.350000002980231
      vertex 10.299999997019768 -0.29999999701976776 2.3999999999999986
    endloop
  endfacet
  facet normal 0 1 0
    outer loop
      vertex 10.299999997019768 -0.29999999701976776 2.3999999999999986
      vertex 96 -0.29999999701976776 5.350000002980231
      vertex 169.7 -0.29999999701976776 5.350000002980231
    endloop
  endfacet
  facet normal 0 1 0
    outer loop
      vertex 10.299999997019768 -68.20000000298023 9.399999999999999
      vertex 11.899999998509884 -68.20000000298023 9.399999999999999
      vertex 10.299999997019768 -68.20000000298023 2.3999999999999986
    endloop
  endfacet
  facet normal 0 0 1
    outer loop
      vertex 10.299999997019768 -68.20000000298023 9.399999999999999
      vertex 11.899999998509884 -116.10000000149012 9.399999999999999
      vertex 11.899999998509884 -68.20000000298023 9.399999999999999
    endloop
  endfacet
  facet normal 1 0 0
    outer loop
      vertex 11.899999998509884 -68.20000000298023 9.399999999999999
      vertex 11.899999998509884 -116.10000000149012 9.399999999999999
      vertex 11.899999998509884 -68.20000000298023 2.3999999999999986
    endloop
  endfacet
  facet normal 0 1 0
    outer loop
      vertex 11.899999998509884 -68.20000000298023 9.399999999999999
      vertex 11.899999998509884 -68.20000000298023 2.3999999999999986
      vertex 10.299999997019768 -68.20000000298023 2.3999999999999986
    endloop
  endfacet
  facet normal -1 0 0
    outer loop
      vertex 10.299999997019768 -68.20000000298023 9.399999999999999
      vertex 10.299999997019768 -68.20000000298023 2.3999999999999986
      vertex 10.299999997019768 -117.70000000298023 2.3999999999999986
    endloop
  endfacet
  facet normal 0 0 1
    outer loop
      vertex 10.299999997019768 -68.20000000298023 9.399999999999999
      vertex 10.299999997019768 -117.70000000298023 9.399999999999999
      vertex 11.899999998509884 -116.10000000149012 9.399999999999999
    endloop
  endfacet
  facet normal -1 0 0
    outer loop
      vertex 10.299999997019768 -68.20000000298023 9.399999999999999
      vertex 10.299999997019768 -117.70000000298023 2.3999999999999986
      vertex 10.299999997019768 -117.70000000298023 9.399999999999999
    endloop
  endfacet
  facet normal 0 -1 0
    outer loop
      vertex 10.299999997019768 -117.70000000298023 9.399999999999999
      vertex 18 -117.70000000298023 8.899999999999999
      vertex 26 -117.70000000298023 8.899999999999999
    endloop
  endfacet
  facet normal 1 0 0
    outer loop
      vertex 11.899999998509884 -116.10000000149012 9.399999999999999
      vertex 11.899999998509884 -116.10000000149012 2.3999999999999986
      vertex 11.899999998509884 -68.20000000298023 2.3999999999999986
    endloop
  endfacet
  facet normal 0 -1 0
    outer loop
      vertex 10.299999997019768 -117.70000000298023 9.399999999999999
      vertex 10.299999997019768 -117.70000000298023 2.3999999999999986
      vertex 18 -117.70000000298023 8.899999999999999
    endloop
  endfacet
  facet normal 0 -1 0
    outer loop
      vertex 18 -117.70000000298023 8.899999999999999
      vertex 10.299999997019768 -117.70000000298023 2.3999999999999986
      vertex 18 -117.70000000298023 5.350000002980231
    endloop
  endfacet
  facet normal 0 0 1
    outer loop
      vertex 11.899999998509884 -116.10000000149012 9.399999999999999
      vertex 10.299999997019768 -117.70000000298023 9.399999999999999
      vertex 183.70000000298023 -117.70000000298023 9.399999999999999
    endloop
  endfacet
  facet normal 0 -1 0
    outer loop
      vertex 26 -117.70000000298023 8.899999999999999
      vertex 26 -117.70000000298023 5.350000002980231
      vertex 88 -117.70000000298023 8.899999999999999
    endloop
  endfacet
  facet normal 0 1 0
    outer loop
      vertex 11.899999998509884 -116.10000000149012 9.399999999999999
      vertex 181.79999999701977 -116.10000000149012 9.399999999999999
      vertex 11.899999998509884 -116.10000000149012 2.3999999999999986
    endloop
  endfacet
  facet normal 0 -1 0
    outer loop
      vertex 10.299999997019768 -117.70000000298023 9.399999999999999
      vertex 26 -117.70000000298023 8.899999999999999
      vertex 183.70000000298023 -117.70000000298023 9.399999999999999
    endloop
  endfacet
  facet normal 0 -1 0
    outer loop
      vertex 26 -117.70000000298023 5.350000002980231
      vertex 88 -117.70000000298023 5.350000002980231
      vertex 88 -117.70000000298023 8.899999999999999
    endloop
  endfacet
  facet normal 0 -1 0
    outer loop
      vertex 18 -117.70000000298023 5.350000002980231
      vertex 10.299999997019768 -117.70000000298023 2.3999999999999986
      vertex 26 -117.70000000298023 5.350000002980231
    endloop
  endfacet
  facet normal 0 -1 0
    outer loop
      vertex 26 -117.70000000298023 5.350000002980231
      vertex 10.299999997019768 -117.70000000298023 2.3999999999999986
      vertex 88 -117.70000000298023 5.350000002980231
    endloop
  endfacet
  facet normal 0 -1 0
    outer loop
      vertex 88 -117.70000000298023 5.350000002980231
      vertex 10.299999997019768 -117.70000000298023 2.3999999999999986
      vertex 96 -117.70000000298023 5.350000002980231
    endloop
  endfacet
  facet normal 0 1 0
    outer loop
      vertex 26 -0.29999999701976776 8.899999999999999
      vertex 183.70000000298023 -0.29999999701976776 9.399999999999999
      vertex 88 -0.29999999701976776 8.899999999999999
    endloop
  endfacet
  facet normal 0 0 1
    outer loop
      vertex 11.899999998509884 -1.8999999985098839 9.399999999999999
      vertex 181.79999999701977 -1.8999999985098839 9.399999999999999
      vertex 183.70000000298023 -0.29999999701976776 9.399999999999999
    endloop
  endfacet
  facet normal 0 1 0
    outer loop
      vertex 88 -0.29999999701976776 8.899999999999999
      vertex 183.70000000298023 -0.29999999701976776 9.399999999999999
      vertex 96 -0.29999999701976776 8.899999999999999
    endloop
  endfacet
  facet normal 0 -1 0
    outer loop
      vertex 11.899999998509884 -1.8999999985098839 9.399999999999999
      vertex 181.79999999701977 -1.8999999985098839 2.3999999999999986
      vertex 181.79999999701977 -1.8999999985098839 9.399999999999999
    endloop
  endfacet
  facet normal 0 1 0
    outer loop
      vertex 96 -0.29999999701976776 8.899999999999999
      vertex 169.7 -0.29999999701976776 8.899999999999999
      vertex 169.7 -0.29999999701976776 5.350000002980231
    endloop
  endfacet
  facet normal 0 1 0
    outer loop
      vertex 96 -0.29999999701976776 8.899999999999999
      vertex 169.7 -0.29999999701976776 5.350000002980231
      vertex 96 -0.29999999701976776 5.350000002980231
    endloop
  endfacet
  facet normal 0 1 0
    outer loop
      vertex 96 -0.29999999701976776 8.899999999999999
      vertex 183.70000000298023 -0.29999999701976776 9.399999999999999
      vertex 169.7 -0.29999999701976776 8.899999999999999
    endloop
  endfacet
  facet normal 0 1 0
    outer loop
      vertex 169.7 -0.29999999701976776 8.899999999999999
      vertex 183.70000000298023 -0.29999999701976776 9.399999999999999
      vertex 177.7 -0.29999999701976776 8.899999999999999
    endloop
  endfacet
  facet normal 0 1 0
    outer loop
      vertex 177.7 -0.29999999701976776 8.899999999999999
      vertex 183.70000000298023 -0.29999999701976776 9.399999999999999
      vertex 183.70000000298023 -0.29999999701976776 2.3999999999999986
    endloop
  endfacet
  facet normal 0 1 0
    outer loop
      vertex 177.7 -0.29999999701976776 8.899999999999999
      vertex 183.70000000298023 -0.29999999701976776 2.3999999999999986
      vertex 177.7 -0.29999999701976776 5.350000002980231
    endloop
  endfacet
  facet normal 0 0 1
    outer loop
      vertex 183.70000000298023 -0.29999999701976776 9.399999999999999
      vertex 181.79999999701977 -1.8999999985098839 9.399999999999999
      vertex 183.70000000298023 -117.70000000298023 9.399999999999999
    endloop
  endfacet
  facet normal 1 0 0
    outer loop
      vertex 183.70000000298023 -0.29999999701976776 9.399999999999999
      vertex 183.70000000298023 -117.70000000298023 9.399999999999999
      vertex 183.70000000298023 -0.29999999701976776 2.3999999999999986
    endloop
  endfacet
  facet normal -1 0 0
    outer loop
      vertex 181.79999999701977 -1.8999999985098839 9.399999999999999
      vertex 181.79999999701977 -1.8999999985098839 2.3999999999999986
      vertex 181.79999999701977 -116.10000000149012 2.3999999999999986
    endloop
  endfacet
  facet normal 0 1 0
    outer loop
      vertex 10.299999997019768 -0.29999999701976776 2.3999999999999986
      vertex 169.7 -0.29999999701976776 5.350000002980231
      vertex 177.7 -0.29999999701976776 5.350000002980231
    endloop
  endfacet
  facet normal 0 1 0
    outer loop
      vertex 10.299999997019768 -0.29999999701976776 2.3999999999999986
      vertex 177.7 -0.29999999701976776 5.350000002980231
      vertex 183.70000000298023 -0.29999999701976776 2.3999999999999986
    endloop
  endfacet
  facet normal 0 -1 0
    outer loop
      vertex 26 -117.70000000298023 8.899999999999999
      vertex 88 -117.70000000298023 8.899999999999999
      vertex 183.70000000298023 -117.70000000298023 9.399999999999999
    endloop
  endfacet
  facet normal 0 0 1
    outer loop
      vertex 11.899999998509884 -116.10000000149012 9.399999999999999
      vertex 183.70000000298023 -117.70000000298023 9.399999999999999
      vertex 181.79999999701977 -116.10000000149012 9.399999999999999
    endloop
  endfacet
  facet normal 0 -1 0
    outer loop
      vertex 88 -117.70000000298023 8.899999999999999
      vertex 96 -117.70000000298023 8.899999999999999
      vertex 183.70000000298023 -117.70000000298023 9.399999999999999
    endloop
  endfacet
  facet normal 0 -1 0
    outer loop
      vertex 96 -117.70000000298023 8.899999999999999
      vertex 169.7 -117.70000000298023 5.350000002980231
      vertex 169.7 -117.70000000298023 8.899999999999999
    endloop
  endfacet
  facet normal 0 -1 0
    outer loop
      vertex 96 -117.70000000298023 8.899999999999999
      vertex 96 -117.70000000298023 5.350000002980231
      vertex 183.70000000298023 -117.70000000298023 2.3999999999999986
    endloop
  endfacet
  facet normal 0 1 0
    outer loop
      vertex 11.899999998509884 -116.10000000149012 2.3999999999999986
      vertex 181.79999999701977 -116.10000000149012 9.399999999999999
      vertex 181.79999999701977 -116.10000000149012 2.3999999999999986
    endloop
  endfacet
  facet normal 0 0 1
    outer loop
      vertex 181.79999999701977 -1.8999999985098839 9.399999999999999
      vertex 181.79999999701977 -116.10000000149012 9.399999999999999
      vertex 183.70000000298023 -117.70000000298023 9.399999999999999
    endloop
  endfacet
  facet normal -1 0 0
    outer loop
      vertex 181.79999999701977 -1.8999999985098839 9.399999999999999
      vertex 181.79999999701977 -116.10000000149012 2.3999999999999986
      vertex 181.79999999701977 -116.10000000149012 9.399999999999999
    endloop
  endfacet
  facet normal 1 0 0
    outer loop
      vertex 183.70000000298023 -0.29999999701976776 2.3999999999999986
      vertex 183.70000000298023 -117.70000000298023 9.399999999999999
      vertex 183.70000000298023 -117.70000000298023 2.3999999999999986
    endloop
  endfacet
  facet normal 0 -1 0
    outer loop
      vertex 96 -117.70000000298023 8.899999999999999
      vertex 169.7 -117.70000000298023 8.899999999999999
      vertex 183.70000000298023 -117.70000000298023 9.399999999999999
    endloop
  endfacet
  facet normal 0 -1 0
    outer loop
      vertex 169.7 -117.70000000298023 8.899999999999999
      vertex 177.7 -117.70000000298023 8.899999999999999
      vertex 183.70000000298023 -117.70000000298023 9.399999999999999
    endloop
  endfacet
  facet normal 0 -1 0
    outer loop
      vertex 177.7 -117.70000000298023 8.899999999999999
      vertex 177.7 -117.70000000298023 5.350000002980231
      vertex 183.70000000298023 -117.70000000298023 9.399999999999999
    endloop
  endfacet
  facet normal 0 -1 0
    outer loop
      vertex 96 -117.70000000298023 8.899999999999999
      vertex 183.70000000298023 -117.70000000298023 2.3999999999999986
      vertex 169.7 -117.70000000298023 5.350000002980231
    endloop
  endfacet
  facet normal 0 -1 0
    outer loop
      vertex 183.70000000298023 -117.70000000298023 9.399999999999999
      vertex 177.7 -117.70000000298023 5.350000002980231
      vertex 183.70000000298023 -117.70000000298023 2.3999999999999986
    endloop
  endfacet
  facet normal 0 -1 0
    outer loop
      vertex 10.299999997019768 -117.70000000298023 2.3999999999999986
      vertex 183.70000000298023 -117.70000000298023 2.3999999999999986
      vertex 96 -117.70000000298023 5.350000002980231
    endloop
  endfacet
  facet normal 0 -1 0
    outer loop
      vertex 169.7 -117.70000000298023 5.350000002980231
      vertex 183.70000000298023 -117.70000000298023 2.3999999999999986
      vertex 177.7 -117.70000000298023 5.350000002980231
    endloop
  endfacet
  facet normal 0 0 1
    outer loop
      vertex -1.7800600230693817 1.2262842878699303 2.3999999999999986
      vertex 10.299999997019768 -49.79999999701977 2.3999999999999986
      vertex -1.5213203430175781 1.5213203430175781 2.3999999999999986
    endloop
  endfacet
  facet normal 0 0 1
    outer loop
      vertex -0.8999999985098839 1.99807620793581 2.3999999999999986
      vertex -1.2262842878699303 1.7800600230693817 2.3999999999999986
      vertex 10.299999997019768 -49.79999999701977 2.3999999999999986
    endloop
  endfacet
  facet normal 0 0 1
    outer loop
      vertex -0.8999999985098839 1.99807620793581 2.3999999999999986
      vertex 10.299999997019768 -49.79999999701977 2.3999999999999986
      vertex -0.5480502992868423 2.1716385930776596 2.3999999999999986
    endloop
  endfacet
  facet normal 0 0 1
    outer loop
      vertex -0.5480502992868423 2.1716385930776596 2.3999999999999986
      vertex 10.299999997019768 -49.79999999701977 2.3999999999999986
      vertex -0.17645713686943054 2.297777473926544 2.3999999999999986
    endloop
  endfacet
  facet normal 0 0 1
    outer loop
      vertex -1.2262842878699303 1.7800600230693817 2.3999999999999986
      vertex -1.5213203430175781 1.5213203430175781 2.3999999999999986
      vertex 10.299999997019768 -49.79999999701977 2.3999999999999986
    endloop
  endfacet
  facet normal 0 0 1
    outer loop
      vertex -1.7800600230693817 1.2262842878699303 2.3999999999999986
      vertex -1.99807620793581 0.8999999985098839 2.3999999999999986
      vertex 10.299999997019768 -49.79999999701977 2.3999999999999986
    endloop
  endfacet
  facet normal 0 0 1
    outer loop
      vertex -2.1716385930776596 0.5480502992868423 2.3999999999999986
      vertex 10.299999997019768 -49.79999999701977 2.3999999999999986
      vertex -1.99807620793581 0.8999999985098839 2.3999999999999986
    endloop
  endfacet
  facet normal 0 0 1
    outer loop
      vertex -2.1716385930776596 0.5480502992868423 2.3999999999999986
      vertex -2.297777473926544 0.17645713686943054 2.3999999999999986
      vertex 10.299999997019768 -49.79999999701977 2.3999999999999986
    endloop
  endfacet
  facet normal 0 0 1
    outer loop
      vertex -2.297777473926544 0.17645713686943054 2.3999999999999986
      vertex -2.374334581196308 -0.20842142403125763 2.3999999999999986
      vertex 10.299999997019768 -49.79999999701977 2.3999999999999986
    endloop
  endfacet
  facet normal 0 0 1
    outer loop
      vertex -0.17645713686943054 2.297777473926544 2.3999999999999986
      vertex 10.299999997019768 -49.79999999701977 2.3999999999999986
      vertex 0.20842142403125763 2.374334581196308 2.3999999999999986
    endloop
  endfacet
  facet normal 0 0 1
    outer loop
      vertex 0.20842142403125763 2.374334581196308 2.3999999999999986
      vertex 10.299999997019768 -49.79999999701977 2.3999999999999986
      vertex 0.6000000014901161 2.399999998509884 2.3999999999999986
    endloop
  endfacet
  facet normal 0 0 1
    outer loop
      vertex -2.374334581196308 -0.20842142403125763 2.3999999999999986
      vertex -2.399999998509884 -0.6000000014901161 2.3999999999999986
      vertex 10.299999997019768 -49.79999999701977 2.3999999999999986
    endloop
  endfacet
  facet normal 0 0 1
    outer loop
      vertex 0.6000000014901161 2.399999998509884 2.3999999999999986
      vertex 10.299999997019768 -49.79999999701977 2.3999999999999986
      vertex 10.299999997019768 -0.29999999701976776 2.3999999999999986
    endloop
  endfacet
  facet normal -0.7518398024852507 0.6593458207943228 0
    outer loop
      vertex -1.7800600230693817 1.2262842878699303 2.3999999999999986
      vertex -1.5213203430175781 1.5213203430175781 2.3999999999999986
      vertex -1.7800600230693817 1.2262842878699303 0
    endloop
  endfacet
  facet normal -0.8314696207458844 0.5555702203832522 0
    outer loop
      vertex -1.7800600230693817 1.2262842878699303 2.3999999999999986
      vertex -1.99807620793581 0.8999999985098839 0
      vertex -1.99807620793581 0.8999999985098839 2.3999999999999986
    endloop
  endfacet
  facet normal -0.8968727407473451 0.4422886918115197 0
    outer loop
      vertex -2.1716385930776596 0.5480502992868423 2.3999999999999986
      vertex -1.99807620793581 0.8999999985098839 2.3999999999999986
      vertex -2.1716385930776596 0.5480502992868423 0
    endloop
  endfacet
  facet normal -0.6593458207943228 0.7518398024852507 0
    outer loop
      vertex -1.2262842878699303 1.7800600230693817 2.3999999999999986
      vertex -1.5213203430175781 1.5213203430175781 0
      vertex -1.5213203430175781 1.5213203430175781 2.3999999999999986
    endloop
  endfacet
  facet normal -0.5555702203832522 0.8314696207458844 0
    outer loop
      vertex -0.8999999985098839 1.99807620793581 2.3999999999999986
      vertex -1.2262842878699303 1.7800600230693817 0
      vertex -1.2262842878699303 1.7800600230693817 2.3999999999999986
    endloop
  endfacet
  facet normal -0.3214394637077385 0.9469301300366788 0
    outer loop
      vertex -0.5480502992868423 2.1716385930776596 2.3999999999999986
      vertex -0.17645713686943054 2.297777473926544 2.3999999999999986
      vertex -0.5480502992868423 2.1716385930776596 0
    endloop
  endfacet
  facet normal -0.4422886918115197 0.8968727407473451 0
    outer loop
      vertex -0.8999999985098839 1.99807620793581 2.3999999999999986
      vertex -0.5480502992868423 2.1716385930776596 2.3999999999999986
      vertex -0.8999999985098839 1.99807620793581 0
    endloop
  endfacet
  facet normal -0.19509032585814406 0.980785279639006 0
    outer loop
      vertex -0.17645713686943054 2.297777473926544 2.3999999999999986
      vertex 0.20842142403125763 2.374334581196308 2.3999999999999986
      vertex -0.17645713686943054 2.297777473926544 0
    endloop
  endfacet
  facet normal -0.9469301300366788 0.3214394637077385 0
    outer loop
      vertex -2.1716385930776596 0.5480502992868423 2.3999999999999986
      vertex -2.297777473926544 0.17645713686943054 0
      vertex -2.297777473926544 0.17645713686943054 2.3999999999999986
    endloop
  endfacet
  facet normal -0.980785279639006 0.19509032585814406 0
    outer loop
      vertex -2.297777473926544 0.17645713686943054 2.3999999999999986
      vertex -2.374334581196308 -0.20842142403125763 0
      vertex -2.374334581196308 -0.20842142403125763 2.3999999999999986
    endloop
  endfacet
  facet normal -0.9978589230086541 0.06540313273849395 0
    outer loop
      vertex -2.374334581196308 -0.20842142403125763 2.3999999999999986
      vertex -2.399999998509884 -0.6000000014901161 0
      vertex -2.399999998509884 -0.6000000014901161 2.3999999999999986
    endloop
  endfacet
  facet normal -0.06540313273849395 0.9978589230086541 0
    outer loop
      vertex 0.20842142403125763 2.374334581196308 2.3999999999999986
      vertex 0.6000000014901161 2.399999998509884 2.3999999999999986
      vertex 0.20842142403125763 2.374334581196308 0
    endloop
  endfacet
  facet normal -0.7518398024852507 0.6593458207943228 0
    outer loop
      vertex -1.5213203430175781 1.5213203430175781 2.3999999999999986
      vertex -1.5213203430175781 1.5213203430175781 0
      vertex -1.7800600230693817 1.2262842878699303 0
    endloop
  endfacet
  facet normal -0.8314696207458844 0.5555702203832522 0
    outer loop
      vertex -1.7800600230693817 1.2262842878699303 2.3999999999999986
      vertex -1.7800600230693817 1.2262842878699303 0
      vertex -1.99807620793581 0.8999999985098839 0
    endloop
  endfacet
  facet normal -0.8968727407473451 0.4422886918115197 0
    outer loop
      vertex -1.99807620793581 0.8999999985098839 2.3999999999999986
      vertex -1.99807620793581 0.8999999985098839 0
      vertex -2.1716385930776596 0.5480502992868423 0
    endloop
  endfacet
  facet normal -0.5555702203832522 0.8314696207458844 0
    outer loop
      vertex -0.8999999985098839 1.99807620793581 2.3999999999999986
      vertex -0.8999999985098839 1.99807620793581 0
      vertex -1.2262842878699303 1.7800600230693817 0
    endloop
  endfacet
  facet normal -0.6593458207943228 0.7518398024852507 0
    outer loop
      vertex -1.2262842878699303 1.7800600230693817 2.3999999999999986
      vertex -1.2262842878699303 1.7800600230693817 0
      vertex -1.5213203430175781 1.5213203430175781 0
    endloop
  endfacet
  facet normal -0.4422886918115197 0.8968727407473451 0
    outer loop
      vertex -0.5480502992868423 2.1716385930776596 2.3999999999999986
      vertex -0.5480502992868423 2.1716385930776596 0
      vertex -0.8999999985098839 1.99807620793581 0
    endloop
  endfacet
  facet normal -0.3214394637077385 0.9469301300366788 0
    outer loop
      vertex -0.17645713686943054 2.297777473926544 2.3999999999999986
      vertex -0.17645713686943054 2.297777473926544 0
      vertex -0.5480502992868423 2.1716385930776596 0
    endloop
  endfacet
  facet normal -0.9469301300366788 0.3214394637077385 0
    outer loop
      vertex -2.1716385930776596 0.5480502992868423 2.3999999999999986
      vertex -2.1716385930776596 0.5480502992868423 0
      vertex -2.297777473926544 0.17645713686943054 0
    endloop
  endfacet
  facet normal -0.980785279639006 0.19509032585814406 0
    outer loop
      vertex -2.297777473926544 0.17645713686943054 2.3999999999999986
      vertex -2.297777473926544 0.17645713686943054 0
      vertex -2.374334581196308 -0.20842142403125763 0
    endloop
  endfacet
  facet normal -0.9978589230086541 0.06540313273849395 0
    outer loop
      vertex -2.374334581196308 -0.20842142403125763 2.3999999999999986
      vertex -2.374334581196308 -0.20842142403125763 0
      vertex -2.399999998509884 -0.6000000014901161 0
    endloop
  endfacet
  facet normal -0.19509032585814406 0.980785279639006 0
    outer loop
      vertex 0.20842142403125763 2.374334581196308 2.3999999999999986
      vertex 0.20842142403125763 2.374334581196308 0
      vertex -0.17645713686943054 2.297777473926544 0
    endloop
  endfacet
  facet normal -0.06540313273849395 0.9978589230086541 0
    outer loop
      vertex 0.6000000014901161 2.399999998509884 2.3999999999999986
      vertex 0.6000000014901161 2.399999998509884 0
      vertex 0.20842142403125763 2.374334581196308 0
    endloop
  endfacet
  facet normal -1 0 0
    outer loop
      vertex -2.399999998509884 -0.6000000014901161 2.3999999999999986
      vertex -2.399999998509884 -0.6000000014901161 0
      vertex -2.399999998509884 -50.79999999701977 0
    endloop
  endfacet
  facet normal 0 0 -1
    outer loop
      vertex -0.8999999985098839 1.99807620793581 0
      vertex 30.36737609654665 -50.51307564973831 0
      vertex -1.2262842878699303 1.7800600230693817 0
    endloop
  endfacet
  facet normal 0 0 -1
    outer loop
      vertex -1.2262842878699303 1.7800600230693817 0
      vertex 30.36737609654665 -50.51307564973831 0
      vertex -1.5213203430175781 1.5213203430175781 0
    endloop
  endfacet
  facet normal 0 0 -1
    outer loop
      vertex -2.1716385930776596 0.5480502992868423 0
      vertex -1.99807620793581 0.8999999985098839 0
      vertex 30.36737609654665 -50.51307564973831 0
    endloop
  endfacet
  facet normal 0 0 -1
    outer loop
      vertex -2.1716385930776596 0.5480502992868423 0
      vertex 30.36737609654665 -50.51307564973831 0
      vertex -2.297777473926544 0.17645713686943054 0
    endloop
  endfacet
  facet normal 0 0 -1
    outer loop
      vertex -1.7800600230693817 1.2262842878699303 0
      vertex -1.5213203430175781 1.5213203430175781 0
      vertex 30.36737609654665 -50.51307564973831 0
    endloop
  endfacet
  facet normal 0 0 -1
    outer loop
      vertex -1.7800600230693817 1.2262842878699303 0
      vertex 30.36737609654665 -50.51307564973831 0
      vertex -1.99807620793581 0.8999999985098839 0
    endloop
  endfacet
  facet normal 0 0 -1
    outer loop
      vertex -0.5480502992868423 2.1716385930776596 0
      vertex -0.17645713686943054 2.297777473926544 0
      vertex 30.36737609654665 -50.51307564973831 0
    endloop
  endfacet
  facet normal 0 0 -1
    outer loop
      vertex -0.17645713686943054 2.297777473926544 0
      vertex 0.20842142403125763 2.374334581196308 0
      vertex 30.36737609654665 -50.51307564973831 0
    endloop
  endfacet
  facet normal 0 0 -1
    outer loop
      vertex 0.20842142403125763 2.374334581196308 0
      vertex 0.6000000014901161 2.399999998509884 0
      vertex 30.36737609654665 -50.51307564973831 0
    endloop
  endfacet
  facet normal 0 0 -1
    outer loop
      vertex -0.8999999985098839 1.99807620793581 0
      vertex -0.5480502992868423 2.1716385930776596 0
      vertex 30.36737609654665 -50.51307564973831 0
    endloop
  endfacet
  facet normal 0 0 -1
    outer loop
      vertex -2.297777473926544 0.17645713686943054 0
      vertex 30.36737609654665 -50.51307564973831 0
      vertex -2.374334581196308 -0.20842142403125763 0
    endloop
  endfacet
  facet normal 0 0 -1
    outer loop
      vertex -2.374334581196308 -0.20842142403125763 0
      vertex 30.36737609654665 -50.51307564973831 0
      vertex -2.399999998509884 -0.6000000014901161 0
    endloop
  endfacet
  facet normal 0 0 1
    outer loop
      vertex -2.399999998509884 -0.6000000014901161 2.3999999999999986
      vertex -2.399999998509884 -50.79999999701977 2.3999999999999986
      vertex 10.299999997019768 -49.79999999701977 2.3999999999999986
    endloop
  endfacet
  facet normal 0 0 1
    outer loop
      vertex 11.899999998509884 -1.8999999985098839 2.3999999999999986
      vertex 11.899999998509884 -49.79999999701977 2.3999999999999986
      vertex 29.2520520016551 -50.79999999701977 2.3999999999999986
    endloop
  endfacet
  facet normal 0 0 1
    outer loop
      vertex -6.399999998509884 -52 2.3999999999999986
      vertex 0.3999999985098839 -63 2.3999999999999986
      vertex 0.3999999985098839 -55 2.3999999999999986
    endloop
  endfacet
  facet normal 0 0 1
    outer loop
      vertex -2.399999998509884 -50.79999999701977 2.3999999999999986
      vertex 29.2520520016551 -50.79999999701977 2.3999999999999986
      vertex 10.299999997019768 -49.79999999701977 2.3999999999999986
    endloop
  endfacet
  facet normal 0 0 1
    outer loop
      vertex 10.299999997019768 -49.79999999701977 2.3999999999999986
      vertex 29.2520520016551 -50.79999999701977 2.3999999999999986
      vertex 11.899999998509884 -49.79999999701977 2.3999999999999986
    endloop
  endfacet
  facet normal 0 0 1
    outer loop
      vertex -6.399999998509884 -52 2.3999999999999986
      vertex 0.3999999985098839 -55 2.3999999999999986
      vertex 29.2520520016551 -52 2.3999999999999986
    endloop
  endfacet
  facet normal 0 0 1
    outer loop
      vertex 0.3999999985098839 -55 2.3999999999999986
      vertex 3.3900497518191215 -55 2.3999999999999986
      vertex 29.2520520016551 -52 2.3999999999999986
    endloop
  endfacet
  facet normal 0 0 1
    outer loop
      vertex 11.899999998509884 -1.8999999985098839 2.3999999999999986
      vertex 29.2520520016551 -50.79999999701977 2.3999999999999986
      vertex 29.32117749005556 -50.721177488565445 2.3999999999999986
    endloop
  endfacet
  facet normal 0 0 1
    outer loop
      vertex 11.899999998509884 -1.8999999985098839 2.3999999999999986
      vertex 29.32117749005556 -50.721177488565445 2.3999999999999986
      vertex 29.415589027106762 -50.63838079571724 2.3999999999999986
    endloop
  endfacet
  facet normal 0 0 1
    outer loop
      vertex 11.899999998509884 -1.8999999985098839 2.3999999999999986
      vertex 29.63262390345335 -50.51307564973831 2.3999999999999986
      vertex 29.751533716917038 -50.47271120548248 2.3999999999999986
    endloop
  endfacet
  facet normal 0 0 1
    outer loop
      vertex 11.899999998509884 -1.8999999985098839 2.3999999999999986
      vertex 29.751533716917038 -50.47271120548248 2.3999999999999986
      vertex 29.874694854021072 -50.44821293652058 2.3999999999999986
    endloop
  endfacet
  facet normal 0 0 1
    outer loop
      vertex 11.899999998509884 -1.8999999985098839 2.3999999999999986
      vertex 29.874694854021072 -50.44821293652058 2.3999999999999986
      vertex 30 -50.439999997615814 2.3999999999999986
    endloop
  endfacet
  facet normal 0 0 1
    outer loop
      vertex 11.899999998509884 -1.8999999985098839 2.3999999999999986
      vertex 29.415589027106762 -50.63838079571724 2.3999999999999986
      vertex 29.520000003278255 -50.56861561536789 2.3999999999999986
    endloop
  endfacet
  facet normal 0 0 1
    outer loop
      vertex 11.899999998509884 -1.8999999985098839 2.3999999999999986
      vertex 29.520000003278255 -50.56861561536789 2.3999999999999986
      vertex 29.63262390345335 -50.51307564973831 2.3999999999999986
    endloop
  endfacet
  facet normal 0 0 1
    outer loop
      vertex 11.899999998509884 -1.8999999985098839 2.3999999999999986
      vertex 30 -50.439999997615814 2.3999999999999986
      vertex 30.125305145978928 -50.44821293652058 2.3999999999999986
    endloop
  endfacet
  facet normal 0 0 1
    outer loop
      vertex 11.899999998509884 -1.8999999985098839 2.3999999999999986
      vertex 30.125305145978928 -50.44821293652058 2.3999999999999986
      vertex 30.248466283082962 -50.47271120548248 2.3999999999999986
    endloop
  endfacet
  facet normal 0 0 1
    outer loop
      vertex 11.899999998509884 -1.8999999985098839 2.3999999999999986
      vertex 30.248466283082962 -50.47271120548248 2.3999999999999986
      vertex 30.36737609654665 -50.51307564973831 2.3999999999999986
    endloop
  endfacet
  facet normal 0 0 1
    outer loop
      vertex 3.3900497518191215 -55 2.3999999999999986
      vertex 29.2520520016551 -66 2.3999999999999986
      vertex 29.2520520016551 -52 2.3999999999999986
    endloop
  endfacet
  facet normal 0 0 1
    outer loop
      vertex 29.2520520016551 -52 2.3999999999999986
      vertex 29.32117749005556 -65.92117749154568 2.3999999999999986
      vertex 29.32117749005556 -52.07882250845432 2.3999999999999986
    endloop
  endfacet
  facet normal 0 0 1
    outer loop
      vertex 29.32117749005556 -52.07882250845432 2.3999999999999986
      vertex 29.415589027106762 -65.83838079124689 2.3999999999999986
      vertex 29.415589027106762 -52.16161920875311 2.3999999999999986
    endloop
  endfacet
  facet normal 0 0 1
    outer loop
      vertex 29.415589027106762 -52.16161920875311 2.3999999999999986
      vertex 29.520000003278255 -65.76861561089754 2.3999999999999986
      vertex 29.520000003278255 -52.23138438910246 2.3999999999999986
    endloop
  endfacet
  facet normal 0 0 1
    outer loop
      vertex 29.520000003278255 -52.23138438910246 2.3999999999999986
      vertex 29.63262390345335 -65.71307564526796 2.3999999999999986
      vertex 29.63262390345335 -52.28692435473204 2.3999999999999986
    endloop
  endfacet
  facet normal 0 0 1
    outer loop
      vertex 29.63262390345335 -52.28692435473204 2.3999999999999986
      vertex 29.751533716917038 -65.67271120846272 2.3999999999999986
      vertex 29.751533716917038 -52.327288791537285 2.3999999999999986
    endloop
  endfacet
  facet normal 0 0 1
    outer loop
      vertex 29.751533716917038 -52.327288791537285 2.3999999999999986
      vertex 29.874694854021072 -65.64821293205023 2.3999999999999986
      vertex 29.874694854021072 -52.35178706794977 2.3999999999999986
    endloop
  endfacet
  facet normal 0 0 1
    outer loop
      vertex 29.874694854021072 -52.35178706794977 2.3999999999999986
      vertex 30 -65.64000000059605 2.3999999999999986
      vertex 30 -52.35999999940395 2.3999999999999986
    endloop
  endfacet
  facet normal 0 0 1
    outer loop
      vertex 30 -52.35999999940395 2.3999999999999986
      vertex 30.125305145978928 -65.64821293205023 2.3999999999999986
      vertex 30.125305145978928 -52.35178706794977 2.3999999999999986
    endloop
  endfacet
  facet normal 0 0 1
    outer loop
      vertex 30.125305145978928 -52.35178706794977 2.3999999999999986
      vertex 30.248466283082962 -65.67271120846272 2.3999999999999986
      vertex 30.248466283082962 -52.327288791537285 2.3999999999999986
    endloop
  endfacet
  facet normal 0 0 1
    outer loop
      vertex 30.248466283082962 -52.327288791537285 2.3999999999999986
      vertex 30.36737609654665 -65.71307564526796 2.3999999999999986
      vertex 30.36737609654665 -52.28692435473204 2.3999999999999986
    endloop
  endfacet
  facet normal 0 0 1
    outer loop
      vertex 30.36737609654665 -52.28692435473204 2.3999999999999986
      vertex 30.479999996721745 -65.76861561089754 2.3999999999999986
      vertex 30.479999996721745 -52.23138438910246 2.3999999999999986
    endloop
  endfacet
  facet normal 0 0 1
    outer loop
      vertex 30.584410972893238 -52.16161920875311 2.3999999999999986
      vertex 30.479999996721745 -52.23138438910246 2.3999999999999986
      vertex 30.584410972893238 -65.83838079124689 2.3999999999999986
    endloop
  endfacet
  facet normal 0 0 1
    outer loop
      vertex 30.584410972893238 -52.16161920875311 2.3999999999999986
      vertex 30.67882250994444 -65.92117749154568 2.3999999999999986
      vertex 30.67882250994444 -52.07882250845432 2.3999999999999986
    endloop
  endfacet
  facet normal 0 0 1
    outer loop
      vertex 30.761619210243225 -51.98441097140312 2.3999999999999986
      vertex 30.67882250994444 -52.07882250845432 2.3999999999999986
      vertex 30.761619210243225 -66.01558902859688 2.3999999999999986
    endloop
  endfacet
  facet normal 0 0 1
    outer loop
      vertex 30.761619210243225 -51.98441097140312 2.3999999999999986
      vertex 66 -51.25 2.3999999999999986
      vertex 30.831384390592575 -51.88000000268221 2.3999999999999986
    endloop
  endfacet
  facet normal 0 0 1
    outer loop
      vertex 30.761619210243225 -51.98441097140312 2.3999999999999986
      vertex 30.761619210243225 -66.01558902859688 2.3999999999999986
      vertex 66 -51.25 2.3999999999999986
    endloop
  endfacet
  facet normal -1 0 0
    outer loop
      vertex -2.399999998509884 -0.6000000014901161 2.3999999999999986
      vertex -2.399999998509884 -50.79999999701977 0
      vertex -2.399999998509884 -50.79999999701977 2.3999999999999986
    endloop
  endfacet
  facet normal 0 0 -1
    outer loop
      vertex -2.399999998509884 -0.6000000014901161 0
      vertex 29.2520520016551 -50.79999999701977 0
      vertex -2.399999998509884 -50.79999999701977 0
    endloop
  endfacet
  facet normal 0 0 -1
    outer loop
      vertex -2.399999998509884 -0.6000000014901161 0
      vertex 29.32117749005556 -50.721177488565445 0
      vertex 29.2520520016551 -50.79999999701977 0
    endloop
  endfacet
  facet normal 0 0 -1
    outer loop
      vertex -2.399999998509884 -0.6000000014901161 0
      vertex 29.415589027106762 -50.63838079571724 0
      vertex 29.32117749005556 -50.721177488565445 0
    endloop
  endfacet
  facet normal 0 0 -1
    outer loop
      vertex -2.399999998509884 -0.6000000014901161 0
      vertex 29.520000003278255 -50.56861561536789 0
      vertex 29.415589027106762 -50.63838079571724 0
    endloop
  endfacet
  facet normal 0 0 -1
    outer loop
      vertex -2.399999998509884 -0.6000000014901161 0
      vertex 29.63262390345335 -50.51307564973831 0
      vertex 29.520000003278255 -50.56861561536789 0
    endloop
  endfacet
  facet normal 0 0 -1
    outer loop
      vertex -2.399999998509884 -0.6000000014901161 0
      vertex 29.751533716917038 -50.47271120548248 0
      vertex 29.63262390345335 -50.51307564973831 0
    endloop
  endfacet
  facet normal 0 0 -1
    outer loop
      vertex -2.399999998509884 -0.6000000014901161 0
      vertex 29.874694854021072 -50.44821293652058 0
      vertex 29.751533716917038 -50.47271120548248 0
    endloop
  endfacet
  facet normal 0 0 -1
    outer loop
      vertex -2.399999998509884 -0.6000000014901161 0
      vertex 30 -50.439999997615814 0
      vertex 29.874694854021072 -50.44821293652058 0
    endloop
  endfacet
  facet normal 0 1 0
    outer loop
      vertex -6.399999998509884 -52 2.3999999999999986
      vertex 29.2520520016551 -52 2.3999999999999986
      vertex -6.399999998509884 -52 0
    endloop
  endfacet
  facet normal 0 -1 0
    outer loop
      vertex -2.399999998509884 -50.79999999701977 2.3999999999999986
      vertex 29.2520520016551 -50.79999999701977 0
      vertex 29.2520520016551 -50.79999999701977 2.3999999999999986
    endloop
  endfacet
  facet normal -1 0 0
    outer loop
      vertex -6.399999998509884 -52 2.3999999999999986
      vertex -6.399999998509884 -52 0
      vertex -6.399999998509884 -66 0
    endloop
  endfacet
  facet normal 0 -1 0
    outer loop
      vertex -2.399999998509884 -50.79999999701977 2.3999999999999986
      vertex -2.399999998509884 -50.79999999701977 0
      vertex 29.2520520016551 -50.79999999701977 0
    endloop
  endfacet
  facet normal 0 1 0
    outer loop
      vertex 29.2520520016551 -52 2.3999999999999986
      vertex 29.2520520016551 -52 0
      vertex -6.399999998509884 -52 0
    endloop
  endfacet
  facet normal 0 0 -1
    outer loop
      vertex -6.399999998509884 -52 0
      vertex 29.2520520016551 -52 0
      vertex 29.2520520016551 -66 0
    endloop
  endfacet
  facet normal 0 0 -1
    outer loop
      vertex -2.399999998509884 -0.6000000014901161 0
      vertex 30.125305145978928 -50.44821293652058 0
      vertex 30 -50.439999997615814 0
    endloop
  endfacet
  facet normal 0 0 -1
    outer loop
      vertex -2.399999998509884 -0.6000000014901161 0
      vertex 30.248466283082962 -50.47271120548248 0
      vertex 30.125305145978928 -50.44821293652058 0
    endloop
  endfacet
  facet normal 0 0 -1
    outer loop
      vertex -2.399999998509884 -0.6000000014901161 0
      vertex 30.36737609654665 -50.51307564973831 0
      vertex 30.248466283082962 -50.47271120548248 0
    endloop
  endfacet
  facet normal 0.44228871838086714 -0.8968727276447924 0
    outer loop
      vertex 29.520000003278255 -50.56861561536789 2.3999999999999986
      vertex 29.63262390345335 -50.51307564973831 0
      vertex 29.63262390345335 -50.51307564973831 2.3999999999999986
    endloop
  endfacet
  facet normal 0.5555702137904728 -0.8314696251510384 0
    outer loop
      vertex 29.520000003278255 -50.56861561536789 2.3999999999999986
      vertex 29.415589027106762 -50.63838079571724 2.3999999999999986
      vertex 29.520000003278255 -50.56861561536789 0
    endloop
  endfacet
  facet normal 0.6593458016827966 -0.7518398192456092 0
    outer loop
      vertex 29.32117749005556 -50.721177488565445 2.3999999999999986
      vertex 29.415589027106762 -50.63838079571724 0
      vertex 29.415589027106762 -50.63838079571724 2.3999999999999986
    endloop
  endfacet
  facet normal 0.751839789832751 -0.659345835221733 0
    outer loop
      vertex 29.32117749005556 -50.721177488565445 2.3999999999999986
      vertex 29.2520520016551 -50.79999999701977 2.3999999999999986
      vertex 29.32117749005556 -50.721177488565445 0
    endloop
  endfacet
  facet normal 0.3214394771203958 -0.9469301254836952 0
    outer loop
      vertex 29.751533716917038 -50.47271120548248 2.3999999999999986
      vertex 29.63262390345335 -50.51307564973831 2.3999999999999986
      vertex 29.751533716917038 -50.47271120548248 0
    endloop
  endfacet
  facet normal 0.06540317465538165 -0.997858920261275 0
    outer loop
      vertex 30 -50.439999997615814 2.3999999999999986
      vertex 29.874694854021072 -50.44821293652058 2.3999999999999986
      vertex 30 -50.439999997615814 0
    endloop
  endfacet
  facet normal 0.1950902883977413 -0.9807852870903427 0
    outer loop
      vertex 29.751533716917038 -50.47271120548248 2.3999999999999986
      vertex 29.874694854021072 -50.44821293652058 0
      vertex 29.874694854021072 -50.44821293652058 2.3999999999999986
    endloop
  endfacet
  facet normal -0.06540317465538165 -0.997858920261275 0
    outer loop
      vertex 30 -50.439999997615814 2.3999999999999986
      vertex 30.125305145978928 -50.44821293652058 0
      vertex 30.125305145978928 -50.44821293652058 2.3999999999999986
    endloop
  endfacet
  facet normal -0.1950902883977413 -0.9807852870903427 0
    outer loop
      vertex 30.125305145978928 -50.44821293652058 2.3999999999999986
      vertex 30.248466283082962 -50.47271120548248 0
      vertex 30.248466283082962 -50.47271120548248 2.3999999999999986
    endloop
  endfacet
  facet normal -0.3214394771203958 -0.9469301254836952 0
    outer loop
      vertex 30.248466283082962 -50.47271120548248 2.3999999999999986
      vertex 30.36737609654665 -50.51307564973831 0
      vertex 30.36737609654665 -50.51307564973831 2.3999999999999986
    endloop
  endfacet
  facet normal -0.44228871838086714 -0.8968727276447924 0
    outer loop
      vertex 30.36737609654665 -50.51307564973831 2.3999999999999986
      vertex 30.479999996721745 -50.56861561536789 0
      vertex 30.479999996721745 -50.56861561536789 2.3999999999999986
    endloop
  endfacet
  facet normal -0.5555702137904728 -0.8314696251510384 0
    outer loop
      vertex 30.479999996721745 -50.56861561536789 2.3999999999999986
      vertex 30.584410972893238 -50.63838079571724 0
      vertex 30.584410972893238 -50.63838079571724 2.3999999999999986
    endloop
  endfacet
  facet normal -0.6593458016827966 -0.7518398192456092 0
    outer loop
      vertex 30.584410972893238 -50.63838079571724 2.3999999999999986
      vertex 30.67882250994444 -50.721177488565445 0
      vertex 30.67882250994444 -50.721177488565445 2.3999999999999986
    endloop
  endfacet
  facet normal -0.7518397898333126 -0.6593458352210926 0
    outer loop
      vertex 30.67882250994444 -50.721177488565445 2.3999999999999986
      vertex 30.761619210243225 -50.815589025616646 0
      vertex 30.761619210243225 -50.815589025616646 2.3999999999999986
    endloop
  endfacet
  facet normal -0.8314696251510384 -0.5555702137904728 0
    outer loop
      vertex 30.761619210243225 -50.815589025616646 2.3999999999999986
      vertex 30.831384390592575 -50.92000000178814 0
      vertex 30.831384390592575 -50.92000000178814 2.3999999999999986
    endloop
  endfacet
  facet normal -0.8968727511804881 -0.4422886706551981 0
    outer loop
      vertex 30.831384390592575 -50.92000000178814 2.3999999999999986
      vertex 30.886924348771572 -51.032623901963234 0
      vertex 30.886924348771572 -51.032623901963234 2.3999999999999986
    endloop
  endfacet
  facet normal -0.9469301254836952 -0.3214394771203958 0
    outer loop
      vertex 30.886924348771572 -51.032623901963234 2.3999999999999986
      vertex 30.9272887930274 -51.15153371542692 0
      vertex 30.9272887930274 -51.15153371542692 2.3999999999999986
    endloop
  endfacet
  facet normal -0.9807852757376203 -0.19509034547173287 0
    outer loop
      vertex 30.9272887930274 -51.15153371542692 2.3999999999999986
      vertex 30.951787069439888 -51.274694852530956 0
      vertex 30.951787069439888 -51.274694852530956 2.3999999999999986
    endloop
  endfacet
  facet normal 0.751839789832751 0.659345835221733 0
    outer loop
      vertex 29.2520520016551 -52 2.3999999999999986
      vertex 29.32117749005556 -52.07882250845432 2.3999999999999986
      vertex 29.2520520016551 -52 0
    endloop
  endfacet
  facet normal 0.6593458352210926 0.7518397898333126 0
    outer loop
      vertex 29.32117749005556 -52.07882250845432 2.3999999999999986
      vertex 29.415589027106762 -52.16161920875311 2.3999999999999986
      vertex 29.32117749005556 -52.07882250845432 0
    endloop
  endfacet
  facet normal 0.5555702137904728 0.8314696251510384 0
    outer loop
      vertex 29.415589027106762 -52.16161920875311 2.3999999999999986
      vertex 29.520000003278255 -52.23138438910246 2.3999999999999986
      vertex 29.415589027106762 -52.16161920875311 0
    endloop
  endfacet
  facet normal 0.44228871838086714 0.8968727276447924 0
    outer loop
      vertex 29.520000003278255 -52.23138438910246 2.3999999999999986
      vertex 29.63262390345335 -52.28692435473204 2.3999999999999986
      vertex 29.520000003278255 -52.23138438910246 0
    endloop
  endfacet
  facet normal 0.32143942391860736 0.9469301435432679 0
    outer loop
      vertex 29.63262390345335 -52.28692435473204 2.3999999999999986
      vertex 29.751533716917038 -52.327288791537285 2.3999999999999986
      vertex 29.63262390345335 -52.28692435473204 0
    endloop
  endfacet
  facet normal 0.19509034547173287 0.9807852757376203 0
    outer loop
      vertex 29.751533716917038 -52.327288791537285 2.3999999999999986
      vertex 29.874694854021072 -52.35178706794977 2.3999999999999986
      vertex 29.751533716917038 -52.327288791537285 0
    endloop
  endfacet
  facet normal 0.06540311557699255 0.9978589241334782 0
    outer loop
      vertex 29.874694854021072 -52.35178706794977 2.3999999999999986
      vertex 30 -52.35999999940395 2.3999999999999986
      vertex 29.874694854021072 -52.35178706794977 0
    endloop
  endfacet
  facet normal -0.06540311557699255 0.9978589241334782 0
    outer loop
      vertex 30 -52.35999999940395 2.3999999999999986
      vertex 30.125305145978928 -52.35178706794977 2.3999999999999986
      vertex 30 -52.35999999940395 0
    endloop
  endfacet
  facet normal -0.19509034547173287 0.9807852757376203 0
    outer loop
      vertex 30.125305145978928 -52.35178706794977 2.3999999999999986
      vertex 30.248466283082962 -52.327288791537285 2.3999999999999986
      vertex 30.125305145978928 -52.35178706794977 0
    endloop
  endfacet
  facet normal -0.32143942391860736 0.9469301435432679 0
    outer loop
      vertex 30.248466283082962 -52.327288791537285 2.3999999999999986
      vertex 30.36737609654665 -52.28692435473204 2.3999999999999986
      vertex 30.248466283082962 -52.327288791537285 0
    endloop
  endfacet
  facet normal -0.9978589241334782 -0.06540311557699255 0
    outer loop
      vertex 30.951787069439888 -51.274694852530956 2.3999999999999986
      vertex 30.96000000089407 -51.399999998509884 0
      vertex 30.96000000089407 -51.399999998509884 2.3999999999999986
    endloop
  endfacet
  facet normal -0.9978589241334782 0.06540311557699255 0
    outer loop
      vertex 30.96000000089407 -51.399999998509884 2.3999999999999986
      vertex 30.951787069439888 -51.52530514448881 0
      vertex 30.951787069439888 -51.52530514448881 2.3999999999999986
    endloop
  endfacet
  facet normal -0.9807852757376203 0.19509034547173287 0
    outer loop
      vertex 30.951787069439888 -51.52530514448881 2.3999999999999986
      vertex 30.9272887930274 -51.648466281592846 0
      vertex 30.9272887930274 -51.648466281592846 2.3999999999999986
    endloop
  endfacet
  facet normal -0.9469301254836952 0.3214394771203958 0
    outer loop
      vertex 30.9272887930274 -51.648466281592846 2.3999999999999986
      vertex 30.886924348771572 -51.767376095056534 0
      vertex 30.886924348771572 -51.767376095056534 2.3999999999999986
    endloop
  endfacet
  facet normal -0.8314696068376676 0.5555702411983694 0
    outer loop
      vertex 30.761619210243225 -51.98441097140312 2.3999999999999986
      vertex 30.831384390592575 -51.88000000268221 2.3999999999999986
      vertex 30.761619210243225 -51.98441097140312 0
    endloop
  endfacet
  facet normal -0.44228871838086714 0.8968727276447924 0
    outer loop
      vertex 30.36737609654665 -52.28692435473204 2.3999999999999986
      vertex 30.479999996721745 -52.23138438910246 2.3999999999999986
      vertex 30.36737609654665 -52.28692435473204 0
    endloop
  endfacet
  facet normal -0.5555702137904728 0.8314696251510384 0
    outer loop
      vertex 30.584410972893238 -52.16161920875311 2.3999999999999986
      vertex 30.479999996721745 -52.23138438910246 0
      vertex 30.479999996721745 -52.23138438910246 2.3999999999999986
    endloop
  endfacet
  facet normal -0.6593458352210926 0.7518397898333126 0
    outer loop
      vertex 30.584410972893238 -52.16161920875311 2.3999999999999986
      vertex 30.67882250994444 -52.07882250845432 2.3999999999999986
      vertex 30.584410972893238 -52.16161920875311 0
    endloop
  endfacet
  facet normal -0.7518397898333126 0.6593458352210926 0
    outer loop
      vertex 30.761619210243225 -51.98441097140312 2.3999999999999986
      vertex 30.67882250994444 -52.07882250845432 0
      vertex 30.67882250994444 -52.07882250845432 2.3999999999999986
    endloop
  endfacet
  facet normal -0.8968727627870069 0.44228864711950416 0
    outer loop
      vertex 30.886924348771572 -51.767376095056534 2.3999999999999986
      vertex 30.831384390592575 -51.88000000268221 0
      vertex 30.831384390592575 -51.88000000268221 2.3999999999999986
    endloop
  endfacet
  facet normal 0.44228871838086714 -0.8968727276447924 0
    outer loop
      vertex 29.520000003278255 -50.56861561536789 2.3999999999999986
      vertex 29.520000003278255 -50.56861561536789 0
      vertex 29.63262390345335 -50.51307564973831 0
    endloop
  endfacet
  facet normal 0.6593458016827966 -0.7518398192456092 0
    outer loop
      vertex 29.32117749005556 -50.721177488565445 2.3999999999999986
      vertex 29.32117749005556 -50.721177488565445 0
      vertex 29.415589027106762 -50.63838079571724 0
    endloop
  endfacet
  facet normal 0.751839789832751 -0.659345835221733 0
    outer loop
      vertex 29.2520520016551 -50.79999999701977 2.3999999999999986
      vertex 29.2520520016551 -50.79999999701977 0
      vertex 29.32117749005556 -50.721177488565445 0
    endloop
  endfacet
  facet normal 0.5555702137904728 -0.8314696251510384 0
    outer loop
      vertex 29.415589027106762 -50.63838079571724 2.3999999999999986
      vertex 29.415589027106762 -50.63838079571724 0
      vertex 29.520000003278255 -50.56861561536789 0
    endloop
  endfacet
  facet normal 0.1950902883977413 -0.9807852870903427 0
    outer loop
      vertex 29.751533716917038 -50.47271120548248 2.3999999999999986
      vertex 29.751533716917038 -50.47271120548248 0
      vertex 29.874694854021072 -50.44821293652058 0
    endloop
  endfacet
  facet normal 0.3214394771203958 -0.9469301254836952 0
    outer loop
      vertex 29.63262390345335 -50.51307564973831 2.3999999999999986
      vertex 29.63262390345335 -50.51307564973831 0
      vertex 29.751533716917038 -50.47271120548248 0
    endloop
  endfacet
  facet normal 0.06540317465538165 -0.997858920261275 0
    outer loop
      vertex 29.874694854021072 -50.44821293652058 2.3999999999999986
      vertex 29.874694854021072 -50.44821293652058 0
      vertex 30 -50.439999997615814 0
    endloop
  endfacet
  facet normal -0.1950902883977413 -0.9807852870903427 0
    outer loop
      vertex 30.125305145978928 -50.44821293652058 2.3999999999999986
      vertex 30.125305145978928 -50.44821293652058 0
      vertex 30.248466283082962 -50.47271120548248 0
    endloop
  endfacet
  facet normal -0.06540317465538165 -0.997858920261275 0
    outer loop
      vertex 30 -50.439999997615814 2.3999999999999986
      vertex 30 -50.439999997615814 0
      vertex 30.125305145978928 -50.44821293652058 0
    endloop
  endfacet
  facet normal -0.3214394771203958 -0.9469301254836952 0
    outer loop
      vertex 30.248466283082962 -50.47271120548248 2.3999999999999986
      vertex 30.248466283082962 -50.47271120548248 0
      vertex 30.36737609654665 -50.51307564973831 0
    endloop
  endfacet
  facet normal -0.5555702137904728 -0.8314696251510384 0
    outer loop
      vertex 30.479999996721745 -50.56861561536789 2.3999999999999986
      vertex 30.479999996721745 -50.56861561536789 0
      vertex 30.584410972893238 -50.63838079571724 0
    endloop
  endfacet
  facet normal -0.44228871838086714 -0.8968727276447924 0
    outer loop
      vertex 30.36737609654665 -50.51307564973831 2.3999999999999986
      vertex 30.36737609654665 -50.51307564973831 0
      vertex 30.479999996721745 -50.56861561536789 0
    endloop
  endfacet
  facet normal -0.6593458016827966 -0.7518398192456092 0
    outer loop
      vertex 30.584410972893238 -50.63838079571724 2.3999999999999986
      vertex 30.584410972893238 -50.63838079571724 0
      vertex 30.67882250994444 -50.721177488565445 0
    endloop
  endfacet
  facet normal -0.7518397898333126 -0.6593458352210926 0
    outer loop
      vertex 30.67882250994444 -50.721177488565445 2.3999999999999986
      vertex 30.67882250994444 -50.721177488565445 0
      vertex 30.761619210243225 -50.815589025616646 0
    endloop
  endfacet
  facet normal -0.8314696251510384 -0.5555702137904728 0
    outer loop
      vertex 30.761619210243225 -50.815589025616646 2.3999999999999986
      vertex 30.761619210243225 -50.815589025616646 0
      vertex 30.831384390592575 -50.92000000178814 0
    endloop
  endfacet
  facet normal -0.8968727511804881 -0.4422886706551981 0
    outer loop
      vertex 30.831384390592575 -50.92000000178814 2.3999999999999986
      vertex 30.831384390592575 -50.92000000178814 0
      vertex 30.886924348771572 -51.032623901963234 0
    endloop
  endfacet
  facet normal -0.9469301254836952 -0.3214394771203958 0
    outer loop
      vertex 30.886924348771572 -51.032623901963234 2.3999999999999986
      vertex 30.886924348771572 -51.032623901963234 0
      vertex 30.9272887930274 -51.15153371542692 0
    endloop
  endfacet
  facet normal -0.9807852757376203 -0.19509034547173287 0
    outer loop
      vertex 30.9272887930274 -51.15153371542692 2.3999999999999986
      vertex 30.9272887930274 -51.15153371542692 0
      vertex 30.951787069439888 -51.274694852530956 0
    endloop
  endfacet
  facet normal -0.9978589241334782 -0.06540311557699255 0
    outer loop
      vertex 30.951787069439888 -51.274694852530956 2.3999999999999986
      vertex 30.951787069439888 -51.274694852530956 0
      vertex 30.96000000089407 -51.399999998509884 0
    endloop
  endfacet
  facet normal 0.751839789832751 0.659345835221733 0
    outer loop
      vertex 29.32117749005556 -52.07882250845432 2.3999999999999986
      vertex 29.32117749005556 -52.07882250845432 0
      vertex 29.2520520016551 -52 0
    endloop
  endfacet
  facet normal 0.6593458352210926 0.7518397898333126 0
    outer loop
      vertex 29.415589027106762 -52.16161920875311 2.3999999999999986
      vertex 29.415589027106762 -52.16161920875311 0
      vertex 29.32117749005556 -52.07882250845432 0
    endloop
  endfacet
  facet normal 0.5555702137904728 0.8314696251510384 0
    outer loop
      vertex 29.520000003278255 -52.23138438910246 2.3999999999999986
      vertex 29.520000003278255 -52.23138438910246 0
      vertex 29.415589027106762 -52.16161920875311 0
    endloop
  endfacet
  facet normal 0.44228871838086714 0.8968727276447924 0
    outer loop
      vertex 29.63262390345335 -52.28692435473204 2.3999999999999986
      vertex 29.63262390345335 -52.28692435473204 0
      vertex 29.520000003278255 -52.23138438910246 0
    endloop
  endfacet
  facet normal 0.32143942391860736 0.9469301435432679 0
    outer loop
      vertex 29.751533716917038 -52.327288791537285 2.3999999999999986
      vertex 29.751533716917038 -52.327288791537285 0
      vertex 29.63262390345335 -52.28692435473204 0
    endloop
  endfacet
  facet normal 0.19509034547173287 0.9807852757376203 0
    outer loop
      vertex 29.874694854021072 -52.35178706794977 2.3999999999999986
      vertex 29.874694854021072 -52.35178706794977 0
      vertex 29.751533716917038 -52.327288791537285 0
    endloop
  endfacet
  facet normal 0.06540311557699255 0.9978589241334782 0
    outer loop
      vertex 30 -52.35999999940395 2.3999999999999986
      vertex 30 -52.35999999940395 0
      vertex 29.874694854021072 -52.35178706794977 0
    endloop
  endfacet
  facet normal -0.06540311557699255 0.9978589241334782 0
    outer loop
      vertex 30.125305145978928 -52.35178706794977 2.3999999999999986
      vertex 30.125305145978928 -52.35178706794977 0
      vertex 30 -52.35999999940395 0
    endloop
  endfacet
  facet normal -0.19509034547173287 0.9807852757376203 0
    outer loop
      vertex 30.248466283082962 -52.327288791537285 2.3999999999999986
      vertex 30.248466283082962 -52.327288791537285 0
      vertex 30.125305145978928 -52.35178706794977 0
    endloop
  endfacet
  facet normal -0.32143942391860736 0.9469301435432679 0
    outer loop
      vertex 30.36737609654665 -52.28692435473204 2.3999999999999986
      vertex 30.36737609654665 -52.28692435473204 0
      vertex 30.248466283082962 -52.327288791537285 0
    endloop
  endfacet
  facet normal -0.9978589241334782 0.06540311557699255 0
    outer loop
      vertex 30.96000000089407 -51.399999998509884 2.3999999999999986
      vertex 30.96000000089407 -51.399999998509884 0
      vertex 30.951787069439888 -51.52530514448881 0
    endloop
  endfacet
  facet normal -0.9807852757376203 0.19509034547173287 0
    outer loop
      vertex 30.951787069439888 -51.52530514448881 2.3999999999999986
      vertex 30.951787069439888 -51.52530514448881 0
      vertex 30.9272887930274 -51.648466281592846 0
    endloop
  endfacet
  facet normal -0.9469301254836952 0.3214394771203958 0
    outer loop
      vertex 30.9272887930274 -51.648466281592846 2.3999999999999986
      vertex 30.9272887930274 -51.648466281592846 0
      vertex 30.886924348771572 -51.767376095056534 0
    endloop
  endfacet
  facet normal -0.7518397898333126 0.6593458352210926 0
    outer loop
      vertex 30.761619210243225 -51.98441097140312 2.3999999999999986
      vertex 30.761619210243225 -51.98441097140312 0
      vertex 30.67882250994444 -52.07882250845432 0
    endloop
  endfacet
  facet normal -0.44228871838086714 0.8968727276447924 0
    outer loop
      vertex 30.479999996721745 -52.23138438910246 2.3999999999999986
      vertex 30.479999996721745 -52.23138438910246 0
      vertex 30.36737609654665 -52.28692435473204 0
    endloop
  endfacet
  facet normal -0.5555702137904728 0.8314696251510384 0
    outer loop
      vertex 30.584410972893238 -52.16161920875311 2.3999999999999986
      vertex 30.584410972893238 -52.16161920875311 0
      vertex 30.479999996721745 -52.23138438910246 0
    endloop
  endfacet
  facet normal -0.6593458352210926 0.7518397898333126 0
    outer loop
      vertex 30.67882250994444 -52.07882250845432 2.3999999999999986
      vertex 30.67882250994444 -52.07882250845432 0
      vertex 30.584410972893238 -52.16161920875311 0
    endloop
  endfacet
  facet normal -0.8314696068376676 0.5555702411983694 0
    outer loop
      vertex 30.831384390592575 -51.88000000268221 2.3999999999999986
      vertex 30.831384390592575 -51.88000000268221 0
      vertex 30.761619210243225 -51.98441097140312 0
    endloop
  endfacet
  facet normal -0.8968727627870069 0.44228864711950416 0
    outer loop
      vertex 30.886924348771572 -51.767376095056534 2.3999999999999986
      vertex 30.886924348771572 -51.767376095056534 0
      vertex 30.831384390592575 -51.88000000268221 0
    endloop
  endfacet
  facet normal 0 0 -1
    outer loop
      vertex 29.2520520016551 -52 0
      vertex 29.32117749005556 -52.07882250845432 0
      vertex 29.32117749005556 -65.92117749154568 0
    endloop
  endfacet
  facet normal 0 0 -1
    outer loop
      vertex 29.32117749005556 -52.07882250845432 0
      vertex 29.415589027106762 -52.16161920875311 0
      vertex 29.415589027106762 -65.83838079124689 0
    endloop
  endfacet
  facet normal 0 0 -1
    outer loop
      vertex 29.415589027106762 -52.16161920875311 0
      vertex 29.520000003278255 -52.23138438910246 0
      vertex 29.520000003278255 -65.76861561089754 0
    endloop
  endfacet
  facet normal 0 0 -1
    outer loop
      vertex 29.520000003278255 -52.23138438910246 0
      vertex 29.63262390345335 -52.28692435473204 0
      vertex 29.63262390345335 -65.71307564526796 0
    endloop
  endfacet
  facet normal 0 0 -1
    outer loop
      vertex 29.63262390345335 -52.28692435473204 0
      vertex 29.751533716917038 -52.327288791537285 0
      vertex 29.751533716917038 -65.67271120846272 0
    endloop
  endfacet
  facet normal 0 0 -1
    outer loop
      vertex 29.751533716917038 -52.327288791537285 0
      vertex 29.874694854021072 -52.35178706794977 0
      vertex 29.874694854021072 -65.64821293205023 0
    endloop
  endfacet
  facet normal 0 0 -1
    outer loop
      vertex 29.874694854021072 -52.35178706794977 0
      vertex 30 -52.35999999940395 0
      vertex 30 -65.64000000059605 0
    endloop
  endfacet
  facet normal 0 0 -1
    outer loop
      vertex 30 -52.35999999940395 0
      vertex 30.125305145978928 -52.35178706794977 0
      vertex 30.125305145978928 -65.64821293205023 0
    endloop
  endfacet
  facet normal 0 0 -1
    outer loop
      vertex 30.125305145978928 -52.35178706794977 0
      vertex 30.248466283082962 -52.327288791537285 0
      vertex 30.248466283082962 -65.67271120846272 0
    endloop
  endfacet
  facet normal 0 0 -1
    outer loop
      vertex 30.248466283082962 -52.327288791537285 0
      vertex 30.36737609654665 -52.28692435473204 0
      vertex 30.36737609654665 -65.71307564526796 0
    endloop
  endfacet
  facet normal 0 0 -1
    outer loop
      vertex 30.36737609654665 -52.28692435473204 0
      vertex 30.479999996721745 -52.23138438910246 0
      vertex 30.479999996721745 -65.76861561089754 0
    endloop
  endfacet
  facet normal 0 0 -1
    outer loop
      vertex 30.584410972893238 -52.16161920875311 0
      vertex 30.584410972893238 -65.83838079124689 0
      vertex 30.479999996721745 -52.23138438910246 0
    endloop
  endfacet
  facet normal 0 0 -1
    outer loop
      vertex 30.584410972893238 -52.16161920875311 0
      vertex 30.67882250994444 -52.07882250845432 0
      vertex 30.67882250994444 -65.92117749154568 0
    endloop
  endfacet
  facet normal 0 0 -1
    outer loop
      vertex 30.761619210243225 -51.98441097140312 0
      vertex 30.761619210243225 -66.01558902859688 0
      vertex 30.67882250994444 -52.07882250845432 0
    endloop
  endfacet
  facet normal 0 0 1
    outer loop
      vertex 0.6000000014901161 2.399999998509884 2.3999999999999986
      vertex 10.299999997019768 -0.29999999701976776 2.3999999999999986
      vertex 183.39999999850988 2.399999998509884 2.3999999999999986
    endloop
  endfacet
  facet normal 0 0 1
    outer loop
      vertex 11.899999998509884 -1.8999999985098839 2.3999999999999986
      vertex 30.36737609654665 -50.51307564973831 2.3999999999999986
      vertex 181.79999999701977 -1.8999999985098839 2.3999999999999986
    endloop
  endfacet
  facet normal 0 1 0
    outer loop
      vertex 0.6000000014901161 2.399999998509884 2.3999999999999986
      vertex 183.39999999850988 2.399999998509884 2.3999999999999986
      vertex 0.6000000014901161 2.399999998509884 0
    endloop
  endfacet
  facet normal 0 0 -1
    outer loop
      vertex 0.6000000014901161 2.399999998509884 0
      vertex 183.39999999850988 2.399999998509884 0
      vertex 30.36737609654665 -50.51307564973831 0
    endloop
  endfacet
  facet normal 0 0 1
    outer loop
      vertex 30.831384390592575 -51.88000000268221 2.3999999999999986
      vertex 66.04259271713866 -50.92647619362185 2.3999999999999986
      vertex 66.0951505843609 -50.77164570954364 2.3999999999999986
    endloop
  endfacet
  facet normal 0 0 1
    outer loop
      vertex 30.831384390592575 -51.88000000268221 2.3999999999999986
      vertex 66.0951505843609 -50.77164570954364 2.3999999999999986
      vertex 66.16746824526945 -50.625 2.3999999999999986
    endloop
  endfacet
  facet normal 0 0 1
    outer loop
      vertex 30.831384390592575 -51.88000000268221 2.3999999999999986
      vertex 66.01069392328273 -51.08684225972493 2.3999999999999986
      vertex 66.04259271713866 -50.92647619362185 2.3999999999999986
    endloop
  endfacet
  facet normal 0 0 1
    outer loop
      vertex 30.831384390592575 -51.88000000268221 2.3999999999999986
      vertex 66.36611652351681 -50.366116523516816 2.3999999999999986
      vertex 66.4890482137391 -50.258308324635955 2.3999999999999986
    endloop
  endfacet
  facet normal 0 0 1
    outer loop
      vertex 30.831384390592575 -51.88000000268221 2.3999999999999986
      vertex 66.625 -50.167468245269454 2.3999999999999986
      vertex 66.77164570954363 -50.095150584360894 2.3999999999999986
    endloop
  endfacet
  facet normal 0 0 1
    outer loop
      vertex 30.831384390592575 -51.88000000268221 2.3999999999999986
      vertex 66.4890482137391 -50.258308324635955 2.3999999999999986
      vertex 66.625 -50.167468245269454 2.3999999999999986
    endloop
  endfacet
  facet normal 0 0 1
    outer loop
      vertex 30.831384390592575 -51.88000000268221 2.3999999999999986
      vertex 66.25830832463596 -50.489048213739096 2.3999999999999986
      vertex 66.36611652351681 -50.366116523516816 2.3999999999999986
    endloop
  endfacet
  facet normal 0 0 1
    outer loop
      vertex 30.831384390592575 -51.88000000268221 2.3999999999999986
      vertex 66.16746824526945 -50.625 2.3999999999999986
      vertex 66.25830832463596 -50.489048213739096 2.3999999999999986
    endloop
  endfacet
  facet normal 0 0 1
    outer loop
      vertex 30.831384390592575 -51.88000000268221 2.3999999999999986
      vertex 66 -51.25 2.3999999999999986
      vertex 66.01069392328273 -51.08684225972493 2.3999999999999986
    endloop
  endfacet
  facet normal 0 0 1
    outer loop
      vertex 67.875 -50.167468245269454 2.3999999999999986
      vertex 72.77164570954363 -50.095150584360894 2.3999999999999986
      vertex 67.72835429045637 -50.095150584360894 2.3999999999999986
    endloop
  endfacet
  facet normal 0 0 1
    outer loop
      vertex 68.0109517862609 -50.258308324635955 2.3999999999999986
      vertex 72.625 -50.167468245269454 2.3999999999999986
      vertex 67.875 -50.167468245269454 2.3999999999999986
    endloop
  endfacet
  facet normal 0 0 1
    outer loop
      vertex 68.13388347648319 -50.366116523516816 2.3999999999999986
      vertex 72.4890482137391 -50.258308324635955 2.3999999999999986
      vertex 68.0109517862609 -50.258308324635955 2.3999999999999986
    endloop
  endfacet
  facet normal 0 0 1
    outer loop
      vertex 68.24169167536404 -50.489048213739096 2.3999999999999986
      vertex 72.36611652351681 -50.366116523516816 2.3999999999999986
      vertex 68.13388347648319 -50.366116523516816 2.3999999999999986
    endloop
  endfacet
  facet normal 0 0 1
    outer loop
      vertex 68.33253175473055 -50.625 2.3999999999999986
      vertex 72.25830832463596 -50.489048213739096 2.3999999999999986
      vertex 68.24169167536404 -50.489048213739096 2.3999999999999986
    endloop
  endfacet
  facet normal 0 0 1
    outer loop
      vertex 68.4048494156391 -50.77164570954364 2.3999999999999986
      vertex 72.16746824526945 -50.625 2.3999999999999986
      vertex 68.33253175473055 -50.625 2.3999999999999986
    endloop
  endfacet
  facet normal 0 0 1
    outer loop
      vertex 68.45740728286134 -50.92647619362185 2.3999999999999986
      vertex 72.0951505843609 -50.77164570954364 2.3999999999999986
      vertex 68.4048494156391 -50.77164570954364 2.3999999999999986
    endloop
  endfacet
  facet normal 0 0 1
    outer loop
      vertex 68.48930607671727 -51.08684225972493 2.3999999999999986
      vertex 72.04259271713866 -50.92647619362185 2.3999999999999986
      vertex 68.45740728286134 -50.92647619362185 2.3999999999999986
    endloop
  endfacet
  facet normal 0 0 1
    outer loop
      vertex 68.5 -51.25 2.3999999999999986
      vertex 72.01069392328273 -51.08684225972493 2.3999999999999986
      vertex 68.48930607671727 -51.08684225972493 2.3999999999999986
    endloop
  endfacet
  facet normal 0 0 1
    outer loop
      vertex 30.36737609654665 -50.51307564973831 2.3999999999999986
      vertex 30.479999996721745 -50.56861561536789 2.3999999999999986
      vertex 181.79999999701977 -1.8999999985098839 2.3999999999999986
    endloop
  endfacet
  facet normal 0 0 1
    outer loop
      vertex 30.479999996721745 -50.56861561536789 2.3999999999999986
      vertex 30.584410972893238 -50.63838079571724 2.3999999999999986
      vertex 181.79999999701977 -1.8999999985098839 2.3999999999999986
    endloop
  endfacet
  facet normal 0 0 1
    outer loop
      vertex 30.584410972893238 -50.63838079571724 2.3999999999999986
      vertex 30.67882250994444 -50.721177488565445 2.3999999999999986
      vertex 181.79999999701977 -1.8999999985098839 2.3999999999999986
    endloop
  endfacet
  facet normal 0 0 1
    outer loop
      vertex 30.67882250994444 -50.721177488565445 2.3999999999999986
      vertex 30.761619210243225 -50.815589025616646 2.3999999999999986
      vertex 181.79999999701977 -1.8999999985098839 2.3999999999999986
    endloop
  endfacet
  facet normal 0 0 1
    outer loop
      vertex 30.761619210243225 -50.815589025616646 2.3999999999999986
      vertex 30.831384390592575 -50.92000000178814 2.3999999999999986
      vertex 181.79999999701977 -1.8999999985098839 2.3999999999999986
    endloop
  endfacet
  facet normal 0 0 1
    outer loop
      vertex 30.831384390592575 -50.92000000178814 2.3999999999999986
      vertex 30.886924348771572 -51.032623901963234 2.3999999999999986
      vertex 181.79999999701977 -1.8999999985098839 2.3999999999999986
    endloop
  endfacet
  facet normal 0 0 1
    outer loop
      vertex 30.886924348771572 -51.032623901963234 2.3999999999999986
      vertex 30.9272887930274 -51.15153371542692 2.3999999999999986
      vertex 181.79999999701977 -1.8999999985098839 2.3999999999999986
    endloop
  endfacet
  facet normal 0 0 1
    outer loop
      vertex 30.9272887930274 -51.15153371542692 2.3999999999999986
      vertex 30.951787069439888 -51.274694852530956 2.3999999999999986
      vertex 181.79999999701977 -1.8999999985098839 2.3999999999999986
    endloop
  endfacet
  facet normal 0 0 1
    outer loop
      vertex 30.951787069439888 -51.274694852530956 2.3999999999999986
      vertex 30.96000000089407 -51.399999998509884 2.3999999999999986
      vertex 181.79999999701977 -1.8999999985098839 2.3999999999999986
    endloop
  endfacet
  facet normal 0 0 1
    outer loop
      vertex 30.96000000089407 -51.399999998509884 2.3999999999999986
      vertex 30.951787069439888 -51.52530514448881 2.3999999999999986
      vertex 181.79999999701977 -1.8999999985098839 2.3999999999999986
    endloop
  endfacet
  facet normal 0 0 1
    outer loop
      vertex 30.886924348771572 -51.767376095056534 2.3999999999999986
      vertex 30.831384390592575 -51.88000000268221 2.3999999999999986
      vertex 181.79999999701977 -1.8999999985098839 2.3999999999999986
    endloop
  endfacet
  facet normal 0 0 1
    outer loop
      vertex 30.951787069439888 -51.52530514448881 2.3999999999999986
      vertex 30.9272887930274 -51.648466281592846 2.3999999999999986
      vertex 181.79999999701977 -1.8999999985098839 2.3999999999999986
    endloop
  endfacet
  facet normal 0 0 1
    outer loop
      vertex 30.9272887930274 -51.648466281592846 2.3999999999999986
      vertex 30.886924348771572 -51.767376095056534 2.3999999999999986
      vertex 181.79999999701977 -1.8999999985098839 2.3999999999999986
    endloop
  endfacet
  facet normal 0 0 1
    outer loop
      vertex 30.831384390592575 -51.88000000268221 2.3999999999999986
      vertex 66.77164570954363 -50.095150584360894 2.3999999999999986
      vertex 181.79999999701977 -1.8999999985098839 2.3999999999999986
    endloop
  endfacet
  facet normal 0 0 1
    outer loop
      vertex 68.13388347648319 -50.366116523516816 2.3999999999999986
      vertex 72.36611652351681 -50.366116523516816 2.3999999999999986
      vertex 72.4890482137391 -50.258308324635955 2.3999999999999986
    endloop
  endfacet
  facet normal 0 0 1
    outer loop
      vertex 68.0109517862609 -50.258308324635955 2.3999999999999986
      vertex 72.4890482137391 -50.258308324635955 2.3999999999999986
      vertex 72.625 -50.167468245269454 2.3999999999999986
    endloop
  endfacet
  facet normal 0 0 1
    outer loop
      vertex 67.875 -50.167468245269454 2.3999999999999986
      vertex 72.625 -50.167468245269454 2.3999999999999986
      vertex 72.77164570954363 -50.095150584360894 2.3999999999999986
    endloop
  endfacet
  facet normal 0 0 1
    outer loop
      vertex 72.36611652351681 -50.366116523516816 2.3999999999999986
      vertex 68.24169167536404 -50.489048213739096 2.3999999999999986
      vertex 72.25830832463596 -50.489048213739096 2.3999999999999986
    endloop
  endfacet
  facet normal 0 0 1
    outer loop
      vertex 68.33253175473055 -50.625 2.3999999999999986
      vertex 72.16746824526945 -50.625 2.3999999999999986
      vertex 72.25830832463596 -50.489048213739096 2.3999999999999986
    endloop
  endfacet
  facet normal 0 0 1
    outer loop
      vertex 68.4048494156391 -50.77164570954364 2.3999999999999986
      vertex 72.0951505843609 -50.77164570954364 2.3999999999999986
      vertex 72.16746824526945 -50.625 2.3999999999999986
    endloop
  endfacet
  facet normal 0 0 1
    outer loop
      vertex 68.45740728286134 -50.92647619362185 2.3999999999999986
      vertex 72.04259271713866 -50.92647619362185 2.3999999999999986
      vertex 72.0951505843609 -50.77164570954364 2.3999999999999986
    endloop
  endfacet
  facet normal 0 0 1
    outer loop
      vertex 72.04259271713866 -50.92647619362185 2.3999999999999986
      vertex 68.48930607671727 -51.08684225972493 2.3999999999999986
      vertex 72.01069392328273 -51.08684225972493 2.3999999999999986
    endloop
  endfacet
  facet normal 0 0 1
    outer loop
      vertex 68.5 -51.25 2.3999999999999986
      vertex 72 -51.25 2.3999999999999986
      vertex 72.01069392328273 -51.08684225972493 2.3999999999999986
    endloop
  endfacet
  facet normal 0 0 1
    outer loop
      vertex 73.875 -50.167468245269454 2.3999999999999986
      vertex 78.77164570954363 -50.095150584360894 2.3999999999999986
      vertex 73.72835429045637 -50.095150584360894 2.3999999999999986
    endloop
  endfacet
  facet normal 0 0 1
    outer loop
      vertex 74.0109517862609 -50.258308324635955 2.3999999999999986
      vertex 78.625 -50.167468245269454 2.3999999999999986
      vertex 73.875 -50.167468245269454 2.3999999999999986
    endloop
  endfacet
  facet normal 0 0 1
    outer loop
      vertex 74.13388347648319 -50.366116523516816 2.3999999999999986
      vertex 78.4890482137391 -50.258308324635955 2.3999999999999986
      vertex 74.0109517862609 -50.258308324635955 2.3999999999999986
    endloop
  endfacet
  facet normal 0 0 1
    outer loop
      vertex 74.24169167536404 -50.489048213739096 2.3999999999999986
      vertex 78.36611652351681 -50.366116523516816 2.3999999999999986
      vertex 74.13388347648319 -50.366116523516816 2.3999999999999986
    endloop
  endfacet
  facet normal 0 0 1
    outer loop
      vertex 74.33253175473055 -50.625 2.3999999999999986
      vertex 78.25830832463596 -50.489048213739096 2.3999999999999986
      vertex 74.24169167536404 -50.489048213739096 2.3999999999999986
    endloop
  endfacet
  facet normal 0 0 1
    outer loop
      vertex 74.4048494156391 -50.77164570954364 2.3999999999999986
      vertex 78.16746824526945 -50.625 2.3999999999999986
      vertex 74.33253175473055 -50.625 2.3999999999999986
    endloop
  endfacet
  facet normal 0 0 1
    outer loop
      vertex 74.45740728286134 -50.92647619362185 2.3999999999999986
      vertex 78.0951505843609 -50.77164570954364 2.3999999999999986
      vertex 74.4048494156391 -50.77164570954364 2.3999999999999986
    endloop
  endfacet
  facet normal 0 0 1
    outer loop
      vertex 74.48930607671727 -51.08684225972493 2.3999999999999986
      vertex 78.04259271713866 -50.92647619362185 2.3999999999999986
      vertex 74.45740728286134 -50.92647619362185 2.3999999999999986
    endloop
  endfacet
  facet normal 0 0 1
    outer loop
      vertex 74.5 -51.25 2.3999999999999986
      vertex 78.01069392328273 -51.08684225972493 2.3999999999999986
      vertex 74.48930607671727 -51.08684225972493 2.3999999999999986
    endloop
  endfacet
  facet normal 0 0 1
    outer loop
      vertex 74.13388347648319 -50.366116523516816 2.3999999999999986
      vertex 78.36611652351681 -50.366116523516816 2.3999999999999986
      vertex 78.4890482137391 -50.258308324635955 2.3999999999999986
    endloop
  endfacet
  facet normal 0 0 1
    outer loop
      vertex 74.0109517862609 -50.258308324635955 2.3999999999999986
      vertex 78.4890482137391 -50.258308324635955 2.3999999999999986
      vertex 78.625 -50.167468245269454 2.3999999999999986
    endloop
  endfacet
  facet normal 0 0 1
    outer loop
      vertex 73.875 -50.167468245269454 2.3999999999999986
      vertex 78.625 -50.167468245269454 2.3999999999999986
      vertex 78.77164570954363 -50.095150584360894 2.3999999999999986
    endloop
  endfacet
  facet normal 0 0 1
    outer loop
      vertex 78.36611652351681 -50.366116523516816 2.3999999999999986
      vertex 74.24169167536404 -50.489048213739096 2.3999999999999986
      vertex 78.25830832463596 -50.489048213739096 2.3999999999999986
    endloop
  endfacet
  facet normal 0 0 1
    outer loop
      vertex 74.33253175473055 -50.625 2.3999999999999986
      vertex 78.16746824526945 -50.625 2.3999999999999986
      vertex 78.25830832463596 -50.489048213739096 2.3999999999999986
    endloop
  endfacet
  facet normal 0 0 1
    outer loop
      vertex 74.4048494156391 -50.77164570954364 2.3999999999999986
      vertex 78.0951505843609 -50.77164570954364 2.3999999999999986
      vertex 78.16746824526945 -50.625 2.3999999999999986
    endloop
  endfacet
  facet normal 0 0 1
    outer loop
      vertex 74.45740728286134 -50.92647619362185 2.3999999999999986
      vertex 78.04259271713866 -50.92647619362185 2.3999999999999986
      vertex 78.0951505843609 -50.77164570954364 2.3999999999999986
    endloop
  endfacet
  facet normal 0 0 1
    outer loop
      vertex 78.04259271713866 -50.92647619362185 2.3999999999999986
      vertex 74.48930607671727 -51.08684225972493 2.3999999999999986
      vertex 78.01069392328273 -51.08684225972493 2.3999999999999986
    endloop
  endfacet
  facet normal 0 0 1
    outer loop
      vertex 74.5 -51.25 2.3999999999999986
      vertex 78 -51.25 2.3999999999999986
      vertex 78.01069392328273 -51.08684225972493 2.3999999999999986
    endloop
  endfacet
  facet normal 0 0 1
    outer loop
      vertex 79.875 -50.167468245269454 2.3999999999999986
      vertex 84.77164570954363 -50.095150584360894 2.3999999999999986
      vertex 79.72835429045637 -50.095150584360894 2.3999999999999986
    endloop
  endfacet
  facet normal 0 0 1
    outer loop
      vertex 80.0109517862609 -50.258308324635955 2.3999999999999986
      vertex 84.625 -50.167468245269454 2.3999999999999986
      vertex 79.875 -50.167468245269454 2.3999999999999986
    endloop
  endfacet
  facet normal 0 0 1
    outer loop
      vertex 80.13388347648319 -50.366116523516816 2.3999999999999986
      vertex 84.4890482137391 -50.258308324635955 2.3999999999999986
      vertex 80.0109517862609 -50.258308324635955 2.3999999999999986
    endloop
  endfacet
  facet normal 0 0 1
    outer loop
      vertex 80.24169167536404 -50.489048213739096 2.3999999999999986
      vertex 84.36611652351681 -50.366116523516816 2.3999999999999986
      vertex 80.13388347648319 -50.366116523516816 2.3999999999999986
    endloop
  endfacet
  facet normal 0 0 1
    outer loop
      vertex 80.13388347648319 -50.366116523516816 2.3999999999999986
      vertex 84.36611652351681 -50.366116523516816 2.3999999999999986
      vertex 84.4890482137391 -50.258308324635955 2.3999999999999986
    endloop
  endfacet
  facet normal 0 0 1
    outer loop
      vertex 80.0109517862609 -50.258308324635955 2.3999999999999986
      vertex 84.4890482137391 -50.258308324635955 2.3999999999999986
      vertex 84.625 -50.167468245269454 2.3999999999999986
    endloop
  endfacet
  facet normal 0 0 1
    outer loop
      vertex 79.875 -50.167468245269454 2.3999999999999986
      vertex 84.625 -50.167468245269454 2.3999999999999986
      vertex 84.77164570954363 -50.095150584360894 2.3999999999999986
    endloop
  endfacet
  facet normal 0 0 1
    outer loop
      vertex 80.33253175473055 -50.625 2.3999999999999986
      vertex 84.25830832463596 -50.489048213739096 2.3999999999999986
      vertex 80.24169167536404 -50.489048213739096 2.3999999999999986
    endloop
  endfacet
  facet normal 0 0 1
    outer loop
      vertex 80.4048494156391 -50.77164570954364 2.3999999999999986
      vertex 84.16746824526945 -50.625 2.3999999999999986
      vertex 80.33253175473055 -50.625 2.3999999999999986
    endloop
  endfacet
  facet normal 0 0 1
    outer loop
      vertex 80.45740728286134 -50.92647619362185 2.3999999999999986
      vertex 84.0951505843609 -50.77164570954364 2.3999999999999986
      vertex 80.4048494156391 -50.77164570954364 2.3999999999999986
    endloop
  endfacet
  facet normal 0 0 1
    outer loop
      vertex 80.48930607671727 -51.08684225972493 2.3999999999999986
      vertex 84.04259271713866 -50.92647619362185 2.3999999999999986
      vertex 80.45740728286134 -50.92647619362185 2.3999999999999986
    endloop
  endfacet
  facet normal 0 0 1
    outer loop
      vertex 80.5 -51.25 2.3999999999999986
      vertex 84.01069392328273 -51.08684225972493 2.3999999999999986
      vertex 80.48930607671727 -51.08684225972493 2.3999999999999986
    endloop
  endfacet
  facet normal 0 0 1
    outer loop
      vertex 84.36611652351681 -50.366116523516816 2.3999999999999986
      vertex 80.24169167536404 -50.489048213739096 2.3999999999999986
      vertex 84.25830832463596 -50.489048213739096 2.3999999999999986
    endloop
  endfacet
  facet normal 0 0 1
    outer loop
      vertex 80.33253175473055 -50.625 2.3999999999999986
      vertex 84.16746824526945 -50.625 2.3999999999999986
      vertex 84.25830832463596 -50.489048213739096 2.3999999999999986
    endloop
  endfacet
  facet normal 0 0 1
    outer loop
      vertex 80.4048494156391 -50.77164570954364 2.3999999999999986
      vertex 84.0951505843609 -50.77164570954364 2.3999999999999986
      vertex 84.16746824526945 -50.625 2.3999999999999986
    endloop
  endfacet
  facet normal 0 0 1
    outer loop
      vertex 80.45740728286134 -50.92647619362185 2.3999999999999986
      vertex 84.04259271713866 -50.92647619362185 2.3999999999999986
      vertex 84.0951505843609 -50.77164570954364 2.3999999999999986
    endloop
  endfacet
  facet normal 0 0 1
    outer loop
      vertex 84.04259271713866 -50.92647619362185 2.3999999999999986
      vertex 80.48930607671727 -51.08684225972493 2.3999999999999986
      vertex 84.01069392328273 -51.08684225972493 2.3999999999999986
    endloop
  endfacet
  facet normal 0 0 1
    outer loop
      vertex 80.5 -51.25 2.3999999999999986
      vertex 84 -51.25 2.3999999999999986
      vertex 84.01069392328273 -51.08684225972493 2.3999999999999986
    endloop
  endfacet
  facet normal 0 0 1
    outer loop
      vertex 85.875 -50.167468245269454 2.3999999999999986
      vertex 90.77164570954363 -50.095150584360894 2.3999999999999986
      vertex 85.72835429045637 -50.095150584360894 2.3999999999999986
    endloop
  endfacet
  facet normal 0 0 1
    outer loop
      vertex 86.0109517862609 -50.258308324635955 2.3999999999999986
      vertex 90.625 -50.167468245269454 2.3999999999999986
      vertex 85.875 -50.167468245269454 2.3999999999999986
    endloop
  endfacet
  facet normal 0 0 1
    outer loop
      vertex 86.13388347648319 -50.366116523516816 2.3999999999999986
      vertex 90.4890482137391 -50.258308324635955 2.3999999999999986
      vertex 86.0109517862609 -50.258308324635955 2.3999999999999986
    endloop
  endfacet
  facet normal 0 0 1
    outer loop
      vertex 86.24169167536404 -50.489048213739096 2.3999999999999986
      vertex 90.36611652351681 -50.366116523516816 2.3999999999999986
      vertex 86.13388347648319 -50.366116523516816 2.3999999999999986
    endloop
  endfacet
  facet normal 0 0 1
    outer loop
      vertex 86.33253175473055 -50.625 2.3999999999999986
      vertex 90.25830832463596 -50.489048213739096 2.3999999999999986
      vertex 86.24169167536404 -50.489048213739096 2.3999999999999986
    endloop
  endfacet
  facet normal 0 0 1
    outer loop
      vertex 86.4048494156391 -50.77164570954364 2.3999999999999986
      vertex 90.16746824526945 -50.625 2.3999999999999986
      vertex 86.33253175473055 -50.625 2.3999999999999986
    endloop
  endfacet
  facet normal 0 0 1
    outer loop
      vertex 86.45740728286134 -50.92647619362185 2.3999999999999986
      vertex 90.0951505843609 -50.77164570954364 2.3999999999999986
      vertex 86.4048494156391 -50.77164570954364 2.3999999999999986
    endloop
  endfacet
  facet normal 0 0 1
    outer loop
      vertex 86.48930607671727 -51.08684225972493 2.3999999999999986
      vertex 90.04259271713866 -50.92647619362185 2.3999999999999986
      vertex 86.45740728286134 -50.92647619362185 2.3999999999999986
    endloop
  endfacet
  facet normal 0 0 1
    outer loop
      vertex 86.5 -51.25 2.3999999999999986
      vertex 90.01069392328273 -51.08684225972493 2.3999999999999986
      vertex 86.48930607671727 -51.08684225972493 2.3999999999999986
    endloop
  endfacet
  facet normal 0 0 1
    outer loop
      vertex 86.13388347648319 -50.366116523516816 2.3999999999999986
      vertex 90.36611652351681 -50.366116523516816 2.3999999999999986
      vertex 90.4890482137391 -50.258308324635955 2.3999999999999986
    endloop
  endfacet
  facet normal 0 0 1
    outer loop
      vertex 86.0109517862609 -50.258308324635955 2.3999999999999986
      vertex 90.4890482137391 -50.258308324635955 2.3999999999999986
      vertex 90.625 -50.167468245269454 2.3999999999999986
    endloop
  endfacet
  facet normal 0 0 1
    outer loop
      vertex 85.875 -50.167468245269454 2.3999999999999986
      vertex 90.625 -50.167468245269454 2.3999999999999986
      vertex 90.77164570954363 -50.095150584360894 2.3999999999999986
    endloop
  endfacet
  facet normal 0 0 1
    outer loop
      vertex 86.24169167536404 -50.489048213739096 2.3999999999999986
      vertex 90.25830832463596 -50.489048213739096 2.3999999999999986
      vertex 90.36611652351681 -50.366116523516816 2.3999999999999986
    endloop
  endfacet
  facet normal 0 0 1
    outer loop
      vertex 86.33253175473055 -50.625 2.3999999999999986
      vertex 90.16746824526945 -50.625 2.3999999999999986
      vertex 90.25830832463596 -50.489048213739096 2.3999999999999986
    endloop
  endfacet
  facet normal 0 0 1
    outer loop
      vertex 86.4048494156391 -50.77164570954364 2.3999999999999986
      vertex 90.0951505843609 -50.77164570954364 2.3999999999999986
      vertex 90.16746824526945 -50.625 2.3999999999999986
    endloop
  endfacet
  facet normal 0 0 1
    outer loop
      vertex 86.45740728286134 -50.92647619362185 2.3999999999999986
      vertex 90.04259271713866 -50.92647619362185 2.3999999999999986
      vertex 90.0951505843609 -50.77164570954364 2.3999999999999986
    endloop
  endfacet
  facet normal 0 0 1
    outer loop
      vertex 86.48930607671727 -51.08684225972493 2.3999999999999986
      vertex 90.01069392328273 -51.08684225972493 2.3999999999999986
      vertex 90.04259271713866 -50.92647619362185 2.3999999999999986
    endloop
  endfacet
  facet normal 0 0 1
    outer loop
      vertex 86.5 -51.25 2.3999999999999986
      vertex 90 -51.25 2.3999999999999986
      vertex 90.01069392328273 -51.08684225972493 2.3999999999999986
    endloop
  endfacet
  facet normal 0 0 1
    outer loop
      vertex 91.875 -50.167468245269454 2.3999999999999986
      vertex 96.77164570954363 -50.095150584360894 2.3999999999999986
      vertex 91.72835429045637 -50.095150584360894 2.3999999999999986
    endloop
  endfacet
  facet normal 0 0 1
    outer loop
      vertex 92.0109517862609 -50.258308324635955 2.3999999999999986
      vertex 96.625 -50.167468245269454 2.3999999999999986
      vertex 91.875 -50.167468245269454 2.3999999999999986
    endloop
  endfacet
  facet normal 0 0 1
    outer loop
      vertex 92.13388347648319 -50.366116523516816 2.3999999999999986
      vertex 96.4890482137391 -50.258308324635955 2.3999999999999986
      vertex 92.0109517862609 -50.258308324635955 2.3999999999999986
    endloop
  endfacet
  facet normal 0 0 1
    outer loop
      vertex 92.24169167536404 -50.489048213739096 2.3999999999999986
      vertex 96.36611652351681 -50.366116523516816 2.3999999999999986
      vertex 92.13388347648319 -50.366116523516816 2.3999999999999986
    endloop
  endfacet
  facet normal 0 0 1
    outer loop
      vertex 92.33253175473055 -50.625 2.3999999999999986
      vertex 96.25830832463596 -50.489048213739096 2.3999999999999986
      vertex 92.24169167536404 -50.489048213739096 2.3999999999999986
    endloop
  endfacet
  facet normal 0 0 1
    outer loop
      vertex 92.4048494156391 -50.77164570954364 2.3999999999999986
      vertex 96.16746824526945 -50.625 2.3999999999999986
      vertex 92.33253175473055 -50.625 2.3999999999999986
    endloop
  endfacet
  facet normal 0 0 1
    outer loop
      vertex 92.45740728286134 -50.92647619362185 2.3999999999999986
      vertex 96.0951505843609 -50.77164570954364 2.3999999999999986
      vertex 92.4048494156391 -50.77164570954364 2.3999999999999986
    endloop
  endfacet
  facet normal 0 0 1
    outer loop
      vertex 92.48930607671727 -51.08684225972493 2.3999999999999986
      vertex 96.04259271713866 -50.92647619362185 2.3999999999999986
      vertex 92.45740728286134 -50.92647619362185 2.3999999999999986
    endloop
  endfacet
  facet normal 0 0 1
    outer loop
      vertex 92.5 -51.25 2.3999999999999986
      vertex 96.01069392328273 -51.08684225972493 2.3999999999999986
      vertex 92.48930607671727 -51.08684225972493 2.3999999999999986
    endloop
  endfacet
  facet normal 0 0 1
    outer loop
      vertex 92.13388347648319 -50.366116523516816 2.3999999999999986
      vertex 96.36611652351681 -50.366116523516816 2.3999999999999986
      vertex 96.4890482137391 -50.258308324635955 2.3999999999999986
    endloop
  endfacet
  facet normal 0 0 1
    outer loop
      vertex 92.0109517862609 -50.258308324635955 2.3999999999999986
      vertex 96.4890482137391 -50.258308324635955 2.3999999999999986
      vertex 96.625 -50.167468245269454 2.3999999999999986
    endloop
  endfacet
  facet normal 0 0 1
    outer loop
      vertex 91.875 -50.167468245269454 2.3999999999999986
      vertex 96.625 -50.167468245269454 2.3999999999999986
      vertex 96.77164570954363 -50.095150584360894 2.3999999999999986
    endloop
  endfacet
  facet normal 0 0 1
    outer loop
      vertex 96.36611652351681 -50.366116523516816 2.3999999999999986
      vertex 92.24169167536404 -50.489048213739096 2.3999999999999986
      vertex 96.25830832463596 -50.489048213739096 2.3999999999999986
    endloop
  endfacet
  facet normal 0 0 1
    outer loop
      vertex 92.33253175473055 -50.625 2.3999999999999986
      vertex 96.16746824526945 -50.625 2.3999999999999986
      vertex 96.25830832463596 -50.489048213739096 2.3999999999999986
    endloop
  endfacet
  facet normal 0 0 1
    outer loop
      vertex 92.4048494156391 -50.77164570954364 2.3999999999999986
      vertex 96.0951505843609 -50.77164570954364 2.3999999999999986
      vertex 96.16746824526945 -50.625 2.3999999999999986
    endloop
  endfacet
  facet normal 0 0 1
    outer loop
      vertex 92.45740728286134 -50.92647619362185 2.3999999999999986
      vertex 96.04259271713866 -50.92647619362185 2.3999999999999986
      vertex 96.0951505843609 -50.77164570954364 2.3999999999999986
    endloop
  endfacet
  facet normal 0 0 1
    outer loop
      vertex 96.04259271713866 -50.92647619362185 2.3999999999999986
      vertex 92.48930607671727 -51.08684225972493 2.3999999999999986
      vertex 96.01069392328273 -51.08684225972493 2.3999999999999986
    endloop
  endfacet
  facet normal 0 0 1
    outer loop
      vertex 92.5 -51.25 2.3999999999999986
      vertex 96 -51.25 2.3999999999999986
      vertex 96.01069392328273 -51.08684225972493 2.3999999999999986
    endloop
  endfacet
  facet normal 0 0 -1
    outer loop
      vertex 30.831384390592575 -51.88000000268221 0
      vertex 66.0951505843609 -50.77164570954364 0
      vertex 66.04259271713866 -50.92647619362185 0
    endloop
  endfacet
  facet normal 0 0 -1
    outer loop
      vertex 30.831384390592575 -51.88000000268221 0
      vertex 66.16746824526945 -50.625 0
      vertex 66.0951505843609 -50.77164570954364 0
    endloop
  endfacet
  facet normal 0 0 -1
    outer loop
      vertex 30.831384390592575 -51.88000000268221 0
      vertex 66.04259271713866 -50.92647619362185 0
      vertex 66.01069392328273 -51.08684225972493 0
    endloop
  endfacet
  facet normal 0 0 -1
    outer loop
      vertex 30.831384390592575 -51.88000000268221 0
      vertex 66.4890482137391 -50.258308324635955 0
      vertex 66.36611652351681 -50.366116523516816 0
    endloop
  endfacet
  facet normal 0 0 -1
    outer loop
      vertex 30.831384390592575 -51.88000000268221 0
      vertex 66.77164570954363 -50.095150584360894 0
      vertex 66.625 -50.167468245269454 0
    endloop
  endfacet
  facet normal 0 0 -1
    outer loop
      vertex 30.831384390592575 -51.88000000268221 0
      vertex 66.625 -50.167468245269454 0
      vertex 66.4890482137391 -50.258308324635955 0
    endloop
  endfacet
  facet normal 0 0 -1
    outer loop
      vertex 30.831384390592575 -51.88000000268221 0
      vertex 66.36611652351681 -50.366116523516816 0
      vertex 66.25830832463596 -50.489048213739096 0
    endloop
  endfacet
  facet normal 0 0 -1
    outer loop
      vertex 30.831384390592575 -51.88000000268221 0
      vertex 66.25830832463596 -50.489048213739096 0
      vertex 66.16746824526945 -50.625 0
    endloop
  endfacet
  facet normal 0 0 -1
    outer loop
      vertex 30.831384390592575 -51.88000000268221 0
      vertex 66.01069392328273 -51.08684225972493 0
      vertex 66 -51.25 0
    endloop
  endfacet
  facet normal 0 0 -1
    outer loop
      vertex 67.875 -50.167468245269454 0
      vertex 72.4890482137391 -50.258308324635955 0
      vertex 68.0109517862609 -50.258308324635955 0
    endloop
  endfacet
  facet normal 0 0 -1
    outer loop
      vertex 67.72835429045637 -50.095150584360894 0
      vertex 72.625 -50.167468245269454 0
      vertex 67.875 -50.167468245269454 0
    endloop
  endfacet
  facet normal 0 0 -1
    outer loop
      vertex 68.0109517862609 -50.258308324635955 0
      vertex 72.36611652351681 -50.366116523516816 0
      vertex 68.13388347648319 -50.366116523516816 0
    endloop
  endfacet
  facet normal 0 0 -1
    outer loop
      vertex 68.13388347648319 -50.366116523516816 0
      vertex 72.25830832463596 -50.489048213739096 0
      vertex 68.24169167536404 -50.489048213739096 0
    endloop
  endfacet
  facet normal 0 0 -1
    outer loop
      vertex 68.24169167536404 -50.489048213739096 0
      vertex 72.16746824526945 -50.625 0
      vertex 68.33253175473055 -50.625 0
    endloop
  endfacet
  facet normal 0 0 -1
    outer loop
      vertex 68.33253175473055 -50.625 0
      vertex 72.0951505843609 -50.77164570954364 0
      vertex 68.4048494156391 -50.77164570954364 0
    endloop
  endfacet
  facet normal 0 0 -1
    outer loop
      vertex 68.4048494156391 -50.77164570954364 0
      vertex 72.04259271713866 -50.92647619362185 0
      vertex 68.45740728286134 -50.92647619362185 0
    endloop
  endfacet
  facet normal 0 0 -1
    outer loop
      vertex 68.45740728286134 -50.92647619362185 0
      vertex 72.01069392328273 -51.08684225972493 0
      vertex 68.48930607671727 -51.08684225972493 0
    endloop
  endfacet
  facet normal 0 0 -1
    outer loop
      vertex 68.48930607671727 -51.08684225972493 0
      vertex 72 -51.25 0
      vertex 68.5 -51.25 0
    endloop
  endfacet
  facet normal 0 0 -1
    outer loop
      vertex 30.36737609654665 -50.51307564973831 0
      vertex 183.39999999850988 2.399999998509884 0
      vertex 30.479999996721745 -50.56861561536789 0
    endloop
  endfacet
  facet normal 0 0 -1
    outer loop
      vertex 30.479999996721745 -50.56861561536789 0
      vertex 183.39999999850988 2.399999998509884 0
      vertex 30.584410972893238 -50.63838079571724 0
    endloop
  endfacet
  facet normal 0 0 -1
    outer loop
      vertex 30.584410972893238 -50.63838079571724 0
      vertex 183.39999999850988 2.399999998509884 0
      vertex 30.67882250994444 -50.721177488565445 0
    endloop
  endfacet
  facet normal 0 0 -1
    outer loop
      vertex 30.67882250994444 -50.721177488565445 0
      vertex 183.39999999850988 2.399999998509884 0
      vertex 30.761619210243225 -50.815589025616646 0
    endloop
  endfacet
  facet normal 0 0 -1
    outer loop
      vertex 30.761619210243225 -50.815589025616646 0
      vertex 183.39999999850988 2.399999998509884 0
      vertex 30.831384390592575 -50.92000000178814 0
    endloop
  endfacet
  facet normal 0 0 -1
    outer loop
      vertex 30.831384390592575 -50.92000000178814 0
      vertex 183.39999999850988 2.399999998509884 0
      vertex 30.886924348771572 -51.032623901963234 0
    endloop
  endfacet
  facet normal 0 0 -1
    outer loop
      vertex 30.886924348771572 -51.032623901963234 0
      vertex 183.39999999850988 2.399999998509884 0
      vertex 30.9272887930274 -51.15153371542692 0
    endloop
  endfacet
  facet normal 0 0 -1
    outer loop
      vertex 30.9272887930274 -51.15153371542692 0
      vertex 183.39999999850988 2.399999998509884 0
      vertex 30.951787069439888 -51.274694852530956 0
    endloop
  endfacet
  facet normal 0 0 -1
    outer loop
      vertex 30.951787069439888 -51.274694852530956 0
      vertex 183.39999999850988 2.399999998509884 0
      vertex 30.96000000089407 -51.399999998509884 0
    endloop
  endfacet
  facet normal 0 0 -1
    outer loop
      vertex 30.96000000089407 -51.399999998509884 0
      vertex 183.39999999850988 2.399999998509884 0
      vertex 30.951787069439888 -51.52530514448881 0
    endloop
  endfacet
  facet normal 0 0 -1
    outer loop
      vertex 30.951787069439888 -51.52530514448881 0
      vertex 183.39999999850988 2.399999998509884 0
      vertex 30.9272887930274 -51.648466281592846 0
    endloop
  endfacet
  facet normal 0 0 -1
    outer loop
      vertex 30.9272887930274 -51.648466281592846 0
      vertex 183.39999999850988 2.399999998509884 0
      vertex 30.886924348771572 -51.767376095056534 0
    endloop
  endfacet
  facet normal 0 0 -1
    outer loop
      vertex 30.886924348771572 -51.767376095056534 0
      vertex 183.39999999850988 2.399999998509884 0
      vertex 30.831384390592575 -51.88000000268221 0
    endloop
  endfacet
  facet normal 0 0 -1
    outer loop
      vertex 30.831384390592575 -51.88000000268221 0
      vertex 186.39999999850988 -0.6000000014901161 0
      vertex 66.77164570954363 -50.095150584360894 0
    endloop
  endfacet
  facet normal 0 0 -1
    outer loop
      vertex 67.72835429045637 -50.095150584360894 0
      vertex 72.77164570954363 -50.095150584360894 0
      vertex 72.625 -50.167468245269454 0
    endloop
  endfacet
  facet normal 0 0 -1
    outer loop
      vertex 67.875 -50.167468245269454 0
      vertex 72.625 -50.167468245269454 0
      vertex 72.4890482137391 -50.258308324635955 0
    endloop
  endfacet
  facet normal 0 0 -1
    outer loop
      vertex 68.0109517862609 -50.258308324635955 0
      vertex 72.4890482137391 -50.258308324635955 0
      vertex 72.36611652351681 -50.366116523516816 0
    endloop
  endfacet
  facet normal 0 0 -1
    outer loop
      vertex 68.13388347648319 -50.366116523516816 0
      vertex 72.36611652351681 -50.366116523516816 0
      vertex 72.25830832463596 -50.489048213739096 0
    endloop
  endfacet
  facet normal 0 0 -1
    outer loop
      vertex 68.24169167536404 -50.489048213739096 0
      vertex 72.25830832463596 -50.489048213739096 0
      vertex 72.16746824526945 -50.625 0
    endloop
  endfacet
  facet normal 0 0 -1
    outer loop
      vertex 68.33253175473055 -50.625 0
      vertex 72.16746824526945 -50.625 0
      vertex 72.0951505843609 -50.77164570954364 0
    endloop
  endfacet
  facet normal 0 0 -1
    outer loop
      vertex 68.4048494156391 -50.77164570954364 0
      vertex 72.0951505843609 -50.77164570954364 0
      vertex 72.04259271713866 -50.92647619362185 0
    endloop
  endfacet
  facet normal 0 0 -1
    outer loop
      vertex 68.45740728286134 -50.92647619362185 0
      vertex 72.04259271713866 -50.92647619362185 0
      vertex 72.01069392328273 -51.08684225972493 0
    endloop
  endfacet
  facet normal 0 0 -1
    outer loop
      vertex 68.48930607671727 -51.08684225972493 0
      vertex 72.01069392328273 -51.08684225972493 0
      vertex 72 -51.25 0
    endloop
  endfacet
  facet normal 0 0 -1
    outer loop
      vertex 73.875 -50.167468245269454 0
      vertex 78.4890482137391 -50.258308324635955 0
      vertex 74.0109517862609 -50.258308324635955 0
    endloop
  endfacet
  facet normal 0 0 -1
    outer loop
      vertex 73.72835429045637 -50.095150584360894 0
      vertex 78.625 -50.167468245269454 0
      vertex 73.875 -50.167468245269454 0
    endloop
  endfacet
  facet normal 0 0 -1
    outer loop
      vertex 74.0109517862609 -50.258308324635955 0
      vertex 78.36611652351681 -50.366116523516816 0
      vertex 74.13388347648319 -50.366116523516816 0
    endloop
  endfacet
  facet normal 0 0 -1
    outer loop
      vertex 74.13388347648319 -50.366116523516816 0
      vertex 78.25830832463596 -50.489048213739096 0
      vertex 74.24169167536404 -50.489048213739096 0
    endloop
  endfacet
  facet normal 0 0 -1
    outer loop
      vertex 74.24169167536404 -50.489048213739096 0
      vertex 78.16746824526945 -50.625 0
      vertex 74.33253175473055 -50.625 0
    endloop
  endfacet
  facet normal 0 0 -1
    outer loop
      vertex 74.33253175473055 -50.625 0
      vertex 78.0951505843609 -50.77164570954364 0
      vertex 74.4048494156391 -50.77164570954364 0
    endloop
  endfacet
  facet normal 0 0 -1
    outer loop
      vertex 74.4048494156391 -50.77164570954364 0
      vertex 78.04259271713866 -50.92647619362185 0
      vertex 74.45740728286134 -50.92647619362185 0
    endloop
  endfacet
  facet normal 0 0 -1
    outer loop
      vertex 74.45740728286134 -50.92647619362185 0
      vertex 78.01069392328273 -51.08684225972493 0
      vertex 74.48930607671727 -51.08684225972493 0
    endloop
  endfacet
  facet normal 0 0 -1
    outer loop
      vertex 74.48930607671727 -51.08684225972493 0
      vertex 78 -51.25 0
      vertex 74.5 -51.25 0
    endloop
  endfacet
  facet normal 0 0 -1
    outer loop
      vertex 73.72835429045637 -50.095150584360894 0
      vertex 78.77164570954363 -50.095150584360894 0
      vertex 78.625 -50.167468245269454 0
    endloop
  endfacet
  facet normal 0 0 -1
    outer loop
      vertex 73.875 -50.167468245269454 0
      vertex 78.625 -50.167468245269454 0
      vertex 78.4890482137391 -50.258308324635955 0
    endloop
  endfacet
  facet normal 0 0 -1
    outer loop
      vertex 74.0109517862609 -50.258308324635955 0
      vertex 78.4890482137391 -50.258308324635955 0
      vertex 78.36611652351681 -50.366116523516816 0
    endloop
  endfacet
  facet normal 0 0 -1
    outer loop
      vertex 74.13388347648319 -50.366116523516816 0
      vertex 78.36611652351681 -50.366116523516816 0
      vertex 78.25830832463596 -50.489048213739096 0
    endloop
  endfacet
  facet normal 0 0 -1
    outer loop
      vertex 74.24169167536404 -50.489048213739096 0
      vertex 78.25830832463596 -50.489048213739096 0
      vertex 78.16746824526945 -50.625 0
    endloop
  endfacet
  facet normal 0 0 -1
    outer loop
      vertex 74.33253175473055 -50.625 0
      vertex 78.16746824526945 -50.625 0
      vertex 78.0951505843609 -50.77164570954364 0
    endloop
  endfacet
  facet normal 0 0 -1
    outer loop
      vertex 74.4048494156391 -50.77164570954364 0
      vertex 78.0951505843609 -50.77164570954364 0
      vertex 78.04259271713866 -50.92647619362185 0
    endloop
  endfacet
  facet normal 0 0 -1
    outer loop
      vertex 74.45740728286134 -50.92647619362185 0
      vertex 78.04259271713866 -50.92647619362185 0
      vertex 78.01069392328273 -51.08684225972493 0
    endloop
  endfacet
  facet normal 0 0 -1
    outer loop
      vertex 74.48930607671727 -51.08684225972493 0
      vertex 78.01069392328273 -51.08684225972493 0
      vertex 78 -51.25 0
    endloop
  endfacet
  facet normal 0 0 -1
    outer loop
      vertex 79.875 -50.167468245269454 0
      vertex 84.4890482137391 -50.258308324635955 0
      vertex 80.0109517862609 -50.258308324635955 0
    endloop
  endfacet
  facet normal 0 0 -1
    outer loop
      vertex 79.72835429045637 -50.095150584360894 0
      vertex 84.625 -50.167468245269454 0
      vertex 79.875 -50.167468245269454 0
    endloop
  endfacet
  facet normal 0 0 -1
    outer loop
      vertex 80.0109517862609 -50.258308324635955 0
      vertex 84.36611652351681 -50.366116523516816 0
      vertex 80.13388347648319 -50.366116523516816 0
    endloop
  endfacet
  facet normal 0 0 -1
    outer loop
      vertex 80.13388347648319 -50.366116523516816 0
      vertex 84.25830832463596 -50.489048213739096 0
      vertex 80.24169167536404 -50.489048213739096 0
    endloop
  endfacet
  facet normal 0 0 -1
    outer loop
      vertex 80.24169167536404 -50.489048213739096 0
      vertex 84.16746824526945 -50.625 0
      vertex 80.33253175473055 -50.625 0
    endloop
  endfacet
  facet normal 0 0 -1
    outer loop
      vertex 79.72835429045637 -50.095150584360894 0
      vertex 84.77164570954363 -50.095150584360894 0
      vertex 84.625 -50.167468245269454 0
    endloop
  endfacet
  facet normal 0 0 -1
    outer loop
      vertex 79.875 -50.167468245269454 0
      vertex 84.625 -50.167468245269454 0
      vertex 84.4890482137391 -50.258308324635955 0
    endloop
  endfacet
  facet normal 0 0 -1
    outer loop
      vertex 80.0109517862609 -50.258308324635955 0
      vertex 84.4890482137391 -50.258308324635955 0
      vertex 84.36611652351681 -50.366116523516816 0
    endloop
  endfacet
  facet normal 0 0 -1
    outer loop
      vertex 80.33253175473055 -50.625 0
      vertex 84.0951505843609 -50.77164570954364 0
      vertex 80.4048494156391 -50.77164570954364 0
    endloop
  endfacet
  facet normal 0 0 -1
    outer loop
      vertex 80.4048494156391 -50.77164570954364 0
      vertex 84.04259271713866 -50.92647619362185 0
      vertex 80.45740728286134 -50.92647619362185 0
    endloop
  endfacet
  facet normal 0 0 -1
    outer loop
      vertex 80.45740728286134 -50.92647619362185 0
      vertex 84.01069392328273 -51.08684225972493 0
      vertex 80.48930607671727 -51.08684225972493 0
    endloop
  endfacet
  facet normal 0 0 -1
    outer loop
      vertex 80.48930607671727 -51.08684225972493 0
      vertex 84 -51.25 0
      vertex 80.5 -51.25 0
    endloop
  endfacet
  facet normal 0 0 -1
    outer loop
      vertex 80.13388347648319 -50.366116523516816 0
      vertex 84.36611652351681 -50.366116523516816 0
      vertex 84.25830832463596 -50.489048213739096 0
    endloop
  endfacet
  facet normal 0 0 -1
    outer loop
      vertex 80.24169167536404 -50.489048213739096 0
      vertex 84.25830832463596 -50.489048213739096 0
      vertex 84.16746824526945 -50.625 0
    endloop
  endfacet
  facet normal 0 0 -1
    outer loop
      vertex 80.33253175473055 -50.625 0
      vertex 84.16746824526945 -50.625 0
      vertex 84.0951505843609 -50.77164570954364 0
    endloop
  endfacet
  facet normal 0 0 -1
    outer loop
      vertex 80.4048494156391 -50.77164570954364 0
      vertex 84.0951505843609 -50.77164570954364 0
      vertex 84.04259271713866 -50.92647619362185 0
    endloop
  endfacet
  facet normal 0 0 -1
    outer loop
      vertex 80.45740728286134 -50.92647619362185 0
      vertex 84.04259271713866 -50.92647619362185 0
      vertex 84.01069392328273 -51.08684225972493 0
    endloop
  endfacet
  facet normal 0 0 -1
    outer loop
      vertex 80.48930607671727 -51.08684225972493 0
      vertex 84.01069392328273 -51.08684225972493 0
      vertex 84 -51.25 0
    endloop
  endfacet
  facet normal 0 0 -1
    outer loop
      vertex 85.875 -50.167468245269454 0
      vertex 90.4890482137391 -50.258308324635955 0
      vertex 86.0109517862609 -50.258308324635955 0
    endloop
  endfacet
  facet normal 0 0 -1
    outer loop
      vertex 85.72835429045637 -50.095150584360894 0
      vertex 90.625 -50.167468245269454 0
      vertex 85.875 -50.167468245269454 0
    endloop
  endfacet
  facet normal 0 0 -1
    outer loop
      vertex 86.0109517862609 -50.258308324635955 0
      vertex 90.36611652351681 -50.366116523516816 0
      vertex 86.13388347648319 -50.366116523516816 0
    endloop
  endfacet
  facet normal 0 0 -1
    outer loop
      vertex 86.13388347648319 -50.366116523516816 0
      vertex 90.25830832463596 -50.489048213739096 0
      vertex 86.24169167536404 -50.489048213739096 0
    endloop
  endfacet
  facet normal 0 0 -1
    outer loop
      vertex 86.24169167536404 -50.489048213739096 0
      vertex 90.16746824526945 -50.625 0
      vertex 86.33253175473055 -50.625 0
    endloop
  endfacet
  facet normal 0 0 -1
    outer loop
      vertex 86.33253175473055 -50.625 0
      vertex 90.0951505843609 -50.77164570954364 0
      vertex 86.4048494156391 -50.77164570954364 0
    endloop
  endfacet
  facet normal 0 0 -1
    outer loop
      vertex 86.4048494156391 -50.77164570954364 0
      vertex 90.04259271713866 -50.92647619362185 0
      vertex 86.45740728286134 -50.92647619362185 0
    endloop
  endfacet
  facet normal 0 0 -1
    outer loop
      vertex 86.45740728286134 -50.92647619362185 0
      vertex 90.01069392328273 -51.08684225972493 0
      vertex 86.48930607671727 -51.08684225972493 0
    endloop
  endfacet
  facet normal 0 0 -1
    outer loop
      vertex 86.48930607671727 -51.08684225972493 0
      vertex 90 -51.25 0
      vertex 86.5 -51.25 0
    endloop
  endfacet
  facet normal 0 0 -1
    outer loop
      vertex 85.72835429045637 -50.095150584360894 0
      vertex 90.77164570954363 -50.095150584360894 0
      vertex 90.625 -50.167468245269454 0
    endloop
  endfacet
  facet normal 0 0 -1
    outer loop
      vertex 85.875 -50.167468245269454 0
      vertex 90.625 -50.167468245269454 0
      vertex 90.4890482137391 -50.258308324635955 0
    endloop
  endfacet
  facet normal 0 0 -1
    outer loop
      vertex 86.0109517862609 -50.258308324635955 0
      vertex 90.4890482137391 -50.258308324635955 0
      vertex 90.36611652351681 -50.366116523516816 0
    endloop
  endfacet
  facet normal 0 0 -1
    outer loop
      vertex 86.13388347648319 -50.366116523516816 0
      vertex 90.36611652351681 -50.366116523516816 0
      vertex 90.25830832463596 -50.489048213739096 0
    endloop
  endfacet
  facet normal 0 0 -1
    outer loop
      vertex 86.24169167536404 -50.489048213739096 0
      vertex 90.25830832463596 -50.489048213739096 0
      vertex 90.16746824526945 -50.625 0
    endloop
  endfacet
  facet normal 0 0 -1
    outer loop
      vertex 86.33253175473055 -50.625 0
      vertex 90.16746824526945 -50.625 0
      vertex 90.0951505843609 -50.77164570954364 0
    endloop
  endfacet
  facet normal 0 0 -1
    outer loop
      vertex 86.4048494156391 -50.77164570954364 0
      vertex 90.0951505843609 -50.77164570954364 0
      vertex 90.04259271713866 -50.92647619362185 0
    endloop
  endfacet
  facet normal 0 0 -1
    outer loop
      vertex 86.45740728286134 -50.92647619362185 0
      vertex 90.04259271713866 -50.92647619362185 0
      vertex 90.01069392328273 -51.08684225972493 0
    endloop
  endfacet
  facet normal 0 0 -1
    outer loop
      vertex 86.48930607671727 -51.08684225972493 0
      vertex 90.01069392328273 -51.08684225972493 0
      vertex 90 -51.25 0
    endloop
  endfacet
  facet normal 0 0 -1
    outer loop
      vertex 91.875 -50.167468245269454 0
      vertex 96.4890482137391 -50.258308324635955 0
      vertex 92.0109517862609 -50.258308324635955 0
    endloop
  endfacet
  facet normal 0 0 -1
    outer loop
      vertex 91.72835429045637 -50.095150584360894 0
      vertex 96.625 -50.167468245269454 0
      vertex 91.875 -50.167468245269454 0
    endloop
  endfacet
  facet normal 0 0 -1
    outer loop
      vertex 92.0109517862609 -50.258308324635955 0
      vertex 96.36611652351681 -50.366116523516816 0
      vertex 92.13388347648319 -50.366116523516816 0
    endloop
  endfacet
  facet normal 0 0 -1
    outer loop
      vertex 92.13388347648319 -50.366116523516816 0
      vertex 96.25830832463596 -50.489048213739096 0
      vertex 92.24169167536404 -50.489048213739096 0
    endloop
  endfacet
  facet normal 0 0 -1
    outer loop
      vertex 92.24169167536404 -50.489048213739096 0
      vertex 96.16746824526945 -50.625 0
      vertex 92.33253175473055 -50.625 0
    endloop
  endfacet
  facet normal 0 0 -1
    outer loop
      vertex 92.33253175473055 -50.625 0
      vertex 96.0951505843609 -50.77164570954364 0
      vertex 92.4048494156391 -50.77164570954364 0
    endloop
  endfacet
  facet normal 0 0 -1
    outer loop
      vertex 92.4048494156391 -50.77164570954364 0
      vertex 96.04259271713866 -50.92647619362185 0
      vertex 92.45740728286134 -50.92647619362185 0
    endloop
  endfacet
  facet normal 0 0 -1
    outer loop
      vertex 92.45740728286134 -50.92647619362185 0
      vertex 96.01069392328273 -51.08684225972493 0
      vertex 92.48930607671727 -51.08684225972493 0
    endloop
  endfacet
  facet normal 0 0 -1
    outer loop
      vertex 92.48930607671727 -51.08684225972493 0
      vertex 96 -51.25 0
      vertex 92.5 -51.25 0
    endloop
  endfacet
  facet normal 0 0 -1
    outer loop
      vertex 91.72835429045637 -50.095150584360894 0
      vertex 96.77164570954363 -50.095150584360894 0
      vertex 96.625 -50.167468245269454 0
    endloop
  endfacet
  facet normal 0 0 -1
    outer loop
      vertex 91.875 -50.167468245269454 0
      vertex 96.625 -50.167468245269454 0
      vertex 96.4890482137391 -50.258308324635955 0
    endloop
  endfacet
  facet normal 0 0 -1
    outer loop
      vertex 92.0109517862609 -50.258308324635955 0
      vertex 96.4890482137391 -50.258308324635955 0
      vertex 96.36611652351681 -50.366116523516816 0
    endloop
  endfacet
  facet normal 0 0 -1
    outer loop
      vertex 92.13388347648319 -50.366116523516816 0
      vertex 96.36611652351681 -50.366116523516816 0
      vertex 96.25830832463596 -50.489048213739096 0
    endloop
  endfacet
  facet normal 0 0 -1
    outer loop
      vertex 92.24169167536404 -50.489048213739096 0
      vertex 96.25830832463596 -50.489048213739096 0
      vertex 96.16746824526945 -50.625 0
    endloop
  endfacet
  facet normal 0 0 -1
    outer loop
      vertex 92.33253175473055 -50.625 0
      vertex 96.16746824526945 -50.625 0
      vertex 96.0951505843609 -50.77164570954364 0
    endloop
  endfacet
  facet normal 0 0 -1
    outer loop
      vertex 92.4048494156391 -50.77164570954364 0
      vertex 96.0951505843609 -50.77164570954364 0
      vertex 96.04259271713866 -50.92647619362185 0
    endloop
  endfacet
  facet normal 0 0 -1
    outer loop
      vertex 92.45740728286134 -50.92647619362185 0
      vertex 96.04259271713866 -50.92647619362185 0
      vertex 96.01069392328273 -51.08684225972493 0
    endloop
  endfacet
  facet normal 0 0 -1
    outer loop
      vertex 92.48930607671727 -51.08684225972493 0
      vertex 96.01069392328273 -51.08684225972493 0
      vertex 96 -51.25 0
    endloop
  endfacet
  facet normal 0 0 1
    outer loop
      vertex -6.399999998509884 -52 2.3999999999999986
      vertex -6.399999998509884 -66 2.3999999999999986
      vertex 0.3999999985098839 -63 2.3999999999999986
    endloop
  endfacet
  facet normal 0 0 1
    outer loop
      vertex 3.3900497518191215 -55 2.3999999999999986
      vertex 3.3900497518191215 -63 2.3999999999999986
      vertex 29.2520520016551 -66 2.3999999999999986
    endloop
  endfacet
  facet normal 0 0 1
    outer loop
      vertex -6.399999998509884 -66 2.3999999999999986
      vertex 29.2520520016551 -66 2.3999999999999986
      vertex 0.3999999985098839 -63 2.3999999999999986
    endloop
  endfacet
  facet normal 0 0 1
    outer loop
      vertex 0.3999999985098839 -63 2.3999999999999986
      vertex 29.2520520016551 -66 2.3999999999999986
      vertex 3.3900497518191215 -63 2.3999999999999986
    endloop
  endfacet
  facet normal 0 0 1
    outer loop
      vertex -2.399999998509884 -67.20000000298023 2.3999999999999986
      vertex 10.299999997019768 -68.20000000298023 2.3999999999999986
      vertex 29.2520520016551 -67.20000000298023 2.3999999999999986
    endloop
  endfacet
  facet normal 0 0 1
    outer loop
      vertex 10.299999997019768 -68.20000000298023 2.3999999999999986
      vertex 11.899999998509884 -68.20000000298023 2.3999999999999986
      vertex 29.2520520016551 -67.20000000298023 2.3999999999999986
    endloop
  endfacet
  facet normal 0 0 1
    outer loop
      vertex -2.399999998509884 -67.20000000298023 2.3999999999999986
      vertex 10.299999997019768 -117.70000000298023 2.3999999999999986
      vertex 10.299999997019768 -68.20000000298023 2.3999999999999986
    endloop
  endfacet
  facet normal 0 0 1
    outer loop
      vertex 11.899999998509884 -68.20000000298023 2.3999999999999986
      vertex 11.899999998509884 -116.10000000149012 2.3999999999999986
      vertex 30 -67.56000000238419 2.3999999999999986
    endloop
  endfacet
  facet normal 0 0 1
    outer loop
      vertex 29.2520520016551 -52 2.3999999999999986
      vertex 29.2520520016551 -66 2.3999999999999986
      vertex 29.32117749005556 -65.92117749154568 2.3999999999999986
    endloop
  endfacet
  facet normal 0 0 1
    outer loop
      vertex 29.32117749005556 -52.07882250845432 2.3999999999999986
      vertex 29.32117749005556 -65.92117749154568 2.3999999999999986
      vertex 29.415589027106762 -65.83838079124689 2.3999999999999986
    endloop
  endfacet
  facet normal 0 0 1
    outer loop
      vertex 29.415589027106762 -52.16161920875311 2.3999999999999986
      vertex 29.415589027106762 -65.83838079124689 2.3999999999999986
      vertex 29.520000003278255 -65.76861561089754 2.3999999999999986
    endloop
  endfacet
  facet normal 0 0 1
    outer loop
      vertex 29.520000003278255 -52.23138438910246 2.3999999999999986
      vertex 29.520000003278255 -65.76861561089754 2.3999999999999986
      vertex 29.63262390345335 -65.71307564526796 2.3999999999999986
    endloop
  endfacet
  facet normal 0 0 1
    outer loop
      vertex 29.63262390345335 -52.28692435473204 2.3999999999999986
      vertex 29.63262390345335 -65.71307564526796 2.3999999999999986
      vertex 29.751533716917038 -65.67271120846272 2.3999999999999986
    endloop
  endfacet
  facet normal 0 0 1
    outer loop
      vertex 29.751533716917038 -52.327288791537285 2.3999999999999986
      vertex 29.751533716917038 -65.67271120846272 2.3999999999999986
      vertex 29.874694854021072 -65.64821293205023 2.3999999999999986
    endloop
  endfacet
  facet normal 0 0 1
    outer loop
      vertex 29.874694854021072 -52.35178706794977 2.3999999999999986
      vertex 29.874694854021072 -65.64821293205023 2.3999999999999986
      vertex 30 -65.64000000059605 2.3999999999999986
    endloop
  endfacet
  facet normal 0 0 1
    outer loop
      vertex 30 -52.35999999940395 2.3999999999999986
      vertex 30 -65.64000000059605 2.3999999999999986
      vertex 30.125305145978928 -65.64821293205023 2.3999999999999986
    endloop
  endfacet
  facet normal 0 0 1
    outer loop
      vertex 30.125305145978928 -52.35178706794977 2.3999999999999986
      vertex 30.125305145978928 -65.64821293205023 2.3999999999999986
      vertex 30.248466283082962 -65.67271120846272 2.3999999999999986
    endloop
  endfacet
  facet normal 0 0 1
    outer loop
      vertex 30.248466283082962 -52.327288791537285 2.3999999999999986
      vertex 30.248466283082962 -65.67271120846272 2.3999999999999986
      vertex 30.36737609654665 -65.71307564526796 2.3999999999999986
    endloop
  endfacet
  facet normal 0 0 1
    outer loop
      vertex 30.36737609654665 -52.28692435473204 2.3999999999999986
      vertex 30.36737609654665 -65.71307564526796 2.3999999999999986
      vertex 30.479999996721745 -65.76861561089754 2.3999999999999986
    endloop
  endfacet
  facet normal 0 0 1
    outer loop
      vertex 30.479999996721745 -52.23138438910246 2.3999999999999986
      vertex 30.479999996721745 -65.76861561089754 2.3999999999999986
      vertex 30.584410972893238 -65.83838079124689 2.3999999999999986
    endloop
  endfacet
  facet normal 0 0 1
    outer loop
      vertex 30.584410972893238 -52.16161920875311 2.3999999999999986
      vertex 30.584410972893238 -65.83838079124689 2.3999999999999986
      vertex 30.67882250994444 -65.92117749154568 2.3999999999999986
    endloop
  endfacet
  facet normal 0 0 1
    outer loop
      vertex 30.67882250994444 -52.07882250845432 2.3999999999999986
      vertex 30.67882250994444 -65.92117749154568 2.3999999999999986
      vertex 30.761619210243225 -66.01558902859688 2.3999999999999986
    endloop
  endfacet
  facet normal 0 0 1
    outer loop
      vertex 11.899999998509884 -68.20000000298023 2.3999999999999986
      vertex 29.32117749005556 -67.27882251143456 2.3999999999999986
      vertex 29.2520520016551 -67.20000000298023 2.3999999999999986
    endloop
  endfacet
  facet normal 0 0 1
    outer loop
      vertex 11.899999998509884 -68.20000000298023 2.3999999999999986
      vertex 29.415589027106762 -67.36161920428276 2.3999999999999986
      vertex 29.32117749005556 -67.27882251143456 2.3999999999999986
    endloop
  endfacet
  facet normal 0 0 1
    outer loop
      vertex 11.899999998509884 -68.20000000298023 2.3999999999999986
      vertex 29.520000003278255 -67.43138438463211 2.3999999999999986
      vertex 29.415589027106762 -67.36161920428276 2.3999999999999986
    endloop
  endfacet
  facet normal 0 0 1
    outer loop
      vertex 11.899999998509884 -68.20000000298023 2.3999999999999986
      vertex 29.63262390345335 -67.48692435026169 2.3999999999999986
      vertex 29.520000003278255 -67.43138438463211 2.3999999999999986
    endloop
  endfacet
  facet normal 0 0 1
    outer loop
      vertex 11.899999998509884 -68.20000000298023 2.3999999999999986
      vertex 29.751533716917038 -67.52728879451752 2.3999999999999986
      vertex 29.63262390345335 -67.48692435026169 2.3999999999999986
    endloop
  endfacet
  facet normal 0 0 1
    outer loop
      vertex 11.899999998509884 -68.20000000298023 2.3999999999999986
      vertex 29.874694854021072 -67.55178706347942 2.3999999999999986
      vertex 29.751533716917038 -67.52728879451752 2.3999999999999986
    endloop
  endfacet
  facet normal 0 0 1
    outer loop
      vertex 11.899999998509884 -68.20000000298023 2.3999999999999986
      vertex 30 -67.56000000238419 2.3999999999999986
      vertex 29.874694854021072 -67.55178706347942 2.3999999999999986
    endloop
  endfacet
  facet normal 0 0 1
    outer loop
      vertex 30.761619210243225 -66.01558902859688 2.3999999999999986
      vertex 30.831384390592575 -66.11999999731779 2.3999999999999986
      vertex 66 -51.25 2.3999999999999986
    endloop
  endfacet
  facet normal 0 0 1
    outer loop
      vertex 30.831384390592575 -66.11999999731779 2.3999999999999986
      vertex 30.886924348771572 -66.23262390494347 2.3999999999999986
      vertex 66 -51.25 2.3999999999999986
    endloop
  endfacet
  facet normal 0 0 1
    outer loop
      vertex 30.886924348771572 -66.23262390494347 2.3999999999999986
      vertex 30.9272887930274 -66.35153371840715 2.3999999999999986
      vertex 66 -51.25 2.3999999999999986
    endloop
  endfacet
  facet normal 0 0 1
    outer loop
      vertex 30.9272887930274 -66.35153371840715 2.3999999999999986
      vertex 30.951787069439888 -66.47469485551119 2.3999999999999986
      vertex 66 -51.25 2.3999999999999986
    endloop
  endfacet
  facet normal 0 0 1
    outer loop
      vertex 30.951787069439888 -66.47469485551119 2.3999999999999986
      vertex 30.96000000089407 -66.60000000149012 2.3999999999999986
      vertex 66 -51.25 2.3999999999999986
    endloop
  endfacet
  facet normal 0 0 1
    outer loop
      vertex 30.96000000089407 -66.60000000149012 2.3999999999999986
      vertex 30.951787069439888 -66.72530514746904 2.3999999999999986
      vertex 66 -51.25 2.3999999999999986
    endloop
  endfacet
  facet normal 0 0 1
    outer loop
      vertex 30.951787069439888 -66.72530514746904 2.3999999999999986
      vertex 30.9272887930274 -66.84846628457308 2.3999999999999986
      vertex 66 -51.25 2.3999999999999986
    endloop
  endfacet
  facet normal 0 0 1
    outer loop
      vertex 30.9272887930274 -66.84846628457308 2.3999999999999986
      vertex 30.886924348771572 -66.96737609803677 2.3999999999999986
      vertex 66 -51.25 2.3999999999999986
    endloop
  endfacet
  facet normal 0 0 1
    outer loop
      vertex 30.831384390592575 -67.07999999821186 2.3999999999999986
      vertex 30.761619210243225 -67.18441097438335 2.3999999999999986
      vertex 11.899999998509884 -116.10000000149012 2.3999999999999986
    endloop
  endfacet
  facet normal 0 0 1
    outer loop
      vertex 30.886924348771572 -66.96737609803677 2.3999999999999986
      vertex 30.831384390592575 -67.07999999821186 2.3999999999999986
      vertex 11.899999998509884 -116.10000000149012 2.3999999999999986
    endloop
  endfacet
  facet normal 0 0 1
    outer loop
      vertex 30.584410972893238 -67.36161920428276 2.3999999999999986
      vertex 11.899999998509884 -116.10000000149012 2.3999999999999986
      vertex 30.67882250994444 -67.27882251143456 2.3999999999999986
    endloop
  endfacet
  facet normal 0 0 1
    outer loop
      vertex 30.36737609654665 -67.48692435026169 2.3999999999999986
      vertex 11.899999998509884 -116.10000000149012 2.3999999999999986
      vertex 30.479999996721745 -67.43138438463211 2.3999999999999986
    endloop
  endfacet
  facet normal 0 0 1
    outer loop
      vertex 30.584410972893238 -67.36161920428276 2.3999999999999986
      vertex 30.479999996721745 -67.43138438463211 2.3999999999999986
      vertex 11.899999998509884 -116.10000000149012 2.3999999999999986
    endloop
  endfacet
  facet normal 0 0 1
    outer loop
      vertex 30 -67.56000000238419 2.3999999999999986
      vertex 11.899999998509884 -116.10000000149012 2.3999999999999986
      vertex 30.125305145978928 -67.55178706347942 2.3999999999999986
    endloop
  endfacet
  facet normal 0 0 1
    outer loop
      vertex 30.125305145978928 -67.55178706347942 2.3999999999999986
      vertex 11.899999998509884 -116.10000000149012 2.3999999999999986
      vertex 30.248466283082962 -67.52728879451752 2.3999999999999986
    endloop
  endfacet
  facet normal 0 0 1
    outer loop
      vertex 30.36737609654665 -67.48692435026169 2.3999999999999986
      vertex 30.248466283082962 -67.52728879451752 2.3999999999999986
      vertex 11.899999998509884 -116.10000000149012 2.3999999999999986
    endloop
  endfacet
  facet normal 0 0 1
    outer loop
      vertex 30.761619210243225 -67.18441097438335 2.3999999999999986
      vertex 30.67882250994444 -67.27882251143456 2.3999999999999986
      vertex 11.899999998509884 -116.10000000149012 2.3999999999999986
    endloop
  endfacet
  facet normal 0 0 1
    outer loop
      vertex 30.886924348771572 -66.96737609803677 2.3999999999999986
      vertex 11.899999998509884 -116.10000000149012 2.3999999999999986
      vertex 66 -51.25 2.3999999999999986
    endloop
  endfacet
  facet normal -1 0 0
    outer loop
      vertex -6.399999998509884 -52 2.3999999999999986
      vertex -6.399999998509884 -66 0
      vertex -6.399999998509884 -66 2.3999999999999986
    endloop
  endfacet
  facet normal 0 -1 0
    outer loop
      vertex -6.399999998509884 -66 2.3999999999999986
      vertex 29.2520520016551 -66 0
      vertex 29.2520520016551 -66 2.3999999999999986
    endloop
  endfacet
  facet normal 0 1 0
    outer loop
      vertex -2.399999998509884 -67.20000000298023 2.3999999999999986
      vertex 29.2520520016551 -67.20000000298023 2.3999999999999986
      vertex -2.399999998509884 -67.20000000298023 0
    endloop
  endfacet
  facet normal 0 -1 0
    outer loop
      vertex -6.399999998509884 -66 2.3999999999999986
      vertex -6.399999998509884 -66 0
      vertex 29.2520520016551 -66 0
    endloop
  endfacet
  facet normal 0 0 -1
    outer loop
      vertex -6.399999998509884 -52 0
      vertex 29.2520520016551 -66 0
      vertex -6.399999998509884 -66 0
    endloop
  endfacet
  facet normal 0 1 0
    outer loop
      vertex 29.2520520016551 -67.20000000298023 2.3999999999999986
      vertex 29.2520520016551 -67.20000000298023 0
      vertex -2.399999998509884 -67.20000000298023 0
    endloop
  endfacet
  facet normal -1 0 0
    outer loop
      vertex -2.399999998509884 -67.20000000298023 2.3999999999999986
      vertex -2.399999998509884 -67.20000000298023 0
      vertex -2.399999998509884 -117.39999999850988 0
    endloop
  endfacet
  facet normal 0 0 -1
    outer loop
      vertex -2.399999998509884 -67.20000000298023 0
      vertex 29.2520520016551 -67.20000000298023 0
      vertex -2.399999998509884 -117.39999999850988 0
    endloop
  endfacet
  facet normal 0 0 -1
    outer loop
      vertex 29.2520520016551 -67.20000000298023 0
      vertex 29.32117749005556 -67.27882251143456 0
      vertex -2.399999998509884 -117.39999999850988 0
    endloop
  endfacet
  facet normal 0 0 -1
    outer loop
      vertex 29.32117749005556 -67.27882251143456 0
      vertex 29.415589027106762 -67.36161920428276 0
      vertex -2.399999998509884 -117.39999999850988 0
    endloop
  endfacet
  facet normal 0 0 -1
    outer loop
      vertex 29.415589027106762 -67.36161920428276 0
      vertex 29.520000003278255 -67.43138438463211 0
      vertex -2.399999998509884 -117.39999999850988 0
    endloop
  endfacet
  facet normal 0 0 -1
    outer loop
      vertex 29.520000003278255 -67.43138438463211 0
      vertex 29.63262390345335 -67.48692435026169 0
      vertex -2.399999998509884 -117.39999999850988 0
    endloop
  endfacet
  facet normal 0 0 -1
    outer loop
      vertex 29.63262390345335 -67.48692435026169 0
      vertex 29.751533716917038 -67.52728879451752 0
      vertex -2.399999998509884 -117.39999999850988 0
    endloop
  endfacet
  facet normal 0 0 -1
    outer loop
      vertex 29.751533716917038 -67.52728879451752 0
      vertex 29.874694854021072 -67.55178706347942 0
      vertex -2.399999998509884 -117.39999999850988 0
    endloop
  endfacet
  facet normal 0 0 -1
    outer loop
      vertex 29.874694854021072 -67.55178706347942 0
      vertex 30 -67.56000000238419 0
      vertex -2.399999998509884 -117.39999999850988 0
    endloop
  endfacet
  facet normal 0.32143942391860736 -0.9469301435432679 0
    outer loop
      vertex 29.751533716917038 -65.67271120846272 2.3999999999999986
      vertex 29.63262390345335 -65.71307564526796 2.3999999999999986
      vertex 29.751533716917038 -65.67271120846272 0
    endloop
  endfacet
  facet normal 0.06540311557699255 -0.9978589241334782 0
    outer loop
      vertex 30 -65.64000000059605 2.3999999999999986
      vertex 29.874694854021072 -65.64821293205023 2.3999999999999986
      vertex 30 -65.64000000059605 0
    endloop
  endfacet
  facet normal 0.19509034547173287 -0.9807852757376203 0
    outer loop
      vertex 29.751533716917038 -65.67271120846272 2.3999999999999986
      vertex 29.874694854021072 -65.64821293205023 0
      vertex 29.874694854021072 -65.64821293205023 2.3999999999999986
    endloop
  endfacet
  facet normal -0.06540311557699255 -0.9978589241334782 0
    outer loop
      vertex 30 -65.64000000059605 2.3999999999999986
      vertex 30.125305145978928 -65.64821293205023 0
      vertex 30.125305145978928 -65.64821293205023 2.3999999999999986
    endloop
  endfacet
  facet normal -0.32143942391860736 -0.9469301435432679 0
    outer loop
      vertex 30.36737609654665 -65.71307564526796 2.3999999999999986
      vertex 30.248466283082962 -65.67271120846272 2.3999999999999986
      vertex 30.36737609654665 -65.71307564526796 0
    endloop
  endfacet
  facet normal -0.19509034547173287 -0.9807852757376203 0
    outer loop
      vertex 30.125305145978928 -65.64821293205023 2.3999999999999986
      vertex 30.248466283082962 -65.67271120846272 0
      vertex 30.248466283082962 -65.67271120846272 2.3999999999999986
    endloop
  endfacet
  facet normal 0.6593458352210926 -0.7518397898333126 0
    outer loop
      vertex 29.32117749005556 -65.92117749154568 2.3999999999999986
      vertex 29.415589027106762 -65.83838079124689 0
      vertex 29.415589027106762 -65.83838079124689 2.3999999999999986
    endloop
  endfacet
  facet normal 0.751839789832751 -0.659345835221733 0
    outer loop
      vertex 29.32117749005556 -65.92117749154568 2.3999999999999986
      vertex 29.2520520016551 -66 2.3999999999999986
      vertex 29.32117749005556 -65.92117749154568 0
    endloop
  endfacet
  facet normal 0.44228871838086714 -0.8968727276447924 0
    outer loop
      vertex 29.63262390345335 -65.71307564526796 2.3999999999999986
      vertex 29.520000003278255 -65.76861561089754 2.3999999999999986
      vertex 29.63262390345335 -65.71307564526796 0
    endloop
  endfacet
  facet normal 0.5555702137904728 -0.8314696251510384 0
    outer loop
      vertex 29.520000003278255 -65.76861561089754 2.3999999999999986
      vertex 29.415589027106762 -65.83838079124689 2.3999999999999986
      vertex 29.520000003278255 -65.76861561089754 0
    endloop
  endfacet
  facet normal -0.5555702137904728 -0.8314696251510384 0
    outer loop
      vertex 30.479999996721745 -65.76861561089754 2.3999999999999986
      vertex 30.584410972893238 -65.83838079124689 0
      vertex 30.584410972893238 -65.83838079124689 2.3999999999999986
    endloop
  endfacet
  facet normal -0.44228871838086714 -0.8968727276447924 0
    outer loop
      vertex 30.36737609654665 -65.71307564526796 2.3999999999999986
      vertex 30.479999996721745 -65.76861561089754 0
      vertex 30.479999996721745 -65.76861561089754 2.3999999999999986
    endloop
  endfacet
  facet normal -0.6593458352210926 -0.7518397898333126 0
    outer loop
      vertex 30.584410972893238 -65.83838079124689 2.3999999999999986
      vertex 30.67882250994444 -65.92117749154568 0
      vertex 30.67882250994444 -65.92117749154568 2.3999999999999986
    endloop
  endfacet
  facet normal -0.7518397898333126 -0.6593458352210926 0
    outer loop
      vertex 30.67882250994444 -65.92117749154568 2.3999999999999986
      vertex 30.761619210243225 -66.01558902859688 0
      vertex 30.761619210243225 -66.01558902859688 2.3999999999999986
    endloop
  endfacet
  facet normal -0.8968727627870069 -0.44228864711950416 0
    outer loop
      vertex 30.831384390592575 -66.11999999731779 2.3999999999999986
      vertex 30.886924348771572 -66.23262390494347 0
      vertex 30.886924348771572 -66.23262390494347 2.3999999999999986
    endloop
  endfacet
  facet normal -0.8314696068376676 -0.5555702411983694 0
    outer loop
      vertex 30.761619210243225 -66.01558902859688 2.3999999999999986
      vertex 30.831384390592575 -66.11999999731779 0
      vertex 30.831384390592575 -66.11999999731779 2.3999999999999986
    endloop
  endfacet
  facet normal -0.9469301254836952 -0.3214394771203958 0
    outer loop
      vertex 30.886924348771572 -66.23262390494347 2.3999999999999986
      vertex 30.9272887930274 -66.35153371840715 0
      vertex 30.9272887930274 -66.35153371840715 2.3999999999999986
    endloop
  endfacet
  facet normal -0.9807852757376203 -0.19509034547173287 0
    outer loop
      vertex 30.9272887930274 -66.35153371840715 2.3999999999999986
      vertex 30.951787069439888 -66.47469485551119 0
      vertex 30.951787069439888 -66.47469485551119 2.3999999999999986
    endloop
  endfacet
  facet normal -0.9978589241334782 -0.06540311557699255 0
    outer loop
      vertex 30.951787069439888 -66.47469485551119 2.3999999999999986
      vertex 30.96000000089407 -66.60000000149012 0
      vertex 30.96000000089407 -66.60000000149012 2.3999999999999986
    endloop
  endfacet
  facet normal 0.751839789832751 0.659345835221733 0
    outer loop
      vertex 29.2520520016551 -67.20000000298023 2.3999999999999986
      vertex 29.32117749005556 -67.27882251143456 2.3999999999999986
      vertex 29.2520520016551 -67.20000000298023 0
    endloop
  endfacet
  facet normal 0.6593458016827966 0.7518398192456092 0
    outer loop
      vertex 29.32117749005556 -67.27882251143456 2.3999999999999986
      vertex 29.415589027106762 -67.36161920428276 2.3999999999999986
      vertex 29.32117749005556 -67.27882251143456 0
    endloop
  endfacet
  facet normal 0.5555702137904728 0.8314696251510384 0
    outer loop
      vertex 29.415589027106762 -67.36161920428276 2.3999999999999986
      vertex 29.520000003278255 -67.43138438463211 2.3999999999999986
      vertex 29.415589027106762 -67.36161920428276 0
    endloop
  endfacet
  facet normal 0.44228871838086714 0.8968727276447924 0
    outer loop
      vertex 29.520000003278255 -67.43138438463211 2.3999999999999986
      vertex 29.63262390345335 -67.48692435026169 2.3999999999999986
      vertex 29.520000003278255 -67.43138438463211 0
    endloop
  endfacet
  facet normal 0.3214394771203958 0.9469301254836952 0
    outer loop
      vertex 29.63262390345335 -67.48692435026169 2.3999999999999986
      vertex 29.751533716917038 -67.52728879451752 2.3999999999999986
      vertex 29.63262390345335 -67.48692435026169 0
    endloop
  endfacet
  facet normal 0.1950902883977413 0.9807852870903427 0
    outer loop
      vertex 29.751533716917038 -67.52728879451752 2.3999999999999986
      vertex 29.874694854021072 -67.55178706347942 2.3999999999999986
      vertex 29.751533716917038 -67.52728879451752 0
    endloop
  endfacet
  facet normal 0.06540317465538165 0.997858920261275 0
    outer loop
      vertex 29.874694854021072 -67.55178706347942 2.3999999999999986
      vertex 30 -67.56000000238419 2.3999999999999986
      vertex 29.874694854021072 -67.55178706347942 0
    endloop
  endfacet
  facet normal -0.06540317465538165 0.997858920261275 0
    outer loop
      vertex 30 -67.56000000238419 2.3999999999999986
      vertex 30.125305145978928 -67.55178706347942 2.3999999999999986
      vertex 30 -67.56000000238419 0
    endloop
  endfacet
  facet normal -0.1950902883977413 0.9807852870903427 0
    outer loop
      vertex 30.125305145978928 -67.55178706347942 2.3999999999999986
      vertex 30.248466283082962 -67.52728879451752 2.3999999999999986
      vertex 30.125305145978928 -67.55178706347942 0
    endloop
  endfacet
  facet normal -0.3214394771203958 0.9469301254836952 0
    outer loop
      vertex 30.36737609654665 -67.48692435026169 2.3999999999999986
      vertex 30.248466283082962 -67.52728879451752 0
      vertex 30.248466283082962 -67.52728879451752 2.3999999999999986
    endloop
  endfacet
  facet normal -0.8314696251510384 0.5555702137904728 0
    outer loop
      vertex 30.831384390592575 -67.07999999821186 2.3999999999999986
      vertex 30.761619210243225 -67.18441097438335 0
      vertex 30.761619210243225 -67.18441097438335 2.3999999999999986
    endloop
  endfacet
  facet normal -0.9978589241334782 0.06540311557699255 0
    outer loop
      vertex 30.96000000089407 -66.60000000149012 2.3999999999999986
      vertex 30.951787069439888 -66.72530514746904 0
      vertex 30.951787069439888 -66.72530514746904 2.3999999999999986
    endloop
  endfacet
  facet normal -0.9807852757376203 0.19509034547173287 0
    outer loop
      vertex 30.951787069439888 -66.72530514746904 2.3999999999999986
      vertex 30.9272887930274 -66.84846628457308 0
      vertex 30.9272887930274 -66.84846628457308 2.3999999999999986
    endloop
  endfacet
  facet normal -0.9469301254836952 0.3214394771203958 0
    outer loop
      vertex 30.9272887930274 -66.84846628457308 2.3999999999999986
      vertex 30.886924348771572 -66.96737609803677 0
      vertex 30.886924348771572 -66.96737609803677 2.3999999999999986
    endloop
  endfacet
  facet normal -0.8968727511804881 0.4422886706551981 0
    outer loop
      vertex 30.886924348771572 -66.96737609803677 2.3999999999999986
      vertex 30.831384390592575 -67.07999999821186 0
      vertex 30.831384390592575 -67.07999999821186 2.3999999999999986
    endloop
  endfacet
  facet normal -0.7518397898333126 0.6593458352210926 0
    outer loop
      vertex 30.761619210243225 -67.18441097438335 2.3999999999999986
      vertex 30.67882250994444 -67.27882251143456 0
      vertex 30.67882250994444 -67.27882251143456 2.3999999999999986
    endloop
  endfacet
  facet normal -0.6593458016827966 0.7518398192456092 0
    outer loop
      vertex 30.584410972893238 -67.36161920428276 2.3999999999999986
      vertex 30.67882250994444 -67.27882251143456 2.3999999999999986
      vertex 30.584410972893238 -67.36161920428276 0
    endloop
  endfacet
  facet normal -0.44228871838086714 0.8968727276447924 0
    outer loop
      vertex 30.36737609654665 -67.48692435026169 2.3999999999999986
      vertex 30.479999996721745 -67.43138438463211 2.3999999999999986
      vertex 30.36737609654665 -67.48692435026169 0
    endloop
  endfacet
  facet normal -0.5555702137904728 0.8314696251510384 0
    outer loop
      vertex 30.584410972893238 -67.36161920428276 2.3999999999999986
      vertex 30.479999996721745 -67.43138438463211 0
      vertex 30.479999996721745 -67.43138438463211 2.3999999999999986
    endloop
  endfacet
  facet normal 0.19509034547173287 -0.9807852757376203 0
    outer loop
      vertex 29.751533716917038 -65.67271120846272 2.3999999999999986
      vertex 29.751533716917038 -65.67271120846272 0
      vertex 29.874694854021072 -65.64821293205023 0
    endloop
  endfacet
  facet normal 0.32143942391860736 -0.9469301435432679 0
    outer loop
      vertex 29.63262390345335 -65.71307564526796 2.3999999999999986
      vertex 29.63262390345335 -65.71307564526796 0
      vertex 29.751533716917038 -65.67271120846272 0
    endloop
  endfacet
  facet normal 0.06540311557699255 -0.9978589241334782 0
    outer loop
      vertex 29.874694854021072 -65.64821293205023 2.3999999999999986
      vertex 29.874694854021072 -65.64821293205023 0
      vertex 30 -65.64000000059605 0
    endloop
  endfacet
  facet normal -0.19509034547173287 -0.9807852757376203 0
    outer loop
      vertex 30.125305145978928 -65.64821293205023 2.3999999999999986
      vertex 30.125305145978928 -65.64821293205023 0
      vertex 30.248466283082962 -65.67271120846272 0
    endloop
  endfacet
  facet normal -0.06540311557699255 -0.9978589241334782 0
    outer loop
      vertex 30 -65.64000000059605 2.3999999999999986
      vertex 30 -65.64000000059605 0
      vertex 30.125305145978928 -65.64821293205023 0
    endloop
  endfacet
  facet normal -0.32143942391860736 -0.9469301435432679 0
    outer loop
      vertex 30.248466283082962 -65.67271120846272 2.3999999999999986
      vertex 30.248466283082962 -65.67271120846272 0
      vertex 30.36737609654665 -65.71307564526796 0
    endloop
  endfacet
  facet normal 0.6593458352210926 -0.7518397898333126 0
    outer loop
      vertex 29.32117749005556 -65.92117749154568 2.3999999999999986
      vertex 29.32117749005556 -65.92117749154568 0
      vertex 29.415589027106762 -65.83838079124689 0
    endloop
  endfacet
  facet normal 0.44228871838086714 -0.8968727276447924 0
    outer loop
      vertex 29.520000003278255 -65.76861561089754 2.3999999999999986
      vertex 29.520000003278255 -65.76861561089754 0
      vertex 29.63262390345335 -65.71307564526796 0
    endloop
  endfacet
  facet normal 0.5555702137904728 -0.8314696251510384 0
    outer loop
      vertex 29.415589027106762 -65.83838079124689 2.3999999999999986
      vertex 29.415589027106762 -65.83838079124689 0
      vertex 29.520000003278255 -65.76861561089754 0
    endloop
  endfacet
  facet normal 0.751839789832751 -0.659345835221733 0
    outer loop
      vertex 29.2520520016551 -66 2.3999999999999986
      vertex 29.2520520016551 -66 0
      vertex 29.32117749005556 -65.92117749154568 0
    endloop
  endfacet
  facet normal -0.5555702137904728 -0.8314696251510384 0
    outer loop
      vertex 30.479999996721745 -65.76861561089754 2.3999999999999986
      vertex 30.479999996721745 -65.76861561089754 0
      vertex 30.584410972893238 -65.83838079124689 0
    endloop
  endfacet
  facet normal -0.44228871838086714 -0.8968727276447924 0
    outer loop
      vertex 30.36737609654665 -65.71307564526796 2.3999999999999986
      vertex 30.36737609654665 -65.71307564526796 0
      vertex 30.479999996721745 -65.76861561089754 0
    endloop
  endfacet
  facet normal -0.7518397898333126 -0.6593458352210926 0
    outer loop
      vertex 30.67882250994444 -65.92117749154568 2.3999999999999986
      vertex 30.67882250994444 -65.92117749154568 0
      vertex 30.761619210243225 -66.01558902859688 0
    endloop
  endfacet
  facet normal -0.6593458352210926 -0.7518397898333126 0
    outer loop
      vertex 30.584410972893238 -65.83838079124689 2.3999999999999986
      vertex 30.584410972893238 -65.83838079124689 0
      vertex 30.67882250994444 -65.92117749154568 0
    endloop
  endfacet
  facet normal -0.8314696068376676 -0.5555702411983694 0
    outer loop
      vertex 30.761619210243225 -66.01558902859688 2.3999999999999986
      vertex 30.761619210243225 -66.01558902859688 0
      vertex 30.831384390592575 -66.11999999731779 0
    endloop
  endfacet
  facet normal -0.8968727627870069 -0.44228864711950416 0
    outer loop
      vertex 30.831384390592575 -66.11999999731779 2.3999999999999986
      vertex 30.831384390592575 -66.11999999731779 0
      vertex 30.886924348771572 -66.23262390494347 0
    endloop
  endfacet
  facet normal -0.9469301254836952 -0.3214394771203958 0
    outer loop
      vertex 30.886924348771572 -66.23262390494347 2.3999999999999986
      vertex 30.886924348771572 -66.23262390494347 0
      vertex 30.9272887930274 -66.35153371840715 0
    endloop
  endfacet
  facet normal -0.9807852757376203 -0.19509034547173287 0
    outer loop
      vertex 30.9272887930274 -66.35153371840715 2.3999999999999986
      vertex 30.9272887930274 -66.35153371840715 0
      vertex 30.951787069439888 -66.47469485551119 0
    endloop
  endfacet
  facet normal -0.9978589241334782 -0.06540311557699255 0
    outer loop
      vertex 30.951787069439888 -66.47469485551119 2.3999999999999986
      vertex 30.951787069439888 -66.47469485551119 0
      vertex 30.96000000089407 -66.60000000149012 0
    endloop
  endfacet
  facet normal -0.9978589241334782 0.06540311557699255 0
    outer loop
      vertex 30.96000000089407 -66.60000000149012 2.3999999999999986
      vertex 30.96000000089407 -66.60000000149012 0
      vertex 30.951787069439888 -66.72530514746904 0
    endloop
  endfacet
  facet normal 0 0 -1
    outer loop
      vertex 29.2520520016551 -52 0
      vertex 29.32117749005556 -65.92117749154568 0
      vertex 29.2520520016551 -66 0
    endloop
  endfacet
  facet normal 0 0 -1
    outer loop
      vertex 29.32117749005556 -52.07882250845432 0
      vertex 29.415589027106762 -65.83838079124689 0
      vertex 29.32117749005556 -65.92117749154568 0
    endloop
  endfacet
  facet normal 0 0 -1
    outer loop
      vertex 29.415589027106762 -52.16161920875311 0
      vertex 29.520000003278255 -65.76861561089754 0
      vertex 29.415589027106762 -65.83838079124689 0
    endloop
  endfacet
  facet normal 0 0 -1
    outer loop
      vertex 29.520000003278255 -52.23138438910246 0
      vertex 29.63262390345335 -65.71307564526796 0
      vertex 29.520000003278255 -65.76861561089754 0
    endloop
  endfacet
  facet normal 0 0 -1
    outer loop
      vertex 29.63262390345335 -52.28692435473204 0
      vertex 29.751533716917038 -65.67271120846272 0
      vertex 29.63262390345335 -65.71307564526796 0
    endloop
  endfacet
  facet normal 0 0 -1
    outer loop
      vertex 29.751533716917038 -52.327288791537285 0
      vertex 29.874694854021072 -65.64821293205023 0
      vertex 29.751533716917038 -65.67271120846272 0
    endloop
  endfacet
  facet normal 0 0 -1
    outer loop
      vertex 29.874694854021072 -52.35178706794977 0
      vertex 30 -65.64000000059605 0
      vertex 29.874694854021072 -65.64821293205023 0
    endloop
  endfacet
  facet normal 0 0 -1
    outer loop
      vertex 30 -52.35999999940395 0
      vertex 30.125305145978928 -65.64821293205023 0
      vertex 30 -65.64000000059605 0
    endloop
  endfacet
  facet normal 0 0 -1
    outer loop
      vertex 30.125305145978928 -52.35178706794977 0
      vertex 30.248466283082962 -65.67271120846272 0
      vertex 30.125305145978928 -65.64821293205023 0
    endloop
  endfacet
  facet normal 0 0 -1
    outer loop
      vertex 30.248466283082962 -52.327288791537285 0
      vertex 30.36737609654665 -65.71307564526796 0
      vertex 30.248466283082962 -65.67271120846272 0
    endloop
  endfacet
  facet normal 0 0 -1
    outer loop
      vertex 30.36737609654665 -52.28692435473204 0
      vertex 30.479999996721745 -65.76861561089754 0
      vertex 30.36737609654665 -65.71307564526796 0
    endloop
  endfacet
  facet normal 0 0 -1
    outer loop
      vertex 30.479999996721745 -52.23138438910246 0
      vertex 30.584410972893238 -65.83838079124689 0
      vertex 30.479999996721745 -65.76861561089754 0
    endloop
  endfacet
  facet normal 0 0 -1
    outer loop
      vertex 30.584410972893238 -52.16161920875311 0
      vertex 30.67882250994444 -65.92117749154568 0
      vertex 30.584410972893238 -65.83838079124689 0
    endloop
  endfacet
  facet normal 0 0 -1
    outer loop
      vertex 30.67882250994444 -52.07882250845432 0
      vertex 30.761619210243225 -66.01558902859688 0
      vertex 30.67882250994444 -65.92117749154568 0
    endloop
  endfacet
  facet normal 0.751839789832751 0.659345835221733 0
    outer loop
      vertex 29.32117749005556 -67.27882251143456 2.3999999999999986
      vertex 29.32117749005556 -67.27882251143456 0
      vertex 29.2520520016551 -67.20000000298023 0
    endloop
  endfacet
  facet normal 0.6593458016827966 0.7518398192456092 0
    outer loop
      vertex 29.415589027106762 -67.36161920428276 2.3999999999999986
      vertex 29.415589027106762 -67.36161920428276 0
      vertex 29.32117749005556 -67.27882251143456 0
    endloop
  endfacet
  facet normal 0.5555702137904728 0.8314696251510384 0
    outer loop
      vertex 29.520000003278255 -67.43138438463211 2.3999999999999986
      vertex 29.520000003278255 -67.43138438463211 0
      vertex 29.415589027106762 -67.36161920428276 0
    endloop
  endfacet
  facet normal 0.44228871838086714 0.8968727276447924 0
    outer loop
      vertex 29.63262390345335 -67.48692435026169 2.3999999999999986
      vertex 29.63262390345335 -67.48692435026169 0
      vertex 29.520000003278255 -67.43138438463211 0
    endloop
  endfacet
  facet normal 0.3214394771203958 0.9469301254836952 0
    outer loop
      vertex 29.751533716917038 -67.52728879451752 2.3999999999999986
      vertex 29.751533716917038 -67.52728879451752 0
      vertex 29.63262390345335 -67.48692435026169 0
    endloop
  endfacet
  facet normal 0.1950902883977413 0.9807852870903427 0
    outer loop
      vertex 29.874694854021072 -67.55178706347942 2.3999999999999986
      vertex 29.874694854021072 -67.55178706347942 0
      vertex 29.751533716917038 -67.52728879451752 0
    endloop
  endfacet
  facet normal 0.06540317465538165 0.997858920261275 0
    outer loop
      vertex 30 -67.56000000238419 2.3999999999999986
      vertex 30 -67.56000000238419 0
      vertex 29.874694854021072 -67.55178706347942 0
    endloop
  endfacet
  facet normal -0.06540317465538165 0.997858920261275 0
    outer loop
      vertex 30.125305145978928 -67.55178706347942 2.3999999999999986
      vertex 30.125305145978928 -67.55178706347942 0
      vertex 30 -67.56000000238419 0
    endloop
  endfacet
  facet normal -0.3214394771203958 0.9469301254836952 0
    outer loop
      vertex 30.36737609654665 -67.48692435026169 2.3999999999999986
      vertex 30.36737609654665 -67.48692435026169 0
      vertex 30.248466283082962 -67.52728879451752 0
    endloop
  endfacet
  facet normal -0.1950902883977413 0.9807852870903427 0
    outer loop
      vertex 30.248466283082962 -67.52728879451752 2.3999999999999986
      vertex 30.248466283082962 -67.52728879451752 0
      vertex 30.125305145978928 -67.55178706347942 0
    endloop
  endfacet
  facet normal -0.9807852757376203 0.19509034547173287 0
    outer loop
      vertex 30.951787069439888 -66.72530514746904 2.3999999999999986
      vertex 30.951787069439888 -66.72530514746904 0
      vertex 30.9272887930274 -66.84846628457308 0
    endloop
  endfacet
  facet normal -0.9469301254836952 0.3214394771203958 0
    outer loop
      vertex 30.9272887930274 -66.84846628457308 2.3999999999999986
      vertex 30.9272887930274 -66.84846628457308 0
      vertex 30.886924348771572 -66.96737609803677 0
    endloop
  endfacet
  facet normal -0.8968727511804881 0.4422886706551981 0
    outer loop
      vertex 30.886924348771572 -66.96737609803677 2.3999999999999986
      vertex 30.886924348771572 -66.96737609803677 0
      vertex 30.831384390592575 -67.07999999821186 0
    endloop
  endfacet
  facet normal -0.8314696251510384 0.5555702137904728 0
    outer loop
      vertex 30.831384390592575 -67.07999999821186 2.3999999999999986
      vertex 30.831384390592575 -67.07999999821186 0
      vertex 30.761619210243225 -67.18441097438335 0
    endloop
  endfacet
  facet normal -0.5555702137904728 0.8314696251510384 0
    outer loop
      vertex 30.584410972893238 -67.36161920428276 2.3999999999999986
      vertex 30.584410972893238 -67.36161920428276 0
      vertex 30.479999996721745 -67.43138438463211 0
    endloop
  endfacet
  facet normal -0.7518397898333126 0.6593458352210926 0
    outer loop
      vertex 30.761619210243225 -67.18441097438335 2.3999999999999986
      vertex 30.761619210243225 -67.18441097438335 0
      vertex 30.67882250994444 -67.27882251143456 0
    endloop
  endfacet
  facet normal -0.6593458016827966 0.7518398192456092 0
    outer loop
      vertex 30.67882250994444 -67.27882251143456 2.3999999999999986
      vertex 30.67882250994444 -67.27882251143456 0
      vertex 30.584410972893238 -67.36161920428276 0
    endloop
  endfacet
  facet normal -0.44228871838086714 0.8968727276447924 0
    outer loop
      vertex 30.479999996721745 -67.43138438463211 2.3999999999999986
      vertex 30.479999996721745 -67.43138438463211 0
      vertex 30.36737609654665 -67.48692435026169 0
    endloop
  endfacet
  facet normal 0 0 -1
    outer loop
      vertex 30.761619210243225 -51.98441097140312 0
      vertex 30.831384390592575 -51.88000000268221 0
      vertex 66 -110.85 0
    endloop
  endfacet
  facet normal 0 0 -1
    outer loop
      vertex 30 -67.56000000238419 0
      vertex 30.125305145978928 -67.55178706347942 0
      vertex -2.399999998509884 -117.39999999850988 0
    endloop
  endfacet
  facet normal 0 0 -1
    outer loop
      vertex 30.125305145978928 -67.55178706347942 0
      vertex 30.248466283082962 -67.52728879451752 0
      vertex -2.399999998509884 -117.39999999850988 0
    endloop
  endfacet
  facet normal 0 0 -1
    outer loop
      vertex 30.36737609654665 -67.48692435026169 0
      vertex -2.399999998509884 -117.39999999850988 0
      vertex 30.248466283082962 -67.52728879451752 0
    endloop
  endfacet
  facet normal 0 0 -1
    outer loop
      vertex 30.761619210243225 -51.98441097140312 0
      vertex 66 -110.85 0
      vertex 30.761619210243225 -66.01558902859688 0
    endloop
  endfacet
  facet normal 0 0 -1
    outer loop
      vertex 30.761619210243225 -66.01558902859688 0
      vertex 66 -110.85 0
      vertex 30.831384390592575 -66.11999999731779 0
    endloop
  endfacet
  facet normal 0 0 -1
    outer loop
      vertex 30.584410972893238 -67.36161920428276 0
      vertex 66 -110.85 0
      vertex 30.479999996721745 -67.43138438463211 0
    endloop
  endfacet
  facet normal 0 0 -1
    outer loop
      vertex 30.36737609654665 -67.48692435026169 0
      vertex 30.479999996721745 -67.43138438463211 0
      vertex 66 -110.85 0
    endloop
  endfacet
  facet normal 0 0 -1
    outer loop
      vertex 30.831384390592575 -66.11999999731779 0
      vertex 66 -110.85 0
      vertex 30.886924348771572 -66.23262390494347 0
    endloop
  endfacet
  facet normal 0 0 -1
    outer loop
      vertex 30.886924348771572 -66.23262390494347 0
      vertex 66 -110.85 0
      vertex 30.9272887930274 -66.35153371840715 0
    endloop
  endfacet
  facet normal 0 0 -1
    outer loop
      vertex 30.9272887930274 -66.35153371840715 0
      vertex 66 -110.85 0
      vertex 30.951787069439888 -66.47469485551119 0
    endloop
  endfacet
  facet normal 0 0 -1
    outer loop
      vertex 30.951787069439888 -66.47469485551119 0
      vertex 66 -110.85 0
      vertex 30.96000000089407 -66.60000000149012 0
    endloop
  endfacet
  facet normal 0 0 -1
    outer loop
      vertex 30.96000000089407 -66.60000000149012 0
      vertex 66 -110.85 0
      vertex 30.951787069439888 -66.72530514746904 0
    endloop
  endfacet
  facet normal 0 0 -1
    outer loop
      vertex 30.951787069439888 -66.72530514746904 0
      vertex 66 -110.85 0
      vertex 30.9272887930274 -66.84846628457308 0
    endloop
  endfacet
  facet normal 0 0 -1
    outer loop
      vertex 30.886924348771572 -66.96737609803677 0
      vertex 66 -110.85 0
      vertex 30.831384390592575 -67.07999999821186 0
    endloop
  endfacet
  facet normal 0 0 -1
    outer loop
      vertex 30.831384390592575 -67.07999999821186 0
      vertex 66 -110.85 0
      vertex 30.761619210243225 -67.18441097438335 0
    endloop
  endfacet
  facet normal 0 0 -1
    outer loop
      vertex 30.761619210243225 -67.18441097438335 0
      vertex 66 -110.85 0
      vertex 30.67882250994444 -67.27882251143456 0
    endloop
  endfacet
  facet normal 0 0 -1
    outer loop
      vertex 30.9272887930274 -66.84846628457308 0
      vertex 66 -110.85 0
      vertex 30.886924348771572 -66.96737609803677 0
    endloop
  endfacet
  facet normal 0 0 -1
    outer loop
      vertex 30.584410972893238 -67.36161920428276 0
      vertex 30.67882250994444 -67.27882251143456 0
      vertex 66 -110.85 0
    endloop
  endfacet
  facet normal 0 0 1
    outer loop
      vertex -2.399999998509884 -67.20000000298023 2.3999999999999986
      vertex -2.399999998509884 -117.39999999850988 2.3999999999999986
      vertex 10.299999997019768 -117.70000000298023 2.3999999999999986
    endloop
  endfacet
  facet normal 0 0 1
    outer loop
      vertex -2.399999998509884 -117.39999999850988 2.3999999999999986
      vertex -2.374334581196308 -117.79157857596874 2.3999999999999986
      vertex 10.299999997019768 -117.70000000298023 2.3999999999999986
    endloop
  endfacet
  facet normal 0 0 1
    outer loop
      vertex -2.374334581196308 -117.79157857596874 2.3999999999999986
      vertex -2.297777473926544 -118.17645713686943 2.3999999999999986
      vertex 10.299999997019768 -117.70000000298023 2.3999999999999986
    endloop
  endfacet
  facet normal 0 0 1
    outer loop
      vertex -2.297777473926544 -118.17645713686943 2.3999999999999986
      vertex -2.1716385930776596 -118.54805029928684 2.3999999999999986
      vertex 10.299999997019768 -117.70000000298023 2.3999999999999986
    endloop
  endfacet
  facet normal 0 0 1
    outer loop
      vertex -2.1716385930776596 -118.54805029928684 2.3999999999999986
      vertex -1.99807620793581 -118.89999999850988 2.3999999999999986
      vertex 10.299999997019768 -117.70000000298023 2.3999999999999986
    endloop
  endfacet
  facet normal 0 0 1
    outer loop
      vertex -1.99807620793581 -118.89999999850988 2.3999999999999986
      vertex -1.7800600230693817 -119.22628428786993 2.3999999999999986
      vertex 10.299999997019768 -117.70000000298023 2.3999999999999986
    endloop
  endfacet
  facet normal 0 0 1
    outer loop
      vertex -1.7800600230693817 -119.22628428786993 2.3999999999999986
      vertex -1.5213203430175781 -119.52132034301758 2.3999999999999986
      vertex 10.299999997019768 -117.70000000298023 2.3999999999999986
    endloop
  endfacet
  facet normal 0 0 1
    outer loop
      vertex -1.5213203430175781 -119.52132034301758 2.3999999999999986
      vertex -1.2262842878699303 -119.78006002306938 2.3999999999999986
      vertex 10.299999997019768 -117.70000000298023 2.3999999999999986
    endloop
  endfacet
  facet normal 0 0 1
    outer loop
      vertex -1.2262842878699303 -119.78006002306938 2.3999999999999986
      vertex -0.8999999985098839 -119.99807620793581 2.3999999999999986
      vertex 10.299999997019768 -117.70000000298023 2.3999999999999986
    endloop
  endfacet
  facet normal 0 0 1
    outer loop
      vertex -0.8999999985098839 -119.99807620793581 2.3999999999999986
      vertex -0.5480502992868423 -120.17163859307766 2.3999999999999986
      vertex 10.299999997019768 -117.70000000298023 2.3999999999999986
    endloop
  endfacet
  facet normal 0 0 1
    outer loop
      vertex -0.5480502992868423 -120.17163859307766 2.3999999999999986
      vertex -0.17645713686943054 -120.29777747392654 2.3999999999999986
      vertex 10.299999997019768 -117.70000000298023 2.3999999999999986
    endloop
  endfacet
  facet normal 0 0 1
    outer loop
      vertex -0.17645713686943054 -120.29777747392654 2.3999999999999986
      vertex 0.20842142403125763 -120.37433458119631 2.3999999999999986
      vertex 10.299999997019768 -117.70000000298023 2.3999999999999986
    endloop
  endfacet
  facet normal 0 0 1
    outer loop
      vertex 0.20842142403125763 -120.37433458119631 2.3999999999999986
      vertex 0.6000000014901161 -120.39999999850988 2.3999999999999986
      vertex 10.299999997019768 -117.70000000298023 2.3999999999999986
    endloop
  endfacet
  facet normal -1 0 0
    outer loop
      vertex -2.399999998509884 -67.20000000298023 2.3999999999999986
      vertex -2.399999998509884 -117.39999999850988 0
      vertex -2.399999998509884 -117.39999999850988 2.3999999999999986
    endloop
  endfacet
  facet normal 0 0 -1
    outer loop
      vertex 30.36737609654665 -67.48692435026169 0
      vertex -2.374334581196308 -117.79157857596874 0
      vertex -2.399999998509884 -117.39999999850988 0
    endloop
  endfacet
  facet normal 0 0 -1
    outer loop
      vertex 30.36737609654665 -67.48692435026169 0
      vertex -2.297777473926544 -118.17645713686943 0
      vertex -2.374334581196308 -117.79157857596874 0
    endloop
  endfacet
  facet normal 0 0 -1
    outer loop
      vertex 30.36737609654665 -67.48692435026169 0
      vertex -2.1716385930776596 -118.54805029928684 0
      vertex -2.297777473926544 -118.17645713686943 0
    endloop
  endfacet
  facet normal 0 0 -1
    outer loop
      vertex 30.36737609654665 -67.48692435026169 0
      vertex -1.99807620793581 -118.89999999850988 0
      vertex -2.1716385930776596 -118.54805029928684 0
    endloop
  endfacet
  facet normal 0 0 -1
    outer loop
      vertex 30.36737609654665 -67.48692435026169 0
      vertex -1.7800600230693817 -119.22628428786993 0
      vertex -1.99807620793581 -118.89999999850988 0
    endloop
  endfacet
  facet normal 0 0 -1
    outer loop
      vertex 30.36737609654665 -67.48692435026169 0
      vertex -1.5213203430175781 -119.52132034301758 0
      vertex -1.7800600230693817 -119.22628428786993 0
    endloop
  endfacet
  facet normal 0 0 -1
    outer loop
      vertex 30.36737609654665 -67.48692435026169 0
      vertex -1.2262842878699303 -119.78006002306938 0
      vertex -1.5213203430175781 -119.52132034301758 0
    endloop
  endfacet
  facet normal 0 0 -1
    outer loop
      vertex 30.36737609654665 -67.48692435026169 0
      vertex -0.8999999985098839 -119.99807620793581 0
      vertex -1.2262842878699303 -119.78006002306938 0
    endloop
  endfacet
  facet normal 0 0 -1
    outer loop
      vertex 30.36737609654665 -67.48692435026169 0
      vertex -0.5480502992868423 -120.17163859307766 0
      vertex -0.8999999985098839 -119.99807620793581 0
    endloop
  endfacet
  facet normal 0 0 -1
    outer loop
      vertex 30.36737609654665 -67.48692435026169 0
      vertex -0.17645713686943054 -120.29777747392654 0
      vertex -0.5480502992868423 -120.17163859307766 0
    endloop
  endfacet
  facet normal 0 0 -1
    outer loop
      vertex 30.36737609654665 -67.48692435026169 0
      vertex 0.20842142403125763 -120.37433458119631 0
      vertex -0.17645713686943054 -120.29777747392654 0
    endloop
  endfacet
  facet normal 0 0 -1
    outer loop
      vertex 30.36737609654665 -67.48692435026169 0
      vertex 0.6000000014901161 -120.39999999850988 0
      vertex 0.20842142403125763 -120.37433458119631 0
    endloop
  endfacet
  facet normal -0.9978589230086541 -0.06540313273849395 0
    outer loop
      vertex -2.399999998509884 -117.39999999850988 2.3999999999999986
      vertex -2.374334581196308 -117.79157857596874 0
      vertex -2.374334581196308 -117.79157857596874 2.3999999999999986
    endloop
  endfacet
  facet normal -0.980785279639006 -0.19509032585814406 0
    outer loop
      vertex -2.374334581196308 -117.79157857596874 2.3999999999999986
      vertex -2.297777473926544 -118.17645713686943 0
      vertex -2.297777473926544 -118.17645713686943 2.3999999999999986
    endloop
  endfacet
  facet normal -0.9469301300366788 -0.3214394637077385 0
    outer loop
      vertex -2.297777473926544 -118.17645713686943 2.3999999999999986
      vertex -2.1716385930776596 -118.54805029928684 0
      vertex -2.1716385930776596 -118.54805029928684 2.3999999999999986
    endloop
  endfacet
  facet normal -0.8968727407473451 -0.4422886918115197 0
    outer loop
      vertex -2.1716385930776596 -118.54805029928684 2.3999999999999986
      vertex -1.99807620793581 -118.89999999850988 0
      vertex -1.99807620793581 -118.89999999850988 2.3999999999999986
    endloop
  endfacet
  facet normal -0.8314696207458844 -0.5555702203832522 0
    outer loop
      vertex -1.99807620793581 -118.89999999850988 2.3999999999999986
      vertex -1.7800600230693817 -119.22628428786993 0
      vertex -1.7800600230693817 -119.22628428786993 2.3999999999999986
    endloop
  endfacet
  facet normal -0.7518398024852507 -0.6593458207943228 0
    outer loop
      vertex -1.7800600230693817 -119.22628428786993 2.3999999999999986
      vertex -1.5213203430175781 -119.52132034301758 0
      vertex -1.5213203430175781 -119.52132034301758 2.3999999999999986
    endloop
  endfacet
  facet normal -0.6593458207943228 -0.7518398024852507 0
    outer loop
      vertex -1.5213203430175781 -119.52132034301758 2.3999999999999986
      vertex -1.2262842878699303 -119.78006002306938 0
      vertex -1.2262842878699303 -119.78006002306938 2.3999999999999986
    endloop
  endfacet
  facet normal -0.5555702203832522 -0.8314696207458844 0
    outer loop
      vertex -1.2262842878699303 -119.78006002306938 2.3999999999999986
      vertex -0.8999999985098839 -119.99807620793581 0
      vertex -0.8999999985098839 -119.99807620793581 2.3999999999999986
    endloop
  endfacet
  facet normal -0.4422886918115197 -0.8968727407473451 0
    outer loop
      vertex -0.8999999985098839 -119.99807620793581 2.3999999999999986
      vertex -0.5480502992868423 -120.17163859307766 0
      vertex -0.5480502992868423 -120.17163859307766 2.3999999999999986
    endloop
  endfacet
  facet normal -0.3214394637077385 -0.9469301300366788 0
    outer loop
      vertex -0.5480502992868423 -120.17163859307766 2.3999999999999986
      vertex -0.17645713686943054 -120.29777747392654 0
      vertex -0.17645713686943054 -120.29777747392654 2.3999999999999986
    endloop
  endfacet
  facet normal -0.19509032585814406 -0.980785279639006 0
    outer loop
      vertex -0.17645713686943054 -120.29777747392654 2.3999999999999986
      vertex 0.20842142403125763 -120.37433458119631 0
      vertex 0.20842142403125763 -120.37433458119631 2.3999999999999986
    endloop
  endfacet
  facet normal -0.06540313273849395 -0.9978589230086541 0
    outer loop
      vertex 0.20842142403125763 -120.37433458119631 2.3999999999999986
      vertex 0.6000000014901161 -120.39999999850988 0
      vertex 0.6000000014901161 -120.39999999850988 2.3999999999999986
    endloop
  endfacet
  facet normal -0.9978589230086541 -0.06540313273849395 0
    outer loop
      vertex -2.399999998509884 -117.39999999850988 2.3999999999999986
      vertex -2.399999998509884 -117.39999999850988 0
      vertex -2.374334581196308 -117.79157857596874 0
    endloop
  endfacet
  facet normal -0.980785279639006 -0.19509032585814406 0
    outer loop
      vertex -2.374334581196308 -117.79157857596874 2.3999999999999986
      vertex -2.374334581196308 -117.79157857596874 0
      vertex -2.297777473926544 -118.17645713686943 0
    endloop
  endfacet
  facet normal -0.9469301300366788 -0.3214394637077385 0
    outer loop
      vertex -2.297777473926544 -118.17645713686943 2.3999999999999986
      vertex -2.297777473926544 -118.17645713686943 0
      vertex -2.1716385930776596 -118.54805029928684 0
    endloop
  endfacet
  facet normal -0.8968727407473451 -0.4422886918115197 0
    outer loop
      vertex -2.1716385930776596 -118.54805029928684 2.3999999999999986
      vertex -2.1716385930776596 -118.54805029928684 0
      vertex -1.99807620793581 -118.89999999850988 0
    endloop
  endfacet
  facet normal -0.8314696207458844 -0.5555702203832522 0
    outer loop
      vertex -1.99807620793581 -118.89999999850988 2.3999999999999986
      vertex -1.99807620793581 -118.89999999850988 0
      vertex -1.7800600230693817 -119.22628428786993 0
    endloop
  endfacet
  facet normal -0.7518398024852507 -0.6593458207943228 0
    outer loop
      vertex -1.7800600230693817 -119.22628428786993 2.3999999999999986
      vertex -1.7800600230693817 -119.22628428786993 0
      vertex -1.5213203430175781 -119.52132034301758 0
    endloop
  endfacet
  facet normal -0.6593458207943228 -0.7518398024852507 0
    outer loop
      vertex -1.5213203430175781 -119.52132034301758 2.3999999999999986
      vertex -1.5213203430175781 -119.52132034301758 0
      vertex -1.2262842878699303 -119.78006002306938 0
    endloop
  endfacet
  facet normal -0.5555702203832522 -0.8314696207458844 0
    outer loop
      vertex -1.2262842878699303 -119.78006002306938 2.3999999999999986
      vertex -1.2262842878699303 -119.78006002306938 0
      vertex -0.8999999985098839 -119.99807620793581 0
    endloop
  endfacet
  facet normal -0.4422886918115197 -0.8968727407473451 0
    outer loop
      vertex -0.8999999985098839 -119.99807620793581 2.3999999999999986
      vertex -0.8999999985098839 -119.99807620793581 0
      vertex -0.5480502992868423 -120.17163859307766 0
    endloop
  endfacet
  facet normal -0.3214394637077385 -0.9469301300366788 0
    outer loop
      vertex -0.5480502992868423 -120.17163859307766 2.3999999999999986
      vertex -0.5480502992868423 -120.17163859307766 0
      vertex -0.17645713686943054 -120.29777747392654 0
    endloop
  endfacet
  facet normal -0.19509032585814406 -0.980785279639006 0
    outer loop
      vertex -0.17645713686943054 -120.29777747392654 2.3999999999999986
      vertex -0.17645713686943054 -120.29777747392654 0
      vertex 0.20842142403125763 -120.37433458119631 0
    endloop
  endfacet
  facet normal -0.06540313273849395 -0.9978589230086541 0
    outer loop
      vertex 0.20842142403125763 -120.37433458119631 2.3999999999999986
      vertex 0.20842142403125763 -120.37433458119631 0
      vertex 0.6000000014901161 -120.39999999850988 0
    endloop
  endfacet
  facet normal 0 0 -1
    outer loop
      vertex 30.36737609654665 -67.48692435026169 0
      vertex 66 -110.85 0
      vertex 0.6000000014901161 -120.39999999850988 0
    endloop
  endfacet
  facet normal 0 0 -1
    outer loop
      vertex 0.6000000014901161 -120.39999999850988 0
      vertex 66 -110.85 0
      vertex 66.01069392328273 -111.01315774027506 0
    endloop
  endfacet
  facet normal 0 0 -1
    outer loop
      vertex 0.6000000014901161 -120.39999999850988 0
      vertex 66.01069392328273 -111.01315774027506 0
      vertex 66.04259271713866 -111.17352380637814 0
    endloop
  endfacet
  facet normal 0 0 -1
    outer loop
      vertex 0.6000000014901161 -120.39999999850988 0
      vertex 66.04259271713866 -111.17352380637814 0
      vertex 66.0951505843609 -111.32835429045636 0
    endloop
  endfacet
  facet normal 0 0 -1
    outer loop
      vertex 0.6000000014901161 -120.39999999850988 0
      vertex 66.0951505843609 -111.32835429045636 0
      vertex 66.16746824526945 -111.475 0
    endloop
  endfacet
  facet normal 0 0 -1
    outer loop
      vertex 0.6000000014901161 -120.39999999850988 0
      vertex 66.16746824526945 -111.475 0
      vertex 66.25830832463596 -111.6109517862609 0
    endloop
  endfacet
  facet normal 0 0 -1
    outer loop
      vertex 0.6000000014901161 -120.39999999850988 0
      vertex 66.25830832463596 -111.6109517862609 0
      vertex 66.36611652351681 -111.73388347648319 0
    endloop
  endfacet
  facet normal 0 0 -1
    outer loop
      vertex 0.6000000014901161 -120.39999999850988 0
      vertex 66.36611652351681 -111.73388347648319 0
      vertex 66.4890482137391 -111.84169167536403 0
    endloop
  endfacet
  facet normal 0 0 -1
    outer loop
      vertex 0.6000000014901161 -120.39999999850988 0
      vertex 66.4890482137391 -111.84169167536403 0
      vertex 66.625 -111.93253175473055 0
    endloop
  endfacet
  facet normal 0 0 -1
    outer loop
      vertex 0.6000000014901161 -120.39999999850988 0
      vertex 66.625 -111.93253175473055 0
      vertex 66.77164570954363 -112.0048494156391 0
    endloop
  endfacet
  facet normal 0 0 -1
    outer loop
      vertex 0.6000000014901161 -120.39999999850988 0
      vertex 66.77164570954363 -112.0048494156391 0
      vertex 66.92647619362185 -112.05740728286133 0
    endloop
  endfacet
  facet normal 0 0 1
    outer loop
      vertex 68.5 -110.85 2.3999999999999986
      vertex 72 -51.25 2.3999999999999986
      vertex 68.5 -51.25 2.3999999999999986
    endloop
  endfacet
  facet normal 0 0 1
    outer loop
      vertex 74.5 -110.85 2.3999999999999986
      vertex 78 -51.25 2.3999999999999986
      vertex 74.5 -51.25 2.3999999999999986
    endloop
  endfacet
  facet normal 0 0 1
    outer loop
      vertex 80.5 -110.85 2.3999999999999986
      vertex 84 -51.25 2.3999999999999986
      vertex 80.5 -51.25 2.3999999999999986
    endloop
  endfacet
  facet normal 0 0 1
    outer loop
      vertex 86.5 -110.85 2.3999999999999986
      vertex 90 -51.25 2.3999999999999986
      vertex 86.5 -51.25 2.3999999999999986
    endloop
  endfacet
  facet normal 0 0 1
    outer loop
      vertex 92.5 -110.85 2.3999999999999986
      vertex 96 -51.25 2.3999999999999986
      vertex 92.5 -51.25 2.3999999999999986
    endloop
  endfacet
  facet normal 0 0 -1
    outer loop
      vertex 30.831384390592575 -51.88000000268221 0
      vertex 66 -51.25 0
      vertex 66 -110.85 0
    endloop
  endfacet
  facet normal 0 0 -1
    outer loop
      vertex 68.5 -51.25 0
      vertex 72 -51.25 0
      vertex 72 -110.85 0
    endloop
  endfacet
  facet normal 0 0 -1
    outer loop
      vertex 74.5 -51.25 0
      vertex 78 -51.25 0
      vertex 78 -110.85 0
    endloop
  endfacet
  facet normal 0 0 -1
    outer loop
      vertex 80.5 -51.25 0
      vertex 84 -51.25 0
      vertex 84 -110.85 0
    endloop
  endfacet
  facet normal 0 0 -1
    outer loop
      vertex 86.5 -51.25 0
      vertex 90 -51.25 0
      vertex 90 -110.85 0
    endloop
  endfacet
  facet normal 0 0 -1
    outer loop
      vertex 92.5 -51.25 0
      vertex 96 -51.25 0
      vertex 96 -110.85 0
    endloop
  endfacet
  facet normal 0 0 1
    outer loop
      vertex 11.899999998509884 -116.10000000149012 2.3999999999999986
      vertex 66 -110.85 2.3999999999999986
      vertex 66 -51.25 2.3999999999999986
    endloop
  endfacet
  facet normal 0 0 1
    outer loop
      vertex 11.899999998509884 -116.10000000149012 2.3999999999999986
      vertex 66.01069392328273 -111.01315774027506 2.3999999999999986
      vertex 66 -110.85 2.3999999999999986
    endloop
  endfacet
  facet normal 0 0 1
    outer loop
      vertex 11.899999998509884 -116.10000000149012 2.3999999999999986
      vertex 66.04259271713866 -111.17352380637814 2.3999999999999986
      vertex 66.01069392328273 -111.01315774027506 2.3999999999999986
    endloop
  endfacet
  facet normal 0 0 1
    outer loop
      vertex 11.899999998509884 -116.10000000149012 2.3999999999999986
      vertex 66.0951505843609 -111.32835429045636 2.3999999999999986
      vertex 66.04259271713866 -111.17352380637814 2.3999999999999986
    endloop
  endfacet
  facet normal 0 0 1
    outer loop
      vertex 11.899999998509884 -116.10000000149012 2.3999999999999986
      vertex 66.16746824526945 -111.475 2.3999999999999986
      vertex 66.0951505843609 -111.32835429045636 2.3999999999999986
    endloop
  endfacet
  facet normal 0 0 1
    outer loop
      vertex 11.899999998509884 -116.10000000149012 2.3999999999999986
      vertex 66.25830832463596 -111.6109517862609 2.3999999999999986
      vertex 66.16746824526945 -111.475 2.3999999999999986
    endloop
  endfacet
  facet normal 0 0 1
    outer loop
      vertex 11.899999998509884 -116.10000000149012 2.3999999999999986
      vertex 66.36611652351681 -111.73388347648319 2.3999999999999986
      vertex 66.25830832463596 -111.6109517862609 2.3999999999999986
    endloop
  endfacet
  facet normal 0 0 1
    outer loop
      vertex 11.899999998509884 -116.10000000149012 2.3999999999999986
      vertex 66.4890482137391 -111.84169167536403 2.3999999999999986
      vertex 66.36611652351681 -111.73388347648319 2.3999999999999986
    endloop
  endfacet
  facet normal 0 0 1
    outer loop
      vertex 11.899999998509884 -116.10000000149012 2.3999999999999986
      vertex 66.625 -111.93253175473055 2.3999999999999986
      vertex 66.4890482137391 -111.84169167536403 2.3999999999999986
    endloop
  endfacet
  facet normal 0 0 1
    outer loop
      vertex 11.899999998509884 -116.10000000149012 2.3999999999999986
      vertex 66.77164570954363 -112.0048494156391 2.3999999999999986
      vertex 66.625 -111.93253175473055 2.3999999999999986
    endloop
  endfacet
  facet normal 0 0 1
    outer loop
      vertex 11.899999998509884 -116.10000000149012 2.3999999999999986
      vertex 66.92647619362185 -112.05740728286133 2.3999999999999986
      vertex 66.77164570954363 -112.0048494156391 2.3999999999999986
    endloop
  endfacet
  facet normal 0 0 1
    outer loop
      vertex 11.899999998509884 -116.10000000149012 2.3999999999999986
      vertex 67.08684225972493 -112.08930607671726 2.3999999999999986
      vertex 66.92647619362185 -112.05740728286133 2.3999999999999986
    endloop
  endfacet
  facet normal 0 0 1
    outer loop
      vertex 11.899999998509884 -116.10000000149012 2.3999999999999986
      vertex 67.25 -112.1 2.3999999999999986
      vertex 67.08684225972493 -112.08930607671726 2.3999999999999986
    endloop
  endfacet
  facet normal 0 0 1
    outer loop
      vertex 68.24169167536404 -111.6109517862609 2.3999999999999986
      vertex 72.16746824526945 -111.475 2.3999999999999986
      vertex 68.33253175473055 -111.475 2.3999999999999986
    endloop
  endfacet
  facet normal 0 0 1
    outer loop
      vertex 68.13388347648319 -111.73388347648319 2.3999999999999986
      vertex 72.25830832463596 -111.6109517862609 2.3999999999999986
      vertex 68.24169167536404 -111.6109517862609 2.3999999999999986
    endloop
  endfacet
  facet normal 0 0 1
    outer loop
      vertex 68.48930607671727 -111.01315774027506 2.3999999999999986
      vertex 72 -110.85 2.3999999999999986
      vertex 68.5 -110.85 2.3999999999999986
    endloop
  endfacet
  facet normal 0 0 1
    outer loop
      vertex 68.45740728286134 -111.17352380637814 2.3999999999999986
      vertex 72.01069392328273 -111.01315774027506 2.3999999999999986
      vertex 68.48930607671727 -111.01315774027506 2.3999999999999986
    endloop
  endfacet
  facet normal 0 0 1
    outer loop
      vertex 68.4048494156391 -111.32835429045636 2.3999999999999986
      vertex 72.04259271713866 -111.17352380637814 2.3999999999999986
      vertex 68.45740728286134 -111.17352380637814 2.3999999999999986
    endloop
  endfacet
  facet normal 0 0 1
    outer loop
      vertex 68.33253175473055 -111.475 2.3999999999999986
      vertex 72.0951505843609 -111.32835429045636 2.3999999999999986
      vertex 68.4048494156391 -111.32835429045636 2.3999999999999986
    endloop
  endfacet
  facet normal 0 0 1
    outer loop
      vertex 68.0109517862609 -111.84169167536403 2.3999999999999986
      vertex 72.36611652351681 -111.73388347648319 2.3999999999999986
      vertex 68.13388347648319 -111.73388347648319 2.3999999999999986
    endloop
  endfacet
  facet normal 0 0 1
    outer loop
      vertex 67.875 -111.93253175473055 2.3999999999999986
      vertex 72.4890482137391 -111.84169167536403 2.3999999999999986
      vertex 68.0109517862609 -111.84169167536403 2.3999999999999986
    endloop
  endfacet
  facet normal 0 0 1
    outer loop
      vertex 67.72835429045637 -112.0048494156391 2.3999999999999986
      vertex 72.625 -111.93253175473055 2.3999999999999986
      vertex 67.875 -111.93253175473055 2.3999999999999986
    endloop
  endfacet
  facet normal 0 0 1
    outer loop
      vertex 67.57352380637815 -112.05740728286133 2.3999999999999986
      vertex 72.77164570954363 -112.0048494156391 2.3999999999999986
      vertex 67.72835429045637 -112.0048494156391 2.3999999999999986
    endloop
  endfacet
  facet normal 0 0 1
    outer loop
      vertex 67.41315774027507 -112.08930607671726 2.3999999999999986
      vertex 72.92647619362185 -112.05740728286133 2.3999999999999986
      vertex 67.57352380637815 -112.05740728286133 2.3999999999999986
    endloop
  endfacet
  facet normal 0 0 1
    outer loop
      vertex 0.6000000014901161 -120.39999999850988 2.3999999999999986
      vertex 183.39999999850988 -120.39999999850988 2.3999999999999986
      vertex 10.299999997019768 -117.70000000298023 2.3999999999999986
    endloop
  endfacet
  facet normal 0 0 1
    outer loop
      vertex 72 -51.25 2.3999999999999986
      vertex 68.5 -110.85 2.3999999999999986
      vertex 72 -110.85 2.3999999999999986
    endloop
  endfacet
  facet normal 0 0 1
    outer loop
      vertex 78 -51.25 2.3999999999999986
      vertex 74.5 -110.85 2.3999999999999986
      vertex 78 -110.85 2.3999999999999986
    endloop
  endfacet
  facet normal 0 0 1
    outer loop
      vertex 84 -51.25 2.3999999999999986
      vertex 80.5 -110.85 2.3999999999999986
      vertex 84 -110.85 2.3999999999999986
    endloop
  endfacet
  facet normal 0 0 1
    outer loop
      vertex 90 -51.25 2.3999999999999986
      vertex 86.5 -110.85 2.3999999999999986
      vertex 90 -110.85 2.3999999999999986
    endloop
  endfacet
  facet normal 0 0 1
    outer loop
      vertex 96 -51.25 2.3999999999999986
      vertex 92.5 -110.85 2.3999999999999986
      vertex 96 -110.85 2.3999999999999986
    endloop
  endfacet
  facet normal 0 0 1
    outer loop
      vertex 68.48930607671727 -111.01315774027506 2.3999999999999986
      vertex 72.01069392328273 -111.01315774027506 2.3999999999999986
      vertex 72 -110.85 2.3999999999999986
    endloop
  endfacet
  facet normal 0 0 1
    outer loop
      vertex 68.45740728286134 -111.17352380637814 2.3999999999999986
      vertex 72.04259271713866 -111.17352380637814 2.3999999999999986
      vertex 72.01069392328273 -111.01315774027506 2.3999999999999986
    endloop
  endfacet
  facet normal 0 0 1
    outer loop
      vertex 68.4048494156391 -111.32835429045636 2.3999999999999986
      vertex 72.0951505843609 -111.32835429045636 2.3999999999999986
      vertex 72.04259271713866 -111.17352380637814 2.3999999999999986
    endloop
  endfacet
  facet normal 0 0 1
    outer loop
      vertex 68.33253175473055 -111.475 2.3999999999999986
      vertex 72.16746824526945 -111.475 2.3999999999999986
      vertex 72.0951505843609 -111.32835429045636 2.3999999999999986
    endloop
  endfacet
  facet normal 0 0 1
    outer loop
      vertex 68.24169167536404 -111.6109517862609 2.3999999999999986
      vertex 72.25830832463596 -111.6109517862609 2.3999999999999986
      vertex 72.16746824526945 -111.475 2.3999999999999986
    endloop
  endfacet
  facet normal 0 0 1
    outer loop
      vertex 68.13388347648319 -111.73388347648319 2.3999999999999986
      vertex 72.36611652351681 -111.73388347648319 2.3999999999999986
      vertex 72.25830832463596 -111.6109517862609 2.3999999999999986
    endloop
  endfacet
  facet normal 0 0 1
    outer loop
      vertex 68.0109517862609 -111.84169167536403 2.3999999999999986
      vertex 72.4890482137391 -111.84169167536403 2.3999999999999986
      vertex 72.36611652351681 -111.73388347648319 2.3999999999999986
    endloop
  endfacet
  facet normal 0 0 1
    outer loop
      vertex 67.875 -111.93253175473055 2.3999999999999986
      vertex 72.625 -111.93253175473055 2.3999999999999986
      vertex 72.4890482137391 -111.84169167536403 2.3999999999999986
    endloop
  endfacet
  facet normal 0 0 1
    outer loop
      vertex 67.72835429045637 -112.0048494156391 2.3999999999999986
      vertex 72.77164570954363 -112.0048494156391 2.3999999999999986
      vertex 72.625 -111.93253175473055 2.3999999999999986
    endloop
  endfacet
  facet normal 0 0 1
    outer loop
      vertex 67.57352380637815 -112.05740728286133 2.3999999999999986
      vertex 72.92647619362185 -112.05740728286133 2.3999999999999986
      vertex 72.77164570954363 -112.0048494156391 2.3999999999999986
    endloop
  endfacet
  facet normal 0 0 1
    outer loop
      vertex 67.41315774027507 -112.08930607671726 2.3999999999999986
      vertex 73.08684225972493 -112.08930607671726 2.3999999999999986
      vertex 72.92647619362185 -112.05740728286133 2.3999999999999986
    endloop
  endfacet
  facet normal 0 0 1
    outer loop
      vertex 73.08684225972493 -112.08930607671726 2.3999999999999986
      vertex 67.41315774027507 -112.08930607671726 2.3999999999999986
      vertex 73.25 -112.1 2.3999999999999986
    endloop
  endfacet
  facet normal 0 0 1
    outer loop
      vertex 74.48930607671727 -111.01315774027506 2.3999999999999986
      vertex 78 -110.85 2.3999999999999986
      vertex 74.5 -110.85 2.3999999999999986
    endloop
  endfacet
  facet normal 0 0 1
    outer loop
      vertex 74.45740728286134 -111.17352380637814 2.3999999999999986
      vertex 78.01069392328273 -111.01315774027506 2.3999999999999986
      vertex 74.48930607671727 -111.01315774027506 2.3999999999999986
    endloop
  endfacet
  facet normal 0 0 1
    outer loop
      vertex 74.4048494156391 -111.32835429045636 2.3999999999999986
      vertex 78.04259271713866 -111.17352380637814 2.3999999999999986
      vertex 74.45740728286134 -111.17352380637814 2.3999999999999986
    endloop
  endfacet
  facet normal 0 0 1
    outer loop
      vertex 74.24169167536404 -111.6109517862609 2.3999999999999986
      vertex 78.16746824526945 -111.475 2.3999999999999986
      vertex 74.33253175473055 -111.475 2.3999999999999986
    endloop
  endfacet
  facet normal 0 0 1
    outer loop
      vertex 74.13388347648319 -111.73388347648319 2.3999999999999986
      vertex 78.25830832463596 -111.6109517862609 2.3999999999999986
      vertex 74.24169167536404 -111.6109517862609 2.3999999999999986
    endloop
  endfacet
  facet normal 0 0 1
    outer loop
      vertex 74.33253175473055 -111.475 2.3999999999999986
      vertex 78.0951505843609 -111.32835429045636 2.3999999999999986
      vertex 74.4048494156391 -111.32835429045636 2.3999999999999986
    endloop
  endfacet
  facet normal 0 0 1
    outer loop
      vertex 74.0109517862609 -111.84169167536403 2.3999999999999986
      vertex 78.36611652351681 -111.73388347648319 2.3999999999999986
      vertex 74.13388347648319 -111.73388347648319 2.3999999999999986
    endloop
  endfacet
  facet normal 0 0 1
    outer loop
      vertex 73.875 -111.93253175473055 2.3999999999999986
      vertex 78.4890482137391 -111.84169167536403 2.3999999999999986
      vertex 74.0109517862609 -111.84169167536403 2.3999999999999986
    endloop
  endfacet
  facet normal 0 0 1
    outer loop
      vertex 73.72835429045637 -112.0048494156391 2.3999999999999986
      vertex 78.625 -111.93253175473055 2.3999999999999986
      vertex 73.875 -111.93253175473055 2.3999999999999986
    endloop
  endfacet
  facet normal 0 0 1
    outer loop
      vertex 73.57352380637815 -112.05740728286133 2.3999999999999986
      vertex 78.77164570954363 -112.0048494156391 2.3999999999999986
      vertex 73.72835429045637 -112.0048494156391 2.3999999999999986
    endloop
  endfacet
  facet normal 0 0 1
    outer loop
      vertex 73.41315774027507 -112.08930607671726 2.3999999999999986
      vertex 78.92647619362185 -112.05740728286133 2.3999999999999986
      vertex 73.57352380637815 -112.05740728286133 2.3999999999999986
    endloop
  endfacet
  facet normal 0 0 1
    outer loop
      vertex 73.25 -112.1 2.3999999999999986
      vertex 79.08684225972493 -112.08930607671726 2.3999999999999986
      vertex 73.41315774027507 -112.08930607671726 2.3999999999999986
    endloop
  endfacet
  facet normal 0 0 1
    outer loop
      vertex 74.48930607671727 -111.01315774027506 2.3999999999999986
      vertex 78.01069392328273 -111.01315774027506 2.3999999999999986
      vertex 78 -110.85 2.3999999999999986
    endloop
  endfacet
  facet normal 0 0 1
    outer loop
      vertex 74.45740728286134 -111.17352380637814 2.3999999999999986
      vertex 78.04259271713866 -111.17352380637814 2.3999999999999986
      vertex 78.01069392328273 -111.01315774027506 2.3999999999999986
    endloop
  endfacet
  facet normal 0 0 1
    outer loop
      vertex 74.4048494156391 -111.32835429045636 2.3999999999999986
      vertex 78.0951505843609 -111.32835429045636 2.3999999999999986
      vertex 78.04259271713866 -111.17352380637814 2.3999999999999986
    endloop
  endfacet
  facet normal 0 0 1
    outer loop
      vertex 74.33253175473055 -111.475 2.3999999999999986
      vertex 78.16746824526945 -111.475 2.3999999999999986
      vertex 78.0951505843609 -111.32835429045636 2.3999999999999986
    endloop
  endfacet
  facet normal 0 0 1
    outer loop
      vertex 74.24169167536404 -111.6109517862609 2.3999999999999986
      vertex 78.25830832463596 -111.6109517862609 2.3999999999999986
      vertex 78.16746824526945 -111.475 2.3999999999999986
    endloop
  endfacet
  facet normal 0 0 1
    outer loop
      vertex 74.13388347648319 -111.73388347648319 2.3999999999999986
      vertex 78.36611652351681 -111.73388347648319 2.3999999999999986
      vertex 78.25830832463596 -111.6109517862609 2.3999999999999986
    endloop
  endfacet
  facet normal 0 0 1
    outer loop
      vertex 74.0109517862609 -111.84169167536403 2.3999999999999986
      vertex 78.4890482137391 -111.84169167536403 2.3999999999999986
      vertex 78.36611652351681 -111.73388347648319 2.3999999999999986
    endloop
  endfacet
  facet normal 0 0 1
    outer loop
      vertex 73.875 -111.93253175473055 2.3999999999999986
      vertex 78.625 -111.93253175473055 2.3999999999999986
      vertex 78.4890482137391 -111.84169167536403 2.3999999999999986
    endloop
  endfacet
  facet normal 0 0 1
    outer loop
      vertex 73.72835429045637 -112.0048494156391 2.3999999999999986
      vertex 78.77164570954363 -112.0048494156391 2.3999999999999986
      vertex 78.625 -111.93253175473055 2.3999999999999986
    endloop
  endfacet
  facet normal 0 0 1
    outer loop
      vertex 73.57352380637815 -112.05740728286133 2.3999999999999986
      vertex 78.92647619362185 -112.05740728286133 2.3999999999999986
      vertex 78.77164570954363 -112.0048494156391 2.3999999999999986
    endloop
  endfacet
  facet normal 0 0 1
    outer loop
      vertex 73.41315774027507 -112.08930607671726 2.3999999999999986
      vertex 79.08684225972493 -112.08930607671726 2.3999999999999986
      vertex 78.92647619362185 -112.05740728286133 2.3999999999999986
    endloop
  endfacet
  facet normal 0 0 1
    outer loop
      vertex 73.25 -112.1 2.3999999999999986
      vertex 79.25 -112.1 2.3999999999999986
      vertex 79.08684225972493 -112.08930607671726 2.3999999999999986
    endloop
  endfacet
  facet normal 0 0 1
    outer loop
      vertex 80.24169167536404 -111.6109517862609 2.3999999999999986
      vertex 84.16746824526945 -111.475 2.3999999999999986
      vertex 80.33253175473055 -111.475 2.3999999999999986
    endloop
  endfacet
  facet normal 0 0 1
    outer loop
      vertex 80.13388347648319 -111.73388347648319 2.3999999999999986
      vertex 84.25830832463596 -111.6109517862609 2.3999999999999986
      vertex 80.24169167536404 -111.6109517862609 2.3999999999999986
    endloop
  endfacet
  facet normal 0 0 1
    outer loop
      vertex 80.0109517862609 -111.84169167536403 2.3999999999999986
      vertex 84.36611652351681 -111.73388347648319 2.3999999999999986
      vertex 80.13388347648319 -111.73388347648319 2.3999999999999986
    endloop
  endfacet
  facet normal 0 0 1
    outer loop
      vertex 79.875 -111.93253175473055 2.3999999999999986
      vertex 84.4890482137391 -111.84169167536403 2.3999999999999986
      vertex 80.0109517862609 -111.84169167536403 2.3999999999999986
    endloop
  endfacet
  facet normal 0 0 1
    outer loop
      vertex 79.72835429045637 -112.0048494156391 2.3999999999999986
      vertex 84.625 -111.93253175473055 2.3999999999999986
      vertex 79.875 -111.93253175473055 2.3999999999999986
    endloop
  endfacet
  facet normal 0 0 1
    outer loop
      vertex 79.57352380637815 -112.05740728286133 2.3999999999999986
      vertex 84.77164570954363 -112.0048494156391 2.3999999999999986
      vertex 79.72835429045637 -112.0048494156391 2.3999999999999986
    endloop
  endfacet
  facet normal 0 0 1
    outer loop
      vertex 79.41315774027507 -112.08930607671726 2.3999999999999986
      vertex 84.92647619362185 -112.05740728286133 2.3999999999999986
      vertex 79.57352380637815 -112.05740728286133 2.3999999999999986
    endloop
  endfacet
  facet normal 0 0 1
    outer loop
      vertex 79.25 -112.1 2.3999999999999986
      vertex 85.08684225972493 -112.08930607671726 2.3999999999999986
      vertex 79.41315774027507 -112.08930607671726 2.3999999999999986
    endloop
  endfacet
  facet normal 0 0 1
    outer loop
      vertex 80.48930607671727 -111.01315774027506 2.3999999999999986
      vertex 84 -110.85 2.3999999999999986
      vertex 80.5 -110.85 2.3999999999999986
    endloop
  endfacet
  facet normal 0 0 1
    outer loop
      vertex 80.45740728286134 -111.17352380637814 2.3999999999999986
      vertex 84.01069392328273 -111.01315774027506 2.3999999999999986
      vertex 80.48930607671727 -111.01315774027506 2.3999999999999986
    endloop
  endfacet
  facet normal 0 0 1
    outer loop
      vertex 80.4048494156391 -111.32835429045636 2.3999999999999986
      vertex 84.04259271713866 -111.17352380637814 2.3999999999999986
      vertex 80.45740728286134 -111.17352380637814 2.3999999999999986
    endloop
  endfacet
  facet normal 0 0 1
    outer loop
      vertex 80.33253175473055 -111.475 2.3999999999999986
      vertex 84.0951505843609 -111.32835429045636 2.3999999999999986
      vertex 80.4048494156391 -111.32835429045636 2.3999999999999986
    endloop
  endfacet
  facet normal 0 0 1
    outer loop
      vertex 80.48930607671727 -111.01315774027506 2.3999999999999986
      vertex 84.01069392328273 -111.01315774027506 2.3999999999999986
      vertex 84 -110.85 2.3999999999999986
    endloop
  endfacet
  facet normal 0 0 1
    outer loop
      vertex 80.45740728286134 -111.17352380637814 2.3999999999999986
      vertex 84.04259271713866 -111.17352380637814 2.3999999999999986
      vertex 84.01069392328273 -111.01315774027506 2.3999999999999986
    endloop
  endfacet
  facet normal 0 0 1
    outer loop
      vertex 80.4048494156391 -111.32835429045636 2.3999999999999986
      vertex 84.0951505843609 -111.32835429045636 2.3999999999999986
      vertex 84.04259271713866 -111.17352380637814 2.3999999999999986
    endloop
  endfacet
  facet normal 0 0 1
    outer loop
      vertex 80.33253175473055 -111.475 2.3999999999999986
      vertex 84.16746824526945 -111.475 2.3999999999999986
      vertex 84.0951505843609 -111.32835429045636 2.3999999999999986
    endloop
  endfacet
  facet normal 0 0 1
    outer loop
      vertex 80.24169167536404 -111.6109517862609 2.3999999999999986
      vertex 84.25830832463596 -111.6109517862609 2.3999999999999986
      vertex 84.16746824526945 -111.475 2.3999999999999986
    endloop
  endfacet
  facet normal 0 0 1
    outer loop
      vertex 80.13388347648319 -111.73388347648319 2.3999999999999986
      vertex 84.36611652351681 -111.73388347648319 2.3999999999999986
      vertex 84.25830832463596 -111.6109517862609 2.3999999999999986
    endloop
  endfacet
  facet normal 0 0 1
    outer loop
      vertex 80.0109517862609 -111.84169167536403 2.3999999999999986
      vertex 84.4890482137391 -111.84169167536403 2.3999999999999986
      vertex 84.36611652351681 -111.73388347648319 2.3999999999999986
    endloop
  endfacet
  facet normal 0 0 1
    outer loop
      vertex 79.875 -111.93253175473055 2.3999999999999986
      vertex 84.625 -111.93253175473055 2.3999999999999986
      vertex 84.4890482137391 -111.84169167536403 2.3999999999999986
    endloop
  endfacet
  facet normal 0 0 1
    outer loop
      vertex 79.72835429045637 -112.0048494156391 2.3999999999999986
      vertex 84.77164570954363 -112.0048494156391 2.3999999999999986
      vertex 84.625 -111.93253175473055 2.3999999999999986
    endloop
  endfacet
  facet normal 0 0 1
    outer loop
      vertex 79.57352380637815 -112.05740728286133 2.3999999999999986
      vertex 84.92647619362185 -112.05740728286133 2.3999999999999986
      vertex 84.77164570954363 -112.0048494156391 2.3999999999999986
    endloop
  endfacet
  facet normal 0 0 1
    outer loop
      vertex 79.41315774027507 -112.08930607671726 2.3999999999999986
      vertex 85.08684225972493 -112.08930607671726 2.3999999999999986
      vertex 84.92647619362185 -112.05740728286133 2.3999999999999986
    endloop
  endfacet
  facet normal 0 0 1
    outer loop
      vertex 79.25 -112.1 2.3999999999999986
      vertex 85.25 -112.1 2.3999999999999986
      vertex 85.08684225972493 -112.08930607671726 2.3999999999999986
    endloop
  endfacet
  facet normal 0 0 1
    outer loop
      vertex 86.48930607671727 -111.01315774027506 2.3999999999999986
      vertex 90 -110.85 2.3999999999999986
      vertex 86.5 -110.85 2.3999999999999986
    endloop
  endfacet
  facet normal 0 0 1
    outer loop
      vertex 86.45740728286134 -111.17352380637814 2.3999999999999986
      vertex 90.01069392328273 -111.01315774027506 2.3999999999999986
      vertex 86.48930607671727 -111.01315774027506 2.3999999999999986
    endloop
  endfacet
  facet normal 0 0 1
    outer loop
      vertex 86.4048494156391 -111.32835429045636 2.3999999999999986
      vertex 90.04259271713866 -111.17352380637814 2.3999999999999986
      vertex 86.45740728286134 -111.17352380637814 2.3999999999999986
    endloop
  endfacet
  facet normal 0 0 1
    outer loop
      vertex 86.24169167536404 -111.6109517862609 2.3999999999999986
      vertex 90.16746824526945 -111.475 2.3999999999999986
      vertex 86.33253175473055 -111.475 2.3999999999999986
    endloop
  endfacet
  facet normal 0 0 1
    outer loop
      vertex 86.13388347648319 -111.73388347648319 2.3999999999999986
      vertex 90.25830832463596 -111.6109517862609 2.3999999999999986
      vertex 86.24169167536404 -111.6109517862609 2.3999999999999986
    endloop
  endfacet
  facet normal 0 0 1
    outer loop
      vertex 86.33253175473055 -111.475 2.3999999999999986
      vertex 90.0951505843609 -111.32835429045636 2.3999999999999986
      vertex 86.4048494156391 -111.32835429045636 2.3999999999999986
    endloop
  endfacet
  facet normal 0 0 1
    outer loop
      vertex 86.0109517862609 -111.84169167536403 2.3999999999999986
      vertex 90.36611652351681 -111.73388347648319 2.3999999999999986
      vertex 86.13388347648319 -111.73388347648319 2.3999999999999986
    endloop
  endfacet
  facet normal 0 0 1
    outer loop
      vertex 85.875 -111.93253175473055 2.3999999999999986
      vertex 90.4890482137391 -111.84169167536403 2.3999999999999986
      vertex 86.0109517862609 -111.84169167536403 2.3999999999999986
    endloop
  endfacet
  facet normal 0 0 1
    outer loop
      vertex 85.72835429045637 -112.0048494156391 2.3999999999999986
      vertex 90.625 -111.93253175473055 2.3999999999999986
      vertex 85.875 -111.93253175473055 2.3999999999999986
    endloop
  endfacet
  facet normal 0 0 1
    outer loop
      vertex 85.57352380637815 -112.05740728286133 2.3999999999999986
      vertex 90.77164570954363 -112.0048494156391 2.3999999999999986
      vertex 85.72835429045637 -112.0048494156391 2.3999999999999986
    endloop
  endfacet
  facet normal 0 0 1
    outer loop
      vertex 85.41315774027507 -112.08930607671726 2.3999999999999986
      vertex 90.92647619362185 -112.05740728286133 2.3999999999999986
      vertex 85.57352380637815 -112.05740728286133 2.3999999999999986
    endloop
  endfacet
  facet normal 0 0 1
    outer loop
      vertex 85.25 -112.1 2.3999999999999986
      vertex 91.08684225972493 -112.08930607671726 2.3999999999999986
      vertex 85.41315774027507 -112.08930607671726 2.3999999999999986
    endloop
  endfacet
  facet normal 0 0 1
    outer loop
      vertex 86.48930607671727 -111.01315774027506 2.3999999999999986
      vertex 90.01069392328273 -111.01315774027506 2.3999999999999986
      vertex 90 -110.85 2.3999999999999986
    endloop
  endfacet
  facet normal 0 0 1
    outer loop
      vertex 86.45740728286134 -111.17352380637814 2.3999999999999986
      vertex 90.04259271713866 -111.17352380637814 2.3999999999999986
      vertex 90.01069392328273 -111.01315774027506 2.3999999999999986
    endloop
  endfacet
  facet normal 0 0 1
    outer loop
      vertex 86.4048494156391 -111.32835429045636 2.3999999999999986
      vertex 90.0951505843609 -111.32835429045636 2.3999999999999986
      vertex 90.04259271713866 -111.17352380637814 2.3999999999999986
    endloop
  endfacet
  facet normal 0 0 1
    outer loop
      vertex 86.33253175473055 -111.475 2.3999999999999986
      vertex 90.16746824526945 -111.475 2.3999999999999986
      vertex 90.0951505843609 -111.32835429045636 2.3999999999999986
    endloop
  endfacet
  facet normal 0 0 1
    outer loop
      vertex 86.24169167536404 -111.6109517862609 2.3999999999999986
      vertex 90.25830832463596 -111.6109517862609 2.3999999999999986
      vertex 90.16746824526945 -111.475 2.3999999999999986
    endloop
  endfacet
  facet normal 0 0 1
    outer loop
      vertex 86.13388347648319 -111.73388347648319 2.3999999999999986
      vertex 90.36611652351681 -111.73388347648319 2.3999999999999986
      vertex 90.25830832463596 -111.6109517862609 2.3999999999999986
    endloop
  endfacet
  facet normal 0 0 1
    outer loop
      vertex 86.0109517862609 -111.84169167536403 2.3999999999999986
      vertex 90.4890482137391 -111.84169167536403 2.3999999999999986
      vertex 90.36611652351681 -111.73388347648319 2.3999999999999986
    endloop
  endfacet
  facet normal 0 0 1
    outer loop
      vertex 85.875 -111.93253175473055 2.3999999999999986
      vertex 90.625 -111.93253175473055 2.3999999999999986
      vertex 90.4890482137391 -111.84169167536403 2.3999999999999986
    endloop
  endfacet
  facet normal 0 0 1
    outer loop
      vertex 85.72835429045637 -112.0048494156391 2.3999999999999986
      vertex 90.77164570954363 -112.0048494156391 2.3999999999999986
      vertex 90.625 -111.93253175473055 2.3999999999999986
    endloop
  endfacet
  facet normal 0 0 1
    outer loop
      vertex 85.57352380637815 -112.05740728286133 2.3999999999999986
      vertex 90.92647619362185 -112.05740728286133 2.3999999999999986
      vertex 90.77164570954363 -112.0048494156391 2.3999999999999986
    endloop
  endfacet
  facet normal 0 0 1
    outer loop
      vertex 85.41315774027507 -112.08930607671726 2.3999999999999986
      vertex 91.08684225972493 -112.08930607671726 2.3999999999999986
      vertex 90.92647619362185 -112.05740728286133 2.3999999999999986
    endloop
  endfacet
  facet normal 0 0 1
    outer loop
      vertex 85.25 -112.1 2.3999999999999986
      vertex 91.25 -112.1 2.3999999999999986
      vertex 91.08684225972493 -112.08930607671726 2.3999999999999986
    endloop
  endfacet
  facet normal 0 0 1
    outer loop
      vertex 92.24169167536404 -111.6109517862609 2.3999999999999986
      vertex 96.16746824526945 -111.475 2.3999999999999986
      vertex 92.33253175473055 -111.475 2.3999999999999986
    endloop
  endfacet
  facet normal 0 0 1
    outer loop
      vertex 92.13388347648319 -111.73388347648319 2.3999999999999986
      vertex 96.25830832463596 -111.6109517862609 2.3999999999999986
      vertex 92.24169167536404 -111.6109517862609 2.3999999999999986
    endloop
  endfacet
  facet normal 0 0 1
    outer loop
      vertex 92.48930607671727 -111.01315774027506 2.3999999999999986
      vertex 96 -110.85 2.3999999999999986
      vertex 92.5 -110.85 2.3999999999999986
    endloop
  endfacet
  facet normal 0 0 1
    outer loop
      vertex 92.45740728286134 -111.17352380637814 2.3999999999999986
      vertex 96.01069392328273 -111.01315774027506 2.3999999999999986
      vertex 92.48930607671727 -111.01315774027506 2.3999999999999986
    endloop
  endfacet
  facet normal 0 0 1
    outer loop
      vertex 92.4048494156391 -111.32835429045636 2.3999999999999986
      vertex 96.04259271713866 -111.17352380637814 2.3999999999999986
      vertex 92.45740728286134 -111.17352380637814 2.3999999999999986
    endloop
  endfacet
  facet normal 0 0 1
    outer loop
      vertex 92.33253175473055 -111.475 2.3999999999999986
      vertex 96.0951505843609 -111.32835429045636 2.3999999999999986
      vertex 92.4048494156391 -111.32835429045636 2.3999999999999986
    endloop
  endfacet
  facet normal 0 0 1
    outer loop
      vertex 92.0109517862609 -111.84169167536403 2.3999999999999986
      vertex 96.36611652351681 -111.73388347648319 2.3999999999999986
      vertex 92.13388347648319 -111.73388347648319 2.3999999999999986
    endloop
  endfacet
  facet normal 0 0 1
    outer loop
      vertex 91.875 -111.93253175473055 2.3999999999999986
      vertex 96.4890482137391 -111.84169167536403 2.3999999999999986
      vertex 92.0109517862609 -111.84169167536403 2.3999999999999986
    endloop
  endfacet
  facet normal 0 0 1
    outer loop
      vertex 91.72835429045637 -112.0048494156391 2.3999999999999986
      vertex 96.625 -111.93253175473055 2.3999999999999986
      vertex 91.875 -111.93253175473055 2.3999999999999986
    endloop
  endfacet
  facet normal 0 0 1
    outer loop
      vertex 91.57352380637815 -112.05740728286133 2.3999999999999986
      vertex 96.77164570954363 -112.0048494156391 2.3999999999999986
      vertex 91.72835429045637 -112.0048494156391 2.3999999999999986
    endloop
  endfacet
  facet normal 0 0 1
    outer loop
      vertex 91.41315774027507 -112.08930607671726 2.3999999999999986
      vertex 96.92647619362185 -112.05740728286133 2.3999999999999986
      vertex 91.57352380637815 -112.05740728286133 2.3999999999999986
    endloop
  endfacet
  facet normal 0 0 1
    outer loop
      vertex 91.25 -112.1 2.3999999999999986
      vertex 97.08684225972493 -112.08930607671726 2.3999999999999986
      vertex 91.41315774027507 -112.08930607671726 2.3999999999999986
    endloop
  endfacet
  facet normal 0 0 1
    outer loop
      vertex 92.48930607671727 -111.01315774027506 2.3999999999999986
      vertex 96.01069392328273 -111.01315774027506 2.3999999999999986
      vertex 96 -110.85 2.3999999999999986
    endloop
  endfacet
  facet normal 0 0 1
    outer loop
      vertex 92.45740728286134 -111.17352380637814 2.3999999999999986
      vertex 96.04259271713866 -111.17352380637814 2.3999999999999986
      vertex 96.01069392328273 -111.01315774027506 2.3999999999999986
    endloop
  endfacet
  facet normal 0 0 1
    outer loop
      vertex 92.4048494156391 -111.32835429045636 2.3999999999999986
      vertex 96.0951505843609 -111.32835429045636 2.3999999999999986
      vertex 96.04259271713866 -111.17352380637814 2.3999999999999986
    endloop
  endfacet
  facet normal 0 0 1
    outer loop
      vertex 92.33253175473055 -111.475 2.3999999999999986
      vertex 96.16746824526945 -111.475 2.3999999999999986
      vertex 96.0951505843609 -111.32835429045636 2.3999999999999986
    endloop
  endfacet
  facet normal 0 0 1
    outer loop
      vertex 92.24169167536404 -111.6109517862609 2.3999999999999986
      vertex 96.25830832463596 -111.6109517862609 2.3999999999999986
      vertex 96.16746824526945 -111.475 2.3999999999999986
    endloop
  endfacet
  facet normal 0 0 1
    outer loop
      vertex 92.13388347648319 -111.73388347648319 2.3999999999999986
      vertex 96.36611652351681 -111.73388347648319 2.3999999999999986
      vertex 96.25830832463596 -111.6109517862609 2.3999999999999986
    endloop
  endfacet
  facet normal 0 0 1
    outer loop
      vertex 92.0109517862609 -111.84169167536403 2.3999999999999986
      vertex 96.4890482137391 -111.84169167536403 2.3999999999999986
      vertex 96.36611652351681 -111.73388347648319 2.3999999999999986
    endloop
  endfacet
  facet normal 0 0 1
    outer loop
      vertex 91.875 -111.93253175473055 2.3999999999999986
      vertex 96.625 -111.93253175473055 2.3999999999999986
      vertex 96.4890482137391 -111.84169167536403 2.3999999999999986
    endloop
  endfacet
  facet normal 0 0 1
    outer loop
      vertex 91.72835429045637 -112.0048494156391 2.3999999999999986
      vertex 96.77164570954363 -112.0048494156391 2.3999999999999986
      vertex 96.625 -111.93253175473055 2.3999999999999986
    endloop
  endfacet
  facet normal 0 0 1
    outer loop
      vertex 91.57352380637815 -112.05740728286133 2.3999999999999986
      vertex 96.92647619362185 -112.05740728286133 2.3999999999999986
      vertex 96.77164570954363 -112.0048494156391 2.3999999999999986
    endloop
  endfacet
  facet normal 0 0 1
    outer loop
      vertex 91.41315774027507 -112.08930607671726 2.3999999999999986
      vertex 97.08684225972493 -112.08930607671726 2.3999999999999986
      vertex 96.92647619362185 -112.05740728286133 2.3999999999999986
    endloop
  endfacet
  facet normal 0 0 1
    outer loop
      vertex 91.25 -112.1 2.3999999999999986
      vertex 97.25 -112.1 2.3999999999999986
      vertex 97.08684225972493 -112.08930607671726 2.3999999999999986
    endloop
  endfacet
  facet normal 0 0 1
    outer loop
      vertex 11.899999998509884 -116.10000000149012 2.3999999999999986
      vertex 181.79999999701977 -116.10000000149012 2.3999999999999986
      vertex 67.25 -112.1 2.3999999999999986
    endloop
  endfacet
  facet normal 0 0 -1
    outer loop
      vertex 68.5 -51.25 0
      vertex 72 -110.85 0
      vertex 68.5 -110.85 0
    endloop
  endfacet
  facet normal 0 0 -1
    outer loop
      vertex 0.6000000014901161 -120.39999999850988 0
      vertex 66.92647619362185 -112.05740728286133 0
      vertex 67.08684225972493 -112.08930607671726 0
    endloop
  endfacet
  facet normal 0 0 -1
    outer loop
      vertex 68.24169167536404 -111.6109517862609 0
      vertex 72.36611652351681 -111.73388347648319 0
      vertex 68.13388347648319 -111.73388347648319 0
    endloop
  endfacet
  facet normal 0 0 -1
    outer loop
      vertex 68.5 -110.85 0
      vertex 72.01069392328273 -111.01315774027506 0
      vertex 68.48930607671727 -111.01315774027506 0
    endloop
  endfacet
  facet normal 0 0 -1
    outer loop
      vertex 68.48930607671727 -111.01315774027506 0
      vertex 72.04259271713866 -111.17352380637814 0
      vertex 68.45740728286134 -111.17352380637814 0
    endloop
  endfacet
  facet normal 0 0 -1
    outer loop
      vertex 68.45740728286134 -111.17352380637814 0
      vertex 72.0951505843609 -111.32835429045636 0
      vertex 68.4048494156391 -111.32835429045636 0
    endloop
  endfacet
  facet normal 0 0 -1
    outer loop
      vertex 68.4048494156391 -111.32835429045636 0
      vertex 72.16746824526945 -111.475 0
      vertex 68.33253175473055 -111.475 0
    endloop
  endfacet
  facet normal 0 0 -1
    outer loop
      vertex 68.33253175473055 -111.475 0
      vertex 72.25830832463596 -111.6109517862609 0
      vertex 68.24169167536404 -111.6109517862609 0
    endloop
  endfacet
  facet normal 0 0 -1
    outer loop
      vertex 68.13388347648319 -111.73388347648319 0
      vertex 72.4890482137391 -111.84169167536403 0
      vertex 68.0109517862609 -111.84169167536403 0
    endloop
  endfacet
  facet normal 0 0 -1
    outer loop
      vertex 68.0109517862609 -111.84169167536403 0
      vertex 72.625 -111.93253175473055 0
      vertex 67.875 -111.93253175473055 0
    endloop
  endfacet
  facet normal 0 0 -1
    outer loop
      vertex 67.875 -111.93253175473055 0
      vertex 72.77164570954363 -112.0048494156391 0
      vertex 67.72835429045637 -112.0048494156391 0
    endloop
  endfacet
  facet normal 0 0 -1
    outer loop
      vertex 67.72835429045637 -112.0048494156391 0
      vertex 72.92647619362185 -112.05740728286133 0
      vertex 67.57352380637815 -112.05740728286133 0
    endloop
  endfacet
  facet normal 0 -1 0
    outer loop
      vertex 0.6000000014901161 -120.39999999850988 2.3999999999999986
      vertex 0.6000000014901161 -120.39999999850988 0
      vertex 183.39999999850988 -120.39999999850988 0
    endloop
  endfacet
  facet normal 0 0 -1
    outer loop
      vertex 74.5 -51.25 0
      vertex 78 -110.85 0
      vertex 74.5 -110.85 0
    endloop
  endfacet
  facet normal 0 0 -1
    outer loop
      vertex 80.5 -51.25 0
      vertex 84 -110.85 0
      vertex 80.5 -110.85 0
    endloop
  endfacet
  facet normal 0 0 -1
    outer loop
      vertex 86.5 -51.25 0
      vertex 90 -110.85 0
      vertex 86.5 -110.85 0
    endloop
  endfacet
  facet normal 0 0 -1
    outer loop
      vertex 92.5 -51.25 0
      vertex 96 -110.85 0
      vertex 92.5 -110.85 0
    endloop
  endfacet
  facet normal 0 0 -1
    outer loop
      vertex 68.5 -110.85 0
      vertex 72 -110.85 0
      vertex 72.01069392328273 -111.01315774027506 0
    endloop
  endfacet
  facet normal 0 0 -1
    outer loop
      vertex 72.04259271713866 -111.17352380637814 0
      vertex 68.48930607671727 -111.01315774027506 0
      vertex 72.01069392328273 -111.01315774027506 0
    endloop
  endfacet
  facet normal 0 0 -1
    outer loop
      vertex 68.45740728286134 -111.17352380637814 0
      vertex 72.04259271713866 -111.17352380637814 0
      vertex 72.0951505843609 -111.32835429045636 0
    endloop
  endfacet
  facet normal 0 0 -1
    outer loop
      vertex 68.4048494156391 -111.32835429045636 0
      vertex 72.0951505843609 -111.32835429045636 0
      vertex 72.16746824526945 -111.475 0
    endloop
  endfacet
  facet normal 0 0 -1
    outer loop
      vertex 72.25830832463596 -111.6109517862609 0
      vertex 68.33253175473055 -111.475 0
      vertex 72.16746824526945 -111.475 0
    endloop
  endfacet
  facet normal 0 0 -1
    outer loop
      vertex 72.36611652351681 -111.73388347648319 0
      vertex 68.24169167536404 -111.6109517862609 0
      vertex 72.25830832463596 -111.6109517862609 0
    endloop
  endfacet
  facet normal 0 0 -1
    outer loop
      vertex 68.13388347648319 -111.73388347648319 0
      vertex 72.36611652351681 -111.73388347648319 0
      vertex 72.4890482137391 -111.84169167536403 0
    endloop
  endfacet
  facet normal 0 0 -1
    outer loop
      vertex 68.0109517862609 -111.84169167536403 0
      vertex 72.4890482137391 -111.84169167536403 0
      vertex 72.625 -111.93253175473055 0
    endloop
  endfacet
  facet normal 0 0 -1
    outer loop
      vertex 72.77164570954363 -112.0048494156391 0
      vertex 67.875 -111.93253175473055 0
      vertex 72.625 -111.93253175473055 0
    endloop
  endfacet
  facet normal 0 0 -1
    outer loop
      vertex 72.92647619362185 -112.05740728286133 0
      vertex 67.72835429045637 -112.0048494156391 0
      vertex 72.77164570954363 -112.0048494156391 0
    endloop
  endfacet
  facet normal 0 0 -1
    outer loop
      vertex 73.08684225972493 -112.08930607671726 0
      vertex 67.57352380637815 -112.05740728286133 0
      vertex 72.92647619362185 -112.05740728286133 0
    endloop
  endfacet
  facet normal 0 0 -1
    outer loop
      vertex 74.5 -110.85 0
      vertex 78.01069392328273 -111.01315774027506 0
      vertex 74.48930607671727 -111.01315774027506 0
    endloop
  endfacet
  facet normal 0 0 -1
    outer loop
      vertex 74.48930607671727 -111.01315774027506 0
      vertex 78.04259271713866 -111.17352380637814 0
      vertex 74.45740728286134 -111.17352380637814 0
    endloop
  endfacet
  facet normal 0 0 -1
    outer loop
      vertex 74.45740728286134 -111.17352380637814 0
      vertex 78.0951505843609 -111.32835429045636 0
      vertex 74.4048494156391 -111.32835429045636 0
    endloop
  endfacet
  facet normal 0 0 -1
    outer loop
      vertex 74.24169167536404 -111.6109517862609 0
      vertex 78.36611652351681 -111.73388347648319 0
      vertex 74.13388347648319 -111.73388347648319 0
    endloop
  endfacet
  facet normal 0 0 -1
    outer loop
      vertex 74.4048494156391 -111.32835429045636 0
      vertex 78.16746824526945 -111.475 0
      vertex 74.33253175473055 -111.475 0
    endloop
  endfacet
  facet normal 0 0 -1
    outer loop
      vertex 74.33253175473055 -111.475 0
      vertex 78.25830832463596 -111.6109517862609 0
      vertex 74.24169167536404 -111.6109517862609 0
    endloop
  endfacet
  facet normal 0 0 -1
    outer loop
      vertex 74.13388347648319 -111.73388347648319 0
      vertex 78.4890482137391 -111.84169167536403 0
      vertex 74.0109517862609 -111.84169167536403 0
    endloop
  endfacet
  facet normal 0 0 -1
    outer loop
      vertex 74.0109517862609 -111.84169167536403 0
      vertex 78.625 -111.93253175473055 0
      vertex 73.875 -111.93253175473055 0
    endloop
  endfacet
  facet normal 0 0 -1
    outer loop
      vertex 73.875 -111.93253175473055 0
      vertex 78.77164570954363 -112.0048494156391 0
      vertex 73.72835429045637 -112.0048494156391 0
    endloop
  endfacet
  facet normal 0 0 -1
    outer loop
      vertex 73.57352380637815 -112.05740728286133 0
      vertex 79.08684225972493 -112.08930607671726 0
      vertex 73.41315774027507 -112.08930607671726 0
    endloop
  endfacet
  facet normal 0 0 -1
    outer loop
      vertex 73.72835429045637 -112.0048494156391 0
      vertex 78.92647619362185 -112.05740728286133 0
      vertex 73.57352380637815 -112.05740728286133 0
    endloop
  endfacet
  facet normal 0 0 -1
    outer loop
      vertex 74.5 -110.85 0
      vertex 78 -110.85 0
      vertex 78.01069392328273 -111.01315774027506 0
    endloop
  endfacet
  facet normal 0 0 -1
    outer loop
      vertex 78.04259271713866 -111.17352380637814 0
      vertex 74.48930607671727 -111.01315774027506 0
      vertex 78.01069392328273 -111.01315774027506 0
    endloop
  endfacet
  facet normal 0 0 -1
    outer loop
      vertex 74.45740728286134 -111.17352380637814 0
      vertex 78.04259271713866 -111.17352380637814 0
      vertex 78.0951505843609 -111.32835429045636 0
    endloop
  endfacet
  facet normal 0 0 -1
    outer loop
      vertex 74.4048494156391 -111.32835429045636 0
      vertex 78.0951505843609 -111.32835429045636 0
      vertex 78.16746824526945 -111.475 0
    endloop
  endfacet
  facet normal 0 0 -1
    outer loop
      vertex 78.25830832463596 -111.6109517862609 0
      vertex 74.33253175473055 -111.475 0
      vertex 78.16746824526945 -111.475 0
    endloop
  endfacet
  facet normal 0 0 -1
    outer loop
      vertex 78.36611652351681 -111.73388347648319 0
      vertex 74.24169167536404 -111.6109517862609 0
      vertex 78.25830832463596 -111.6109517862609 0
    endloop
  endfacet
  facet normal 0 0 -1
    outer loop
      vertex 74.13388347648319 -111.73388347648319 0
      vertex 78.36611652351681 -111.73388347648319 0
      vertex 78.4890482137391 -111.84169167536403 0
    endloop
  endfacet
  facet normal 0 0 -1
    outer loop
      vertex 74.0109517862609 -111.84169167536403 0
      vertex 78.4890482137391 -111.84169167536403 0
      vertex 78.625 -111.93253175473055 0
    endloop
  endfacet
  facet normal 0 0 -1
    outer loop
      vertex 78.77164570954363 -112.0048494156391 0
      vertex 73.875 -111.93253175473055 0
      vertex 78.625 -111.93253175473055 0
    endloop
  endfacet
  facet normal 0 0 -1
    outer loop
      vertex 78.92647619362185 -112.05740728286133 0
      vertex 73.72835429045637 -112.0048494156391 0
      vertex 78.77164570954363 -112.0048494156391 0
    endloop
  endfacet
  facet normal 0 0 -1
    outer loop
      vertex 73.57352380637815 -112.05740728286133 0
      vertex 78.92647619362185 -112.05740728286133 0
      vertex 79.08684225972493 -112.08930607671726 0
    endloop
  endfacet
  facet normal 0 0 -1
    outer loop
      vertex 80.24169167536404 -111.6109517862609 0
      vertex 84.36611652351681 -111.73388347648319 0
      vertex 80.13388347648319 -111.73388347648319 0
    endloop
  endfacet
  facet normal 0 0 -1
    outer loop
      vertex 80.13388347648319 -111.73388347648319 0
      vertex 84.4890482137391 -111.84169167536403 0
      vertex 80.0109517862609 -111.84169167536403 0
    endloop
  endfacet
  facet normal 0 0 -1
    outer loop
      vertex 80.0109517862609 -111.84169167536403 0
      vertex 84.625 -111.93253175473055 0
      vertex 79.875 -111.93253175473055 0
    endloop
  endfacet
  facet normal 0 0 -1
    outer loop
      vertex 79.875 -111.93253175473055 0
      vertex 84.77164570954363 -112.0048494156391 0
      vertex 79.72835429045637 -112.0048494156391 0
    endloop
  endfacet
  facet normal 0 0 -1
    outer loop
      vertex 79.57352380637815 -112.05740728286133 0
      vertex 85.08684225972493 -112.08930607671726 0
      vertex 79.41315774027507 -112.08930607671726 0
    endloop
  endfacet
  facet normal 0 0 -1
    outer loop
      vertex 79.72835429045637 -112.0048494156391 0
      vertex 84.92647619362185 -112.05740728286133 0
      vertex 79.57352380637815 -112.05740728286133 0
    endloop
  endfacet
  facet normal 0 0 -1
    outer loop
      vertex 80.5 -110.85 0
      vertex 84.01069392328273 -111.01315774027506 0
      vertex 80.48930607671727 -111.01315774027506 0
    endloop
  endfacet
  facet normal 0 0 -1
    outer loop
      vertex 80.48930607671727 -111.01315774027506 0
      vertex 84.04259271713866 -111.17352380637814 0
      vertex 80.45740728286134 -111.17352380637814 0
    endloop
  endfacet
  facet normal 0 0 -1
    outer loop
      vertex 80.45740728286134 -111.17352380637814 0
      vertex 84.0951505843609 -111.32835429045636 0
      vertex 80.4048494156391 -111.32835429045636 0
    endloop
  endfacet
  facet normal 0 0 -1
    outer loop
      vertex 80.4048494156391 -111.32835429045636 0
      vertex 84.16746824526945 -111.475 0
      vertex 80.33253175473055 -111.475 0
    endloop
  endfacet
  facet normal 0 0 -1
    outer loop
      vertex 80.33253175473055 -111.475 0
      vertex 84.25830832463596 -111.6109517862609 0
      vertex 80.24169167536404 -111.6109517862609 0
    endloop
  endfacet
  facet normal 0 0 -1
    outer loop
      vertex 80.5 -110.85 0
      vertex 84 -110.85 0
      vertex 84.01069392328273 -111.01315774027506 0
    endloop
  endfacet
  facet normal 0 0 -1
    outer loop
      vertex 84.04259271713866 -111.17352380637814 0
      vertex 80.48930607671727 -111.01315774027506 0
      vertex 84.01069392328273 -111.01315774027506 0
    endloop
  endfacet
  facet normal 0 0 -1
    outer loop
      vertex 80.45740728286134 -111.17352380637814 0
      vertex 84.04259271713866 -111.17352380637814 0
      vertex 84.0951505843609 -111.32835429045636 0
    endloop
  endfacet
  facet normal 0 0 -1
    outer loop
      vertex 80.4048494156391 -111.32835429045636 0
      vertex 84.0951505843609 -111.32835429045636 0
      vertex 84.16746824526945 -111.475 0
    endloop
  endfacet
  facet normal 0 0 -1
    outer loop
      vertex 84.25830832463596 -111.6109517862609 0
      vertex 80.33253175473055 -111.475 0
      vertex 84.16746824526945 -111.475 0
    endloop
  endfacet
  facet normal 0 0 -1
    outer loop
      vertex 84.36611652351681 -111.73388347648319 0
      vertex 80.24169167536404 -111.6109517862609 0
      vertex 84.25830832463596 -111.6109517862609 0
    endloop
  endfacet
  facet normal 0 0 -1
    outer loop
      vertex 80.13388347648319 -111.73388347648319 0
      vertex 84.36611652351681 -111.73388347648319 0
      vertex 84.4890482137391 -111.84169167536403 0
    endloop
  endfacet
  facet normal 0 0 -1
    outer loop
      vertex 80.0109517862609 -111.84169167536403 0
      vertex 84.4890482137391 -111.84169167536403 0
      vertex 84.625 -111.93253175473055 0
    endloop
  endfacet
  facet normal 0 0 -1
    outer loop
      vertex 84.77164570954363 -112.0048494156391 0
      vertex 79.875 -111.93253175473055 0
      vertex 84.625 -111.93253175473055 0
    endloop
  endfacet
  facet normal 0 0 -1
    outer loop
      vertex 84.92647619362185 -112.05740728286133 0
      vertex 79.72835429045637 -112.0048494156391 0
      vertex 84.77164570954363 -112.0048494156391 0
    endloop
  endfacet
  facet normal 0 0 -1
    outer loop
      vertex 79.57352380637815 -112.05740728286133 0
      vertex 84.92647619362185 -112.05740728286133 0
      vertex 85.08684225972493 -112.08930607671726 0
    endloop
  endfacet
  facet normal 0 0 -1
    outer loop
      vertex 86.5 -110.85 0
      vertex 90.01069392328273 -111.01315774027506 0
      vertex 86.48930607671727 -111.01315774027506 0
    endloop
  endfacet
  facet normal 0 0 -1
    outer loop
      vertex 86.48930607671727 -111.01315774027506 0
      vertex 90.04259271713866 -111.17352380637814 0
      vertex 86.45740728286134 -111.17352380637814 0
    endloop
  endfacet
  facet normal 0 0 -1
    outer loop
      vertex 86.45740728286134 -111.17352380637814 0
      vertex 90.0951505843609 -111.32835429045636 0
      vertex 86.4048494156391 -111.32835429045636 0
    endloop
  endfacet
  facet normal 0 0 -1
    outer loop
      vertex 86.24169167536404 -111.6109517862609 0
      vertex 90.36611652351681 -111.73388347648319 0
      vertex 86.13388347648319 -111.73388347648319 0
    endloop
  endfacet
  facet normal 0 0 -1
    outer loop
      vertex 86.4048494156391 -111.32835429045636 0
      vertex 90.16746824526945 -111.475 0
      vertex 86.33253175473055 -111.475 0
    endloop
  endfacet
  facet normal 0 0 -1
    outer loop
      vertex 86.33253175473055 -111.475 0
      vertex 90.25830832463596 -111.6109517862609 0
      vertex 86.24169167536404 -111.6109517862609 0
    endloop
  endfacet
  facet normal 0 0 -1
    outer loop
      vertex 86.13388347648319 -111.73388347648319 0
      vertex 90.4890482137391 -111.84169167536403 0
      vertex 86.0109517862609 -111.84169167536403 0
    endloop
  endfacet
  facet normal 0 0 -1
    outer loop
      vertex 86.0109517862609 -111.84169167536403 0
      vertex 90.625 -111.93253175473055 0
      vertex 85.875 -111.93253175473055 0
    endloop
  endfacet
  facet normal 0 0 -1
    outer loop
      vertex 85.875 -111.93253175473055 0
      vertex 90.77164570954363 -112.0048494156391 0
      vertex 85.72835429045637 -112.0048494156391 0
    endloop
  endfacet
  facet normal 0 0 -1
    outer loop
      vertex 85.57352380637815 -112.05740728286133 0
      vertex 91.08684225972493 -112.08930607671726 0
      vertex 85.41315774027507 -112.08930607671726 0
    endloop
  endfacet
  facet normal 0 0 -1
    outer loop
      vertex 85.72835429045637 -112.0048494156391 0
      vertex 90.92647619362185 -112.05740728286133 0
      vertex 85.57352380637815 -112.05740728286133 0
    endloop
  endfacet
  facet normal 0 0 -1
    outer loop
      vertex 86.5 -110.85 0
      vertex 90 -110.85 0
      vertex 90.01069392328273 -111.01315774027506 0
    endloop
  endfacet
  facet normal 0 0 -1
    outer loop
      vertex 86.48930607671727 -111.01315774027506 0
      vertex 90.01069392328273 -111.01315774027506 0
      vertex 90.04259271713866 -111.17352380637814 0
    endloop
  endfacet
  facet normal 0 0 -1
    outer loop
      vertex 86.45740728286134 -111.17352380637814 0
      vertex 90.04259271713866 -111.17352380637814 0
      vertex 90.0951505843609 -111.32835429045636 0
    endloop
  endfacet
  facet normal 0 0 -1
    outer loop
      vertex 86.4048494156391 -111.32835429045636 0
      vertex 90.0951505843609 -111.32835429045636 0
      vertex 90.16746824526945 -111.475 0
    endloop
  endfacet
  facet normal 0 0 -1
    outer loop
      vertex 86.33253175473055 -111.475 0
      vertex 90.16746824526945 -111.475 0
      vertex 90.25830832463596 -111.6109517862609 0
    endloop
  endfacet
  facet normal 0 0 -1
    outer loop
      vertex 86.24169167536404 -111.6109517862609 0
      vertex 90.25830832463596 -111.6109517862609 0
      vertex 90.36611652351681 -111.73388347648319 0
    endloop
  endfacet
  facet normal 0 0 -1
    outer loop
      vertex 86.13388347648319 -111.73388347648319 0
      vertex 90.36611652351681 -111.73388347648319 0
      vertex 90.4890482137391 -111.84169167536403 0
    endloop
  endfacet
  facet normal 0 0 -1
    outer loop
      vertex 86.0109517862609 -111.84169167536403 0
      vertex 90.4890482137391 -111.84169167536403 0
      vertex 90.625 -111.93253175473055 0
    endloop
  endfacet
  facet normal 0 0 -1
    outer loop
      vertex 85.875 -111.93253175473055 0
      vertex 90.625 -111.93253175473055 0
      vertex 90.77164570954363 -112.0048494156391 0
    endloop
  endfacet
  facet normal 0 0 -1
    outer loop
      vertex 85.72835429045637 -112.0048494156391 0
      vertex 90.77164570954363 -112.0048494156391 0
      vertex 90.92647619362185 -112.05740728286133 0
    endloop
  endfacet
  facet normal 0 0 -1
    outer loop
      vertex 85.57352380637815 -112.05740728286133 0
      vertex 90.92647619362185 -112.05740728286133 0
      vertex 91.08684225972493 -112.08930607671726 0
    endloop
  endfacet
  facet normal 0 0 -1
    outer loop
      vertex 92.24169167536404 -111.6109517862609 0
      vertex 96.36611652351681 -111.73388347648319 0
      vertex 92.13388347648319 -111.73388347648319 0
    endloop
  endfacet
  facet normal 0 0 -1
    outer loop
      vertex 92.5 -110.85 0
      vertex 96.01069392328273 -111.01315774027506 0
      vertex 92.48930607671727 -111.01315774027506 0
    endloop
  endfacet
  facet normal 0 0 -1
    outer loop
      vertex 92.48930607671727 -111.01315774027506 0
      vertex 96.04259271713866 -111.17352380637814 0
      vertex 92.45740728286134 -111.17352380637814 0
    endloop
  endfacet
  facet normal 0 0 -1
    outer loop
      vertex 92.45740728286134 -111.17352380637814 0
      vertex 96.0951505843609 -111.32835429045636 0
      vertex 92.4048494156391 -111.32835429045636 0
    endloop
  endfacet
  facet normal 0 0 -1
    outer loop
      vertex 92.4048494156391 -111.32835429045636 0
      vertex 96.16746824526945 -111.475 0
      vertex 92.33253175473055 -111.475 0
    endloop
  endfacet
  facet normal 0 0 -1
    outer loop
      vertex 92.33253175473055 -111.475 0
      vertex 96.25830832463596 -111.6109517862609 0
      vertex 92.24169167536404 -111.6109517862609 0
    endloop
  endfacet
  facet normal 0 0 -1
    outer loop
      vertex 92.13388347648319 -111.73388347648319 0
      vertex 96.4890482137391 -111.84169167536403 0
      vertex 92.0109517862609 -111.84169167536403 0
    endloop
  endfacet
  facet normal 0 0 -1
    outer loop
      vertex 92.0109517862609 -111.84169167536403 0
      vertex 96.625 -111.93253175473055 0
      vertex 91.875 -111.93253175473055 0
    endloop
  endfacet
  facet normal 0 0 -1
    outer loop
      vertex 91.875 -111.93253175473055 0
      vertex 96.77164570954363 -112.0048494156391 0
      vertex 91.72835429045637 -112.0048494156391 0
    endloop
  endfacet
  facet normal 0 0 -1
    outer loop
      vertex 91.57352380637815 -112.05740728286133 0
      vertex 97.08684225972493 -112.08930607671726 0
      vertex 91.41315774027507 -112.08930607671726 0
    endloop
  endfacet
  facet normal 0 0 -1
    outer loop
      vertex 91.72835429045637 -112.0048494156391 0
      vertex 96.92647619362185 -112.05740728286133 0
      vertex 91.57352380637815 -112.05740728286133 0
    endloop
  endfacet
  facet normal 0 0 -1
    outer loop
      vertex 92.5 -110.85 0
      vertex 96 -110.85 0
      vertex 96.01069392328273 -111.01315774027506 0
    endloop
  endfacet
  facet normal 0 0 -1
    outer loop
      vertex 96.04259271713866 -111.17352380637814 0
      vertex 92.48930607671727 -111.01315774027506 0
      vertex 96.01069392328273 -111.01315774027506 0
    endloop
  endfacet
  facet normal 0 0 -1
    outer loop
      vertex 92.45740728286134 -111.17352380637814 0
      vertex 96.04259271713866 -111.17352380637814 0
      vertex 96.0951505843609 -111.32835429045636 0
    endloop
  endfacet
  facet normal 0 0 -1
    outer loop
      vertex 92.4048494156391 -111.32835429045636 0
      vertex 96.0951505843609 -111.32835429045636 0
      vertex 96.16746824526945 -111.475 0
    endloop
  endfacet
  facet normal 0 0 -1
    outer loop
      vertex 96.25830832463596 -111.6109517862609 0
      vertex 92.33253175473055 -111.475 0
      vertex 96.16746824526945 -111.475 0
    endloop
  endfacet
  facet normal 0 0 -1
    outer loop
      vertex 96.36611652351681 -111.73388347648319 0
      vertex 92.24169167536404 -111.6109517862609 0
      vertex 96.25830832463596 -111.6109517862609 0
    endloop
  endfacet
  facet normal 0 0 -1
    outer loop
      vertex 92.13388347648319 -111.73388347648319 0
      vertex 96.36611652351681 -111.73388347648319 0
      vertex 96.4890482137391 -111.84169167536403 0
    endloop
  endfacet
  facet normal 0 0 -1
    outer loop
      vertex 92.0109517862609 -111.84169167536403 0
      vertex 96.4890482137391 -111.84169167536403 0
      vertex 96.625 -111.93253175473055 0
    endloop
  endfacet
  facet normal 0 0 -1
    outer loop
      vertex 96.77164570954363 -112.0048494156391 0
      vertex 91.875 -111.93253175473055 0
      vertex 96.625 -111.93253175473055 0
    endloop
  endfacet
  facet normal 0 0 -1
    outer loop
      vertex 96.92647619362185 -112.05740728286133 0
      vertex 91.72835429045637 -112.0048494156391 0
      vertex 96.77164570954363 -112.0048494156391 0
    endloop
  endfacet
  facet normal 0 0 -1
    outer loop
      vertex 91.57352380637815 -112.05740728286133 0
      vertex 96.92647619362185 -112.05740728286133 0
      vertex 97.08684225972493 -112.08930607671726 0
    endloop
  endfacet
  facet normal 0 0 -1
    outer loop
      vertex 0.6000000014901161 -120.39999999850988 0
      vertex 67.08684225972493 -112.08930607671726 0
      vertex 183.39999999850988 -120.39999999850988 0
    endloop
  endfacet
  facet normal 0 0 1
    outer loop
      vertex 10.299999997019768 -0.29999999701976776 2.3999999999999986
      vertex 183.79157857596874 2.374334581196308 2.3999999999999986
      vertex 183.39999999850988 2.399999998509884 2.3999999999999986
    endloop
  endfacet
  facet normal 0 0 1
    outer loop
      vertex 10.299999997019768 -0.29999999701976776 2.3999999999999986
      vertex 184.17645713686943 2.297777473926544 2.3999999999999986
      vertex 183.79157857596874 2.374334581196308 2.3999999999999986
    endloop
  endfacet
  facet normal 0 0 1
    outer loop
      vertex 10.299999997019768 -0.29999999701976776 2.3999999999999986
      vertex 184.54805029928684 2.1716385930776596 2.3999999999999986
      vertex 184.17645713686943 2.297777473926544 2.3999999999999986
    endloop
  endfacet
  facet normal 0 0 1
    outer loop
      vertex 10.299999997019768 -0.29999999701976776 2.3999999999999986
      vertex 184.89999999850988 1.99807620793581 2.3999999999999986
      vertex 184.54805029928684 2.1716385930776596 2.3999999999999986
    endloop
  endfacet
  facet normal 0 0 1
    outer loop
      vertex 10.299999997019768 -0.29999999701976776 2.3999999999999986
      vertex 185.22628428786993 1.7800600230693817 2.3999999999999986
      vertex 184.89999999850988 1.99807620793581 2.3999999999999986
    endloop
  endfacet
  facet normal 0 0 1
    outer loop
      vertex 10.299999997019768 -0.29999999701976776 2.3999999999999986
      vertex 185.52132034301758 1.5213203430175781 2.3999999999999986
      vertex 185.22628428786993 1.7800600230693817 2.3999999999999986
    endloop
  endfacet
  facet normal 0 0 1
    outer loop
      vertex 10.299999997019768 -0.29999999701976776 2.3999999999999986
      vertex 185.78006002306938 1.2262842878699303 2.3999999999999986
      vertex 185.52132034301758 1.5213203430175781 2.3999999999999986
    endloop
  endfacet
  facet normal 0 0 1
    outer loop
      vertex 10.299999997019768 -0.29999999701976776 2.3999999999999986
      vertex 185.9980762079358 0.8999999985098839 2.3999999999999986
      vertex 185.78006002306938 1.2262842878699303 2.3999999999999986
    endloop
  endfacet
  facet normal 0 0 1
    outer loop
      vertex 10.299999997019768 -0.29999999701976776 2.3999999999999986
      vertex 183.70000000298023 -0.29999999701976776 2.3999999999999986
      vertex 185.9980762079358 0.8999999985098839 2.3999999999999986
    endloop
  endfacet
  facet normal 0 1 0
    outer loop
      vertex 0.6000000014901161 2.399999998509884 0
      vertex 183.39999999850988 2.399999998509884 2.3999999999999986
      vertex 183.39999999850988 2.399999998509884 0
    endloop
  endfacet
  facet normal 0 0 -1
    outer loop
      vertex 30.831384390592575 -51.88000000268221 0
      vertex 183.39999999850988 2.399999998509884 0
      vertex 183.79157857596874 2.374334581196308 0
    endloop
  endfacet
  facet normal 0 0 -1
    outer loop
      vertex 30.831384390592575 -51.88000000268221 0
      vertex 183.79157857596874 2.374334581196308 0
      vertex 184.17645713686943 2.297777473926544 0
    endloop
  endfacet
  facet normal 0 0 -1
    outer loop
      vertex 30.831384390592575 -51.88000000268221 0
      vertex 184.17645713686943 2.297777473926544 0
      vertex 184.54805029928684 2.1716385930776596 0
    endloop
  endfacet
  facet normal 0 0 -1
    outer loop
      vertex 30.831384390592575 -51.88000000268221 0
      vertex 184.54805029928684 2.1716385930776596 0
      vertex 184.89999999850988 1.99807620793581 0
    endloop
  endfacet
  facet normal 0 0 -1
    outer loop
      vertex 30.831384390592575 -51.88000000268221 0
      vertex 184.89999999850988 1.99807620793581 0
      vertex 185.22628428786993 1.7800600230693817 0
    endloop
  endfacet
  facet normal 0 0 -1
    outer loop
      vertex 30.831384390592575 -51.88000000268221 0
      vertex 185.22628428786993 1.7800600230693817 0
      vertex 185.52132034301758 1.5213203430175781 0
    endloop
  endfacet
  facet normal 0 0 -1
    outer loop
      vertex 30.831384390592575 -51.88000000268221 0
      vertex 185.52132034301758 1.5213203430175781 0
      vertex 185.78006002306938 1.2262842878699303 0
    endloop
  endfacet
  facet normal 0 0 -1
    outer loop
      vertex 30.831384390592575 -51.88000000268221 0
      vertex 185.78006002306938 1.2262842878699303 0
      vertex 185.9980762079358 0.8999999985098839 0
    endloop
  endfacet
  facet normal 0 0 -1
    outer loop
      vertex 30.831384390592575 -51.88000000268221 0
      vertex 185.9980762079358 0.8999999985098839 0
      vertex 186.17163859307766 0.5480502992868423 0
    endloop
  endfacet
  facet normal 0 0 -1
    outer loop
      vertex 30.831384390592575 -51.88000000268221 0
      vertex 186.17163859307766 0.5480502992868423 0
      vertex 186.29777747392654 0.17645713686943054 0
    endloop
  endfacet
  facet normal 0 0 -1
    outer loop
      vertex 30.831384390592575 -51.88000000268221 0
      vertex 186.29777747392654 0.17645713686943054 0
      vertex 186.3743345811963 -0.20842142403125763 0
    endloop
  endfacet
  facet normal 0 0 -1
    outer loop
      vertex 30.831384390592575 -51.88000000268221 0
      vertex 186.3743345811963 -0.20842142403125763 0
      vertex 186.39999999850988 -0.6000000014901161 0
    endloop
  endfacet
  facet normal 0 0 1
    outer loop
      vertex 181.79999999701977 -1.8999999985098839 2.3999999999999986
      vertex 66.77164570954363 -50.095150584360894 2.3999999999999986
      vertex 66.92647619362185 -50.04259271713867 2.3999999999999986
    endloop
  endfacet
  facet normal 0 0 1
    outer loop
      vertex 181.79999999701977 -1.8999999985098839 2.3999999999999986
      vertex 66.92647619362185 -50.04259271713867 2.3999999999999986
      vertex 67.08684225972493 -50.01069392328274 2.3999999999999986
    endloop
  endfacet
  facet normal 0 0 1
    outer loop
      vertex 181.79999999701977 -1.8999999985098839 2.3999999999999986
      vertex 67.08684225972493 -50.01069392328274 2.3999999999999986
      vertex 67.25 -50 2.3999999999999986
    endloop
  endfacet
  facet normal 0 0 1
    outer loop
      vertex 181.79999999701977 -1.8999999985098839 2.3999999999999986
      vertex 67.25 -50 2.3999999999999986
      vertex 67.41315774027507 -50.01069392328274 2.3999999999999986
    endloop
  endfacet
  facet normal 0 0 1
    outer loop
      vertex 181.79999999701977 -1.8999999985098839 2.3999999999999986
      vertex 67.41315774027507 -50.01069392328274 2.3999999999999986
      vertex 67.57352380637815 -50.04259271713867 2.3999999999999986
    endloop
  endfacet
  facet normal 0 0 1
    outer loop
      vertex 181.79999999701977 -1.8999999985098839 2.3999999999999986
      vertex 67.57352380637815 -50.04259271713867 2.3999999999999986
      vertex 67.72835429045637 -50.095150584360894 2.3999999999999986
    endloop
  endfacet
  facet normal 0 0 1
    outer loop
      vertex 181.79999999701977 -1.8999999985098839 2.3999999999999986
      vertex 67.72835429045637 -50.095150584360894 2.3999999999999986
      vertex 72.77164570954363 -50.095150584360894 2.3999999999999986
    endloop
  endfacet
  facet normal 0 0 1
    outer loop
      vertex 181.79999999701977 -1.8999999985098839 2.3999999999999986
      vertex 72.77164570954363 -50.095150584360894 2.3999999999999986
      vertex 72.92647619362185 -50.04259271713867 2.3999999999999986
    endloop
  endfacet
  facet normal 0 0 1
    outer loop
      vertex 181.79999999701977 -1.8999999985098839 2.3999999999999986
      vertex 72.92647619362185 -50.04259271713867 2.3999999999999986
      vertex 73.08684225972493 -50.01069392328274 2.3999999999999986
    endloop
  endfacet
  facet normal 0 0 1
    outer loop
      vertex 181.79999999701977 -1.8999999985098839 2.3999999999999986
      vertex 73.08684225972493 -50.01069392328274 2.3999999999999986
      vertex 73.25 -50 2.3999999999999986
    endloop
  endfacet
  facet normal 0 0 1
    outer loop
      vertex 181.79999999701977 -1.8999999985098839 2.3999999999999986
      vertex 73.25 -50 2.3999999999999986
      vertex 73.41315774027507 -50.01069392328274 2.3999999999999986
    endloop
  endfacet
  facet normal 0 0 1
    outer loop
      vertex 181.79999999701977 -1.8999999985098839 2.3999999999999986
      vertex 73.41315774027507 -50.01069392328274 2.3999999999999986
      vertex 73.57352380637815 -50.04259271713867 2.3999999999999986
    endloop
  endfacet
  facet normal 0 0 1
    outer loop
      vertex 181.79999999701977 -1.8999999985098839 2.3999999999999986
      vertex 73.57352380637815 -50.04259271713867 2.3999999999999986
      vertex 73.72835429045637 -50.095150584360894 2.3999999999999986
    endloop
  endfacet
  facet normal 0 0 1
    outer loop
      vertex 181.79999999701977 -1.8999999985098839 2.3999999999999986
      vertex 73.72835429045637 -50.095150584360894 2.3999999999999986
      vertex 78.77164570954363 -50.095150584360894 2.3999999999999986
    endloop
  endfacet
  facet normal 0 0 1
    outer loop
      vertex 181.79999999701977 -1.8999999985098839 2.3999999999999986
      vertex 78.77164570954363 -50.095150584360894 2.3999999999999986
      vertex 78.92647619362185 -50.04259271713867 2.3999999999999986
    endloop
  endfacet
  facet normal 0 0 1
    outer loop
      vertex 181.79999999701977 -1.8999999985098839 2.3999999999999986
      vertex 78.92647619362185 -50.04259271713867 2.3999999999999986
      vertex 79.08684225972493 -50.01069392328274 2.3999999999999986
    endloop
  endfacet
  facet normal 0 0 1
    outer loop
      vertex 181.79999999701977 -1.8999999985098839 2.3999999999999986
      vertex 79.08684225972493 -50.01069392328274 2.3999999999999986
      vertex 79.25 -50 2.3999999999999986
    endloop
  endfacet
  facet normal 0 0 1
    outer loop
      vertex 181.79999999701977 -1.8999999985098839 2.3999999999999986
      vertex 79.25 -50 2.3999999999999986
      vertex 79.41315774027507 -50.01069392328274 2.3999999999999986
    endloop
  endfacet
  facet normal 0 0 1
    outer loop
      vertex 181.79999999701977 -1.8999999985098839 2.3999999999999986
      vertex 79.41315774027507 -50.01069392328274 2.3999999999999986
      vertex 79.57352380637815 -50.04259271713867 2.3999999999999986
    endloop
  endfacet
  facet normal 0 0 1
    outer loop
      vertex 181.79999999701977 -1.8999999985098839 2.3999999999999986
      vertex 79.57352380637815 -50.04259271713867 2.3999999999999986
      vertex 79.72835429045637 -50.095150584360894 2.3999999999999986
    endloop
  endfacet
  facet normal 0 0 1
    outer loop
      vertex 181.79999999701977 -1.8999999985098839 2.3999999999999986
      vertex 79.72835429045637 -50.095150584360894 2.3999999999999986
      vertex 84.77164570954363 -50.095150584360894 2.3999999999999986
    endloop
  endfacet
  facet normal 0 0 1
    outer loop
      vertex 181.79999999701977 -1.8999999985098839 2.3999999999999986
      vertex 84.77164570954363 -50.095150584360894 2.3999999999999986
      vertex 84.92647619362185 -50.04259271713867 2.3999999999999986
    endloop
  endfacet
  facet normal 0 0 1
    outer loop
      vertex 181.79999999701977 -1.8999999985098839 2.3999999999999986
      vertex 84.92647619362185 -50.04259271713867 2.3999999999999986
      vertex 85.08684225972493 -50.01069392328274 2.3999999999999986
    endloop
  endfacet
  facet normal 0 0 1
    outer loop
      vertex 181.79999999701977 -1.8999999985098839 2.3999999999999986
      vertex 85.08684225972493 -50.01069392328274 2.3999999999999986
      vertex 85.25 -50 2.3999999999999986
    endloop
  endfacet
  facet normal 0 0 1
    outer loop
      vertex 181.79999999701977 -1.8999999985098839 2.3999999999999986
      vertex 85.25 -50 2.3999999999999986
      vertex 85.41315774027507 -50.01069392328274 2.3999999999999986
    endloop
  endfacet
  facet normal 0 0 1
    outer loop
      vertex 181.79999999701977 -1.8999999985098839 2.3999999999999986
      vertex 85.41315774027507 -50.01069392328274 2.3999999999999986
      vertex 85.57352380637815 -50.04259271713867 2.3999999999999986
    endloop
  endfacet
  facet normal 0 0 1
    outer loop
      vertex 181.79999999701977 -1.8999999985098839 2.3999999999999986
      vertex 85.57352380637815 -50.04259271713867 2.3999999999999986
      vertex 85.72835429045637 -50.095150584360894 2.3999999999999986
    endloop
  endfacet
  facet normal 0 0 1
    outer loop
      vertex 181.79999999701977 -1.8999999985098839 2.3999999999999986
      vertex 85.72835429045637 -50.095150584360894 2.3999999999999986
      vertex 90.77164570954363 -50.095150584360894 2.3999999999999986
    endloop
  endfacet
  facet normal 0 0 1
    outer loop
      vertex 181.79999999701977 -1.8999999985098839 2.3999999999999986
      vertex 90.77164570954363 -50.095150584360894 2.3999999999999986
      vertex 90.92647619362185 -50.04259271713867 2.3999999999999986
    endloop
  endfacet
  facet normal 0 0 1
    outer loop
      vertex 181.79999999701977 -1.8999999985098839 2.3999999999999986
      vertex 90.92647619362185 -50.04259271713867 2.3999999999999986
      vertex 91.08684225972493 -50.01069392328274 2.3999999999999986
    endloop
  endfacet
  facet normal 0 0 1
    outer loop
      vertex 181.79999999701977 -1.8999999985098839 2.3999999999999986
      vertex 91.08684225972493 -50.01069392328274 2.3999999999999986
      vertex 91.25 -50 2.3999999999999986
    endloop
  endfacet
  facet normal 0 0 1
    outer loop
      vertex 181.79999999701977 -1.8999999985098839 2.3999999999999986
      vertex 91.25 -50 2.3999999999999986
      vertex 91.41315774027507 -50.01069392328274 2.3999999999999986
    endloop
  endfacet
  facet normal 0 0 1
    outer loop
      vertex 181.79999999701977 -1.8999999985098839 2.3999999999999986
      vertex 91.41315774027507 -50.01069392328274 2.3999999999999986
      vertex 91.57352380637815 -50.04259271713867 2.3999999999999986
    endloop
  endfacet
  facet normal 0 0 1
    outer loop
      vertex 97.875 -50.167468245269454 2.3999999999999986
      vertex 102.77164570954363 -50.095150584360894 2.3999999999999986
      vertex 97.72835429045637 -50.095150584360894 2.3999999999999986
    endloop
  endfacet
  facet normal 0 0 1
    outer loop
      vertex 98.0109517862609 -50.258308324635955 2.3999999999999986
      vertex 102.625 -50.167468245269454 2.3999999999999986
      vertex 97.875 -50.167468245269454 2.3999999999999986
    endloop
  endfacet
  facet normal 0 0 1
    outer loop
      vertex 98.13388347648319 -50.366116523516816 2.3999999999999986
      vertex 102.4890482137391 -50.258308324635955 2.3999999999999986
      vertex 98.0109517862609 -50.258308324635955 2.3999999999999986
    endloop
  endfacet
  facet normal 0 0 1
    outer loop
      vertex 98.24169167536404 -50.489048213739096 2.3999999999999986
      vertex 102.36611652351681 -50.366116523516816 2.3999999999999986
      vertex 98.13388347648319 -50.366116523516816 2.3999999999999986
    endloop
  endfacet
  facet normal 0 0 1
    outer loop
      vertex 98.33253175473055 -50.625 2.3999999999999986
      vertex 102.25830832463596 -50.489048213739096 2.3999999999999986
      vertex 98.24169167536404 -50.489048213739096 2.3999999999999986
    endloop
  endfacet
  facet normal 0 0 1
    outer loop
      vertex 98.4048494156391 -50.77164570954364 2.3999999999999986
      vertex 102.16746824526945 -50.625 2.3999999999999986
      vertex 98.33253175473055 -50.625 2.3999999999999986
    endloop
  endfacet
  facet normal 0 0 1
    outer loop
      vertex 98.45740728286134 -50.92647619362185 2.3999999999999986
      vertex 102.0951505843609 -50.77164570954364 2.3999999999999986
      vertex 98.4048494156391 -50.77164570954364 2.3999999999999986
    endloop
  endfacet
  facet normal 0 0 1
    outer loop
      vertex 98.48930607671727 -51.08684225972493 2.3999999999999986
      vertex 102.04259271713866 -50.92647619362185 2.3999999999999986
      vertex 98.45740728286134 -50.92647619362185 2.3999999999999986
    endloop
  endfacet
  facet normal 0 0 1
    outer loop
      vertex 98.5 -51.25 2.3999999999999986
      vertex 102.01069392328273 -51.08684225972493 2.3999999999999986
      vertex 98.48930607671727 -51.08684225972493 2.3999999999999986
    endloop
  endfacet
  facet normal 0 0 1
    outer loop
      vertex 98.13388347648319 -50.366116523516816 2.3999999999999986
      vertex 102.36611652351681 -50.366116523516816 2.3999999999999986
      vertex 102.4890482137391 -50.258308324635955 2.3999999999999986
    endloop
  endfacet
  facet normal 0 0 1
    outer loop
      vertex 98.0109517862609 -50.258308324635955 2.3999999999999986
      vertex 102.4890482137391 -50.258308324635955 2.3999999999999986
      vertex 102.625 -50.167468245269454 2.3999999999999986
    endloop
  endfacet
  facet normal 0 0 1
    outer loop
      vertex 97.875 -50.167468245269454 2.3999999999999986
      vertex 102.625 -50.167468245269454 2.3999999999999986
      vertex 102.77164570954363 -50.095150584360894 2.3999999999999986
    endloop
  endfacet
  facet normal 0 0 1
    outer loop
      vertex 102.36611652351681 -50.366116523516816 2.3999999999999986
      vertex 98.24169167536404 -50.489048213739096 2.3999999999999986
      vertex 102.25830832463596 -50.489048213739096 2.3999999999999986
    endloop
  endfacet
  facet normal 0 0 1
    outer loop
      vertex 98.33253175473055 -50.625 2.3999999999999986
      vertex 102.16746824526945 -50.625 2.3999999999999986
      vertex 102.25830832463596 -50.489048213739096 2.3999999999999986
    endloop
  endfacet
  facet normal 0 0 1
    outer loop
      vertex 98.4048494156391 -50.77164570954364 2.3999999999999986
      vertex 102.0951505843609 -50.77164570954364 2.3999999999999986
      vertex 102.16746824526945 -50.625 2.3999999999999986
    endloop
  endfacet
  facet normal 0 0 1
    outer loop
      vertex 98.45740728286134 -50.92647619362185 2.3999999999999986
      vertex 102.04259271713866 -50.92647619362185 2.3999999999999986
      vertex 102.0951505843609 -50.77164570954364 2.3999999999999986
    endloop
  endfacet
  facet normal 0 0 1
    outer loop
      vertex 102.04259271713866 -50.92647619362185 2.3999999999999986
      vertex 98.48930607671727 -51.08684225972493 2.3999999999999986
      vertex 102.01069392328273 -51.08684225972493 2.3999999999999986
    endloop
  endfacet
  facet normal 0 0 1
    outer loop
      vertex 98.5 -51.25 2.3999999999999986
      vertex 102 -51.25 2.3999999999999986
      vertex 102.01069392328273 -51.08684225972493 2.3999999999999986
    endloop
  endfacet
  facet normal 0 0 1
    outer loop
      vertex 103.875 -50.167468245269454 2.3999999999999986
      vertex 108.77164570954363 -50.095150584360894 2.3999999999999986
      vertex 103.72835429045637 -50.095150584360894 2.3999999999999986
    endloop
  endfacet
  facet normal 0 0 1
    outer loop
      vertex 104.0109517862609 -50.258308324635955 2.3999999999999986
      vertex 108.625 -50.167468245269454 2.3999999999999986
      vertex 103.875 -50.167468245269454 2.3999999999999986
    endloop
  endfacet
  facet normal 0 0 1
    outer loop
      vertex 104.13388347648319 -50.366116523516816 2.3999999999999986
      vertex 108.4890482137391 -50.258308324635955 2.3999999999999986
      vertex 104.0109517862609 -50.258308324635955 2.3999999999999986
    endloop
  endfacet
  facet normal 0 0 1
    outer loop
      vertex 104.24169167536404 -50.489048213739096 2.3999999999999986
      vertex 108.36611652351681 -50.366116523516816 2.3999999999999986
      vertex 104.13388347648319 -50.366116523516816 2.3999999999999986
    endloop
  endfacet
  facet normal 0 0 1
    outer loop
      vertex 104.13388347648319 -50.366116523516816 2.3999999999999986
      vertex 108.36611652351681 -50.366116523516816 2.3999999999999986
      vertex 108.4890482137391 -50.258308324635955 2.3999999999999986
    endloop
  endfacet
  facet normal 0 0 1
    outer loop
      vertex 104.0109517862609 -50.258308324635955 2.3999999999999986
      vertex 108.4890482137391 -50.258308324635955 2.3999999999999986
      vertex 108.625 -50.167468245269454 2.3999999999999986
    endloop
  endfacet
  facet normal 0 0 1
    outer loop
      vertex 103.875 -50.167468245269454 2.3999999999999986
      vertex 108.625 -50.167468245269454 2.3999999999999986
      vertex 108.77164570954363 -50.095150584360894 2.3999999999999986
    endloop
  endfacet
  facet normal 0 0 1
    outer loop
      vertex 104.33253175473055 -50.625 2.3999999999999986
      vertex 108.25830832463596 -50.489048213739096 2.3999999999999986
      vertex 104.24169167536404 -50.489048213739096 2.3999999999999986
    endloop
  endfacet
  facet normal 0 0 1
    outer loop
      vertex 104.4048494156391 -50.77164570954364 2.3999999999999986
      vertex 108.16746824526945 -50.625 2.3999999999999986
      vertex 104.33253175473055 -50.625 2.3999999999999986
    endloop
  endfacet
  facet normal 0 0 1
    outer loop
      vertex 104.45740728286134 -50.92647619362185 2.3999999999999986
      vertex 108.0951505843609 -50.77164570954364 2.3999999999999986
      vertex 104.4048494156391 -50.77164570954364 2.3999999999999986
    endloop
  endfacet
  facet normal 0 0 1
    outer loop
      vertex 104.48930607671727 -51.08684225972493 2.3999999999999986
      vertex 108.04259271713866 -50.92647619362185 2.3999999999999986
      vertex 104.45740728286134 -50.92647619362185 2.3999999999999986
    endloop
  endfacet
  facet normal 0 0 1
    outer loop
      vertex 104.5 -51.25 2.3999999999999986
      vertex 108.01069392328273 -51.08684225972493 2.3999999999999986
      vertex 104.48930607671727 -51.08684225972493 2.3999999999999986
    endloop
  endfacet
  facet normal 0 0 1
    outer loop
      vertex 108.36611652351681 -50.366116523516816 2.3999999999999986
      vertex 104.24169167536404 -50.489048213739096 2.3999999999999986
      vertex 108.25830832463596 -50.489048213739096 2.3999999999999986
    endloop
  endfacet
  facet normal 0 0 1
    outer loop
      vertex 104.33253175473055 -50.625 2.3999999999999986
      vertex 108.16746824526945 -50.625 2.3999999999999986
      vertex 108.25830832463596 -50.489048213739096 2.3999999999999986
    endloop
  endfacet
  facet normal 0 0 1
    outer loop
      vertex 104.4048494156391 -50.77164570954364 2.3999999999999986
      vertex 108.0951505843609 -50.77164570954364 2.3999999999999986
      vertex 108.16746824526945 -50.625 2.3999999999999986
    endloop
  endfacet
  facet normal 0 0 1
    outer loop
      vertex 104.45740728286134 -50.92647619362185 2.3999999999999986
      vertex 108.04259271713866 -50.92647619362185 2.3999999999999986
      vertex 108.0951505843609 -50.77164570954364 2.3999999999999986
    endloop
  endfacet
  facet normal 0 0 1
    outer loop
      vertex 108.04259271713866 -50.92647619362185 2.3999999999999986
      vertex 104.48930607671727 -51.08684225972493 2.3999999999999986
      vertex 108.01069392328273 -51.08684225972493 2.3999999999999986
    endloop
  endfacet
  facet normal 0 0 1
    outer loop
      vertex 104.5 -51.25 2.3999999999999986
      vertex 108 -51.25 2.3999999999999986
      vertex 108.01069392328273 -51.08684225972493 2.3999999999999986
    endloop
  endfacet
  facet normal 0 0 1
    outer loop
      vertex 181.79999999701977 -1.8999999985098839 2.3999999999999986
      vertex 91.57352380637815 -50.04259271713867 2.3999999999999986
      vertex 91.72835429045637 -50.095150584360894 2.3999999999999986
    endloop
  endfacet
  facet normal 0 0 1
    outer loop
      vertex 181.79999999701977 -1.8999999985098839 2.3999999999999986
      vertex 91.72835429045637 -50.095150584360894 2.3999999999999986
      vertex 96.77164570954363 -50.095150584360894 2.3999999999999986
    endloop
  endfacet
  facet normal 0 0 1
    outer loop
      vertex 181.79999999701977 -1.8999999985098839 2.3999999999999986
      vertex 96.77164570954363 -50.095150584360894 2.3999999999999986
      vertex 96.92647619362185 -50.04259271713867 2.3999999999999986
    endloop
  endfacet
  facet normal 0 0 1
    outer loop
      vertex 181.79999999701977 -1.8999999985098839 2.3999999999999986
      vertex 96.92647619362185 -50.04259271713867 2.3999999999999986
      vertex 97.08684225972493 -50.01069392328274 2.3999999999999986
    endloop
  endfacet
  facet normal 0 0 1
    outer loop
      vertex 181.79999999701977 -1.8999999985098839 2.3999999999999986
      vertex 97.08684225972493 -50.01069392328274 2.3999999999999986
      vertex 97.25 -50 2.3999999999999986
    endloop
  endfacet
  facet normal 0 0 1
    outer loop
      vertex 181.79999999701977 -1.8999999985098839 2.3999999999999986
      vertex 97.25 -50 2.3999999999999986
      vertex 97.41315774027507 -50.01069392328274 2.3999999999999986
    endloop
  endfacet
  facet normal 0 0 1
    outer loop
      vertex 181.79999999701977 -1.8999999985098839 2.3999999999999986
      vertex 97.41315774027507 -50.01069392328274 2.3999999999999986
      vertex 97.57352380637815 -50.04259271713867 2.3999999999999986
    endloop
  endfacet
  facet normal 0 0 1
    outer loop
      vertex 181.79999999701977 -1.8999999985098839 2.3999999999999986
      vertex 97.57352380637815 -50.04259271713867 2.3999999999999986
      vertex 97.72835429045637 -50.095150584360894 2.3999999999999986
    endloop
  endfacet
  facet normal 0 0 1
    outer loop
      vertex 181.79999999701977 -1.8999999985098839 2.3999999999999986
      vertex 97.72835429045637 -50.095150584360894 2.3999999999999986
      vertex 102.77164570954363 -50.095150584360894 2.3999999999999986
    endloop
  endfacet
  facet normal 0 0 1
    outer loop
      vertex 181.79999999701977 -1.8999999985098839 2.3999999999999986
      vertex 102.77164570954363 -50.095150584360894 2.3999999999999986
      vertex 102.92647619362185 -50.04259271713867 2.3999999999999986
    endloop
  endfacet
  facet normal 0 0 1
    outer loop
      vertex 181.79999999701977 -1.8999999985098839 2.3999999999999986
      vertex 102.92647619362185 -50.04259271713867 2.3999999999999986
      vertex 103.08684225972493 -50.01069392328274 2.3999999999999986
    endloop
  endfacet
  facet normal 0 0 1
    outer loop
      vertex 181.79999999701977 -1.8999999985098839 2.3999999999999986
      vertex 103.08684225972493 -50.01069392328274 2.3999999999999986
      vertex 103.25 -50 2.3999999999999986
    endloop
  endfacet
  facet normal 0 0 1
    outer loop
      vertex 181.79999999701977 -1.8999999985098839 2.3999999999999986
      vertex 103.25 -50 2.3999999999999986
      vertex 103.41315774027507 -50.01069392328274 2.3999999999999986
    endloop
  endfacet
  facet normal 0 0 1
    outer loop
      vertex 181.79999999701977 -1.8999999985098839 2.3999999999999986
      vertex 103.41315774027507 -50.01069392328274 2.3999999999999986
      vertex 103.57352380637815 -50.04259271713867 2.3999999999999986
    endloop
  endfacet
  facet normal 0 0 1
    outer loop
      vertex 181.79999999701977 -1.8999999985098839 2.3999999999999986
      vertex 103.57352380637815 -50.04259271713867 2.3999999999999986
      vertex 103.72835429045637 -50.095150584360894 2.3999999999999986
    endloop
  endfacet
  facet normal 0 0 1
    outer loop
      vertex 181.79999999701977 -1.8999999985098839 2.3999999999999986
      vertex 103.72835429045637 -50.095150584360894 2.3999999999999986
      vertex 108.77164570954363 -50.095150584360894 2.3999999999999986
    endloop
  endfacet
  facet normal 0 0 1
    outer loop
      vertex 181.79999999701977 -1.8999999985098839 2.3999999999999986
      vertex 108.77164570954363 -50.095150584360894 2.3999999999999986
      vertex 108.92647619362185 -50.04259271713867 2.3999999999999986
    endloop
  endfacet
  facet normal 0 0 1
    outer loop
      vertex 181.79999999701977 -1.8999999985098839 2.3999999999999986
      vertex 109.08684225972493 -50.01069392328274 2.3999999999999986
      vertex 109.25 -50 2.3999999999999986
    endloop
  endfacet
  facet normal 0 0 1
    outer loop
      vertex 181.79999999701977 -1.8999999985098839 2.3999999999999986
      vertex 108.92647619362185 -50.04259271713867 2.3999999999999986
      vertex 109.08684225972493 -50.01069392328274 2.3999999999999986
    endloop
  endfacet
  facet normal 0 0 1
    outer loop
      vertex 181.79999999701977 -1.8999999985098839 2.3999999999999986
      vertex 109.41315774027507 -50.01069392328274 2.3999999999999986
      vertex 109.57352380637815 -50.04259271713867 2.3999999999999986
    endloop
  endfacet
  facet normal 0 0 1
    outer loop
      vertex 181.79999999701977 -1.8999999985098839 2.3999999999999986
      vertex 109.25 -50 2.3999999999999986
      vertex 109.41315774027507 -50.01069392328274 2.3999999999999986
    endloop
  endfacet
  facet normal 0 0 1
    outer loop
      vertex 181.79999999701977 -1.8999999985098839 2.3999999999999986
      vertex 109.57352380637815 -50.04259271713867 2.3999999999999986
      vertex 109.72835429045637 -50.095150584360894 2.3999999999999986
    endloop
  endfacet
  facet normal 0 0 1
    outer loop
      vertex 181.79999999701977 -1.8999999985098839 2.3999999999999986
      vertex 109.72835429045637 -50.095150584360894 2.3999999999999986
      vertex 109.875 -50.167468245269454 2.3999999999999986
    endloop
  endfacet
  facet normal 0 0 1
    outer loop
      vertex 181.79999999701977 -1.8999999985098839 2.3999999999999986
      vertex 110.0109517862609 -50.258308324635955 2.3999999999999986
      vertex 110.13388347648319 -50.366116523516816 2.3999999999999986
    endloop
  endfacet
  facet normal 0 0 1
    outer loop
      vertex 181.79999999701977 -1.8999999985098839 2.3999999999999986
      vertex 109.875 -50.167468245269454 2.3999999999999986
      vertex 110.0109517862609 -50.258308324635955 2.3999999999999986
    endloop
  endfacet
  facet normal 0 0 1
    outer loop
      vertex 181.79999999701977 -1.8999999985098839 2.3999999999999986
      vertex 110.13388347648319 -50.366116523516816 2.3999999999999986
      vertex 110.24169167536404 -50.489048213739096 2.3999999999999986
    endloop
  endfacet
  facet normal 0 0 1
    outer loop
      vertex 181.79999999701977 -1.8999999985098839 2.3999999999999986
      vertex 110.24169167536404 -50.489048213739096 2.3999999999999986
      vertex 110.33253175473055 -50.625 2.3999999999999986
    endloop
  endfacet
  facet normal 0 0 1
    outer loop
      vertex 181.79999999701977 -1.8999999985098839 2.3999999999999986
      vertex 110.33253175473055 -50.625 2.3999999999999986
      vertex 110.4048494156391 -50.77164570954364 2.3999999999999986
    endloop
  endfacet
  facet normal 0 0 1
    outer loop
      vertex 181.79999999701977 -1.8999999985098839 2.3999999999999986
      vertex 110.4048494156391 -50.77164570954364 2.3999999999999986
      vertex 110.45740728286134 -50.92647619362185 2.3999999999999986
    endloop
  endfacet
  facet normal 0 0 1
    outer loop
      vertex 181.79999999701977 -1.8999999985098839 2.3999999999999986
      vertex 110.45740728286134 -50.92647619362185 2.3999999999999986
      vertex 110.48930607671727 -51.08684225972493 2.3999999999999986
    endloop
  endfacet
  facet normal 0 0 1
    outer loop
      vertex 181.79999999701977 -1.8999999985098839 2.3999999999999986
      vertex 110.48930607671727 -51.08684225972493 2.3999999999999986
      vertex 110.5 -51.25 2.3999999999999986
    endloop
  endfacet
  facet normal 0 0 -1
    outer loop
      vertex 186.39999999850988 -0.6000000014901161 0
      vertex 67.08684225972493 -50.01069392328274 0
      vertex 66.92647619362185 -50.04259271713867 0
    endloop
  endfacet
  facet normal 0 0 -1
    outer loop
      vertex 186.39999999850988 -0.6000000014901161 0
      vertex 67.25 -50 0
      vertex 67.08684225972493 -50.01069392328274 0
    endloop
  endfacet
  facet normal 0 0 -1
    outer loop
      vertex 186.39999999850988 -0.6000000014901161 0
      vertex 67.41315774027507 -50.01069392328274 0
      vertex 67.25 -50 0
    endloop
  endfacet
  facet normal 0 0 -1
    outer loop
      vertex 186.39999999850988 -0.6000000014901161 0
      vertex 67.57352380637815 -50.04259271713867 0
      vertex 67.41315774027507 -50.01069392328274 0
    endloop
  endfacet
  facet normal 0 0 -1
    outer loop
      vertex 186.39999999850988 -0.6000000014901161 0
      vertex 66.92647619362185 -50.04259271713867 0
      vertex 66.77164570954363 -50.095150584360894 0
    endloop
  endfacet
  facet normal 0 0 -1
    outer loop
      vertex 186.39999999850988 -0.6000000014901161 0
      vertex 67.72835429045637 -50.095150584360894 0
      vertex 67.57352380637815 -50.04259271713867 0
    endloop
  endfacet
  facet normal 0 0 -1
    outer loop
      vertex 186.39999999850988 -0.6000000014901161 0
      vertex 72.77164570954363 -50.095150584360894 0
      vertex 67.72835429045637 -50.095150584360894 0
    endloop
  endfacet
  facet normal 0 0 -1
    outer loop
      vertex 186.39999999850988 -0.6000000014901161 0
      vertex 73.08684225972493 -50.01069392328274 0
      vertex 72.92647619362185 -50.04259271713867 0
    endloop
  endfacet
  facet normal 0 0 -1
    outer loop
      vertex 186.39999999850988 -0.6000000014901161 0
      vertex 73.25 -50 0
      vertex 73.08684225972493 -50.01069392328274 0
    endloop
  endfacet
  facet normal 0 0 -1
    outer loop
      vertex 186.39999999850988 -0.6000000014901161 0
      vertex 73.41315774027507 -50.01069392328274 0
      vertex 73.25 -50 0
    endloop
  endfacet
  facet normal 0 0 -1
    outer loop
      vertex 186.39999999850988 -0.6000000014901161 0
      vertex 73.57352380637815 -50.04259271713867 0
      vertex 73.41315774027507 -50.01069392328274 0
    endloop
  endfacet
  facet normal 0 0 -1
    outer loop
      vertex 186.39999999850988 -0.6000000014901161 0
      vertex 72.92647619362185 -50.04259271713867 0
      vertex 72.77164570954363 -50.095150584360894 0
    endloop
  endfacet
  facet normal 0 0 -1
    outer loop
      vertex 186.39999999850988 -0.6000000014901161 0
      vertex 73.72835429045637 -50.095150584360894 0
      vertex 73.57352380637815 -50.04259271713867 0
    endloop
  endfacet
  facet normal 0 0 -1
    outer loop
      vertex 186.39999999850988 -0.6000000014901161 0
      vertex 78.77164570954363 -50.095150584360894 0
      vertex 73.72835429045637 -50.095150584360894 0
    endloop
  endfacet
  facet normal 0 0 -1
    outer loop
      vertex 186.39999999850988 -0.6000000014901161 0
      vertex 79.08684225972493 -50.01069392328274 0
      vertex 78.92647619362185 -50.04259271713867 0
    endloop
  endfacet
  facet normal 0 0 -1
    outer loop
      vertex 186.39999999850988 -0.6000000014901161 0
      vertex 79.25 -50 0
      vertex 79.08684225972493 -50.01069392328274 0
    endloop
  endfacet
  facet normal 0 0 -1
    outer loop
      vertex 186.39999999850988 -0.6000000014901161 0
      vertex 79.41315774027507 -50.01069392328274 0
      vertex 79.25 -50 0
    endloop
  endfacet
  facet normal 0 0 -1
    outer loop
      vertex 186.39999999850988 -0.6000000014901161 0
      vertex 79.57352380637815 -50.04259271713867 0
      vertex 79.41315774027507 -50.01069392328274 0
    endloop
  endfacet
  facet normal 0 0 -1
    outer loop
      vertex 186.39999999850988 -0.6000000014901161 0
      vertex 78.92647619362185 -50.04259271713867 0
      vertex 78.77164570954363 -50.095150584360894 0
    endloop
  endfacet
  facet normal 0 0 -1
    outer loop
      vertex 186.39999999850988 -0.6000000014901161 0
      vertex 79.72835429045637 -50.095150584360894 0
      vertex 79.57352380637815 -50.04259271713867 0
    endloop
  endfacet
  facet normal 0 0 -1
    outer loop
      vertex 186.39999999850988 -0.6000000014901161 0
      vertex 84.77164570954363 -50.095150584360894 0
      vertex 79.72835429045637 -50.095150584360894 0
    endloop
  endfacet
  facet normal 0 0 -1
    outer loop
      vertex 186.39999999850988 -0.6000000014901161 0
      vertex 85.08684225972493 -50.01069392328274 0
      vertex 84.92647619362185 -50.04259271713867 0
    endloop
  endfacet
  facet normal 0 0 -1
    outer loop
      vertex 186.39999999850988 -0.6000000014901161 0
      vertex 85.25 -50 0
      vertex 85.08684225972493 -50.01069392328274 0
    endloop
  endfacet
  facet normal 0 0 -1
    outer loop
      vertex 186.39999999850988 -0.6000000014901161 0
      vertex 85.41315774027507 -50.01069392328274 0
      vertex 85.25 -50 0
    endloop
  endfacet
  facet normal 0 0 -1
    outer loop
      vertex 186.39999999850988 -0.6000000014901161 0
      vertex 85.57352380637815 -50.04259271713867 0
      vertex 85.41315774027507 -50.01069392328274 0
    endloop
  endfacet
  facet normal 0 0 -1
    outer loop
      vertex 186.39999999850988 -0.6000000014901161 0
      vertex 84.92647619362185 -50.04259271713867 0
      vertex 84.77164570954363 -50.095150584360894 0
    endloop
  endfacet
  facet normal 0 0 -1
    outer loop
      vertex 186.39999999850988 -0.6000000014901161 0
      vertex 85.72835429045637 -50.095150584360894 0
      vertex 85.57352380637815 -50.04259271713867 0
    endloop
  endfacet
  facet normal 0 0 -1
    outer loop
      vertex 186.39999999850988 -0.6000000014901161 0
      vertex 90.77164570954363 -50.095150584360894 0
      vertex 85.72835429045637 -50.095150584360894 0
    endloop
  endfacet
  facet normal 0 0 -1
    outer loop
      vertex 97.875 -50.167468245269454 0
      vertex 102.4890482137391 -50.258308324635955 0
      vertex 98.0109517862609 -50.258308324635955 0
    endloop
  endfacet
  facet normal 0 0 -1
    outer loop
      vertex 97.72835429045637 -50.095150584360894 0
      vertex 102.625 -50.167468245269454 0
      vertex 97.875 -50.167468245269454 0
    endloop
  endfacet
  facet normal 0 0 -1
    outer loop
      vertex 98.0109517862609 -50.258308324635955 0
      vertex 102.36611652351681 -50.366116523516816 0
      vertex 98.13388347648319 -50.366116523516816 0
    endloop
  endfacet
  facet normal 0 0 -1
    outer loop
      vertex 98.13388347648319 -50.366116523516816 0
      vertex 102.25830832463596 -50.489048213739096 0
      vertex 98.24169167536404 -50.489048213739096 0
    endloop
  endfacet
  facet normal 0 0 -1
    outer loop
      vertex 98.24169167536404 -50.489048213739096 0
      vertex 102.16746824526945 -50.625 0
      vertex 98.33253175473055 -50.625 0
    endloop
  endfacet
  facet normal 0 0 -1
    outer loop
      vertex 98.33253175473055 -50.625 0
      vertex 102.0951505843609 -50.77164570954364 0
      vertex 98.4048494156391 -50.77164570954364 0
    endloop
  endfacet
  facet normal 0 0 -1
    outer loop
      vertex 98.4048494156391 -50.77164570954364 0
      vertex 102.04259271713866 -50.92647619362185 0
      vertex 98.45740728286134 -50.92647619362185 0
    endloop
  endfacet
  facet normal 0 0 -1
    outer loop
      vertex 98.45740728286134 -50.92647619362185 0
      vertex 102.01069392328273 -51.08684225972493 0
      vertex 98.48930607671727 -51.08684225972493 0
    endloop
  endfacet
  facet normal 0 0 -1
    outer loop
      vertex 98.48930607671727 -51.08684225972493 0
      vertex 102 -51.25 0
      vertex 98.5 -51.25 0
    endloop
  endfacet
  facet normal 0 0 -1
    outer loop
      vertex 97.72835429045637 -50.095150584360894 0
      vertex 102.77164570954363 -50.095150584360894 0
      vertex 102.625 -50.167468245269454 0
    endloop
  endfacet
  facet normal 0 0 -1
    outer loop
      vertex 97.875 -50.167468245269454 0
      vertex 102.625 -50.167468245269454 0
      vertex 102.4890482137391 -50.258308324635955 0
    endloop
  endfacet
  facet normal 0 0 -1
    outer loop
      vertex 98.0109517862609 -50.258308324635955 0
      vertex 102.4890482137391 -50.258308324635955 0
      vertex 102.36611652351681 -50.366116523516816 0
    endloop
  endfacet
  facet normal 0 0 -1
    outer loop
      vertex 98.13388347648319 -50.366116523516816 0
      vertex 102.36611652351681 -50.366116523516816 0
      vertex 102.25830832463596 -50.489048213739096 0
    endloop
  endfacet
  facet normal 0 0 -1
    outer loop
      vertex 98.24169167536404 -50.489048213739096 0
      vertex 102.25830832463596 -50.489048213739096 0
      vertex 102.16746824526945 -50.625 0
    endloop
  endfacet
  facet normal 0 0 -1
    outer loop
      vertex 98.33253175473055 -50.625 0
      vertex 102.16746824526945 -50.625 0
      vertex 102.0951505843609 -50.77164570954364 0
    endloop
  endfacet
  facet normal 0 0 -1
    outer loop
      vertex 98.4048494156391 -50.77164570954364 0
      vertex 102.0951505843609 -50.77164570954364 0
      vertex 102.04259271713866 -50.92647619362185 0
    endloop
  endfacet
  facet normal 0 0 -1
    outer loop
      vertex 98.45740728286134 -50.92647619362185 0
      vertex 102.04259271713866 -50.92647619362185 0
      vertex 102.01069392328273 -51.08684225972493 0
    endloop
  endfacet
  facet normal 0 0 -1
    outer loop
      vertex 98.48930607671727 -51.08684225972493 0
      vertex 102.01069392328273 -51.08684225972493 0
      vertex 102 -51.25 0
    endloop
  endfacet
  facet normal 0 0 -1
    outer loop
      vertex 103.875 -50.167468245269454 0
      vertex 108.4890482137391 -50.258308324635955 0
      vertex 104.0109517862609 -50.258308324635955 0
    endloop
  endfacet
  facet normal 0 0 -1
    outer loop
      vertex 103.72835429045637 -50.095150584360894 0
      vertex 108.625 -50.167468245269454 0
      vertex 103.875 -50.167468245269454 0
    endloop
  endfacet
  facet normal 0 0 -1
    outer loop
      vertex 104.0109517862609 -50.258308324635955 0
      vertex 108.36611652351681 -50.366116523516816 0
      vertex 104.13388347648319 -50.366116523516816 0
    endloop
  endfacet
  facet normal 0 0 -1
    outer loop
      vertex 104.13388347648319 -50.366116523516816 0
      vertex 108.25830832463596 -50.489048213739096 0
      vertex 104.24169167536404 -50.489048213739096 0
    endloop
  endfacet
  facet normal 0 0 -1
    outer loop
      vertex 104.24169167536404 -50.489048213739096 0
      vertex 108.16746824526945 -50.625 0
      vertex 104.33253175473055 -50.625 0
    endloop
  endfacet
  facet normal 0 0 -1
    outer loop
      vertex 103.72835429045637 -50.095150584360894 0
      vertex 108.77164570954363 -50.095150584360894 0
      vertex 108.625 -50.167468245269454 0
    endloop
  endfacet
  facet normal 0 0 -1
    outer loop
      vertex 103.875 -50.167468245269454 0
      vertex 108.625 -50.167468245269454 0
      vertex 108.4890482137391 -50.258308324635955 0
    endloop
  endfacet
  facet normal 0 0 -1
    outer loop
      vertex 104.0109517862609 -50.258308324635955 0
      vertex 108.4890482137391 -50.258308324635955 0
      vertex 108.36611652351681 -50.366116523516816 0
    endloop
  endfacet
  facet normal 0 0 -1
    outer loop
      vertex 104.33253175473055 -50.625 0
      vertex 108.0951505843609 -50.77164570954364 0
      vertex 104.4048494156391 -50.77164570954364 0
    endloop
  endfacet
  facet normal 0 0 -1
    outer loop
      vertex 104.4048494156391 -50.77164570954364 0
      vertex 108.04259271713866 -50.92647619362185 0
      vertex 104.45740728286134 -50.92647619362185 0
    endloop
  endfacet
  facet normal 0 0 -1
    outer loop
      vertex 104.45740728286134 -50.92647619362185 0
      vertex 108.01069392328273 -51.08684225972493 0
      vertex 104.48930607671727 -51.08684225972493 0
    endloop
  endfacet
  facet normal 0 0 -1
    outer loop
      vertex 104.48930607671727 -51.08684225972493 0
      vertex 108 -51.25 0
      vertex 104.5 -51.25 0
    endloop
  endfacet
  facet normal 0 0 -1
    outer loop
      vertex 104.13388347648319 -50.366116523516816 0
      vertex 108.36611652351681 -50.366116523516816 0
      vertex 108.25830832463596 -50.489048213739096 0
    endloop
  endfacet
  facet normal 0 0 -1
    outer loop
      vertex 104.24169167536404 -50.489048213739096 0
      vertex 108.25830832463596 -50.489048213739096 0
      vertex 108.16746824526945 -50.625 0
    endloop
  endfacet
  facet normal 0 0 -1
    outer loop
      vertex 104.33253175473055 -50.625 0
      vertex 108.16746824526945 -50.625 0
      vertex 108.0951505843609 -50.77164570954364 0
    endloop
  endfacet
  facet normal 0 0 -1
    outer loop
      vertex 104.4048494156391 -50.77164570954364 0
      vertex 108.0951505843609 -50.77164570954364 0
      vertex 108.04259271713866 -50.92647619362185 0
    endloop
  endfacet
  facet normal 0 0 -1
    outer loop
      vertex 104.45740728286134 -50.92647619362185 0
      vertex 108.04259271713866 -50.92647619362185 0
      vertex 108.01069392328273 -51.08684225972493 0
    endloop
  endfacet
  facet normal 0 0 -1
    outer loop
      vertex 104.48930607671727 -51.08684225972493 0
      vertex 108.01069392328273 -51.08684225972493 0
      vertex 108 -51.25 0
    endloop
  endfacet
  facet normal 0 0 -1
    outer loop
      vertex 186.39999999850988 -0.6000000014901161 0
      vertex 91.08684225972493 -50.01069392328274 0
      vertex 90.92647619362185 -50.04259271713867 0
    endloop
  endfacet
  facet normal 0 0 -1
    outer loop
      vertex 186.39999999850988 -0.6000000014901161 0
      vertex 91.25 -50 0
      vertex 91.08684225972493 -50.01069392328274 0
    endloop
  endfacet
  facet normal 0 0 -1
    outer loop
      vertex 186.39999999850988 -0.6000000014901161 0
      vertex 91.41315774027507 -50.01069392328274 0
      vertex 91.25 -50 0
    endloop
  endfacet
  facet normal 0 0 -1
    outer loop
      vertex 186.39999999850988 -0.6000000014901161 0
      vertex 91.57352380637815 -50.04259271713867 0
      vertex 91.41315774027507 -50.01069392328274 0
    endloop
  endfacet
  facet normal 0 0 -1
    outer loop
      vertex 186.39999999850988 -0.6000000014901161 0
      vertex 90.92647619362185 -50.04259271713867 0
      vertex 90.77164570954363 -50.095150584360894 0
    endloop
  endfacet
  facet normal 0 0 -1
    outer loop
      vertex 186.39999999850988 -0.6000000014901161 0
      vertex 91.72835429045637 -50.095150584360894 0
      vertex 91.57352380637815 -50.04259271713867 0
    endloop
  endfacet
  facet normal 0 0 -1
    outer loop
      vertex 186.39999999850988 -0.6000000014901161 0
      vertex 96.77164570954363 -50.095150584360894 0
      vertex 91.72835429045637 -50.095150584360894 0
    endloop
  endfacet
  facet normal 0 0 -1
    outer loop
      vertex 186.39999999850988 -0.6000000014901161 0
      vertex 97.08684225972493 -50.01069392328274 0
      vertex 96.92647619362185 -50.04259271713867 0
    endloop
  endfacet
  facet normal 0 0 -1
    outer loop
      vertex 186.39999999850988 -0.6000000014901161 0
      vertex 97.25 -50 0
      vertex 97.08684225972493 -50.01069392328274 0
    endloop
  endfacet
  facet normal 0 0 -1
    outer loop
      vertex 186.39999999850988 -0.6000000014901161 0
      vertex 97.41315774027507 -50.01069392328274 0
      vertex 97.25 -50 0
    endloop
  endfacet
  facet normal 0 0 -1
    outer loop
      vertex 186.39999999850988 -0.6000000014901161 0
      vertex 97.57352380637815 -50.04259271713867 0
      vertex 97.41315774027507 -50.01069392328274 0
    endloop
  endfacet
  facet normal 0 0 -1
    outer loop
      vertex 186.39999999850988 -0.6000000014901161 0
      vertex 96.92647619362185 -50.04259271713867 0
      vertex 96.77164570954363 -50.095150584360894 0
    endloop
  endfacet
  facet normal 0 0 -1
    outer loop
      vertex 186.39999999850988 -0.6000000014901161 0
      vertex 97.72835429045637 -50.095150584360894 0
      vertex 97.57352380637815 -50.04259271713867 0
    endloop
  endfacet
  facet normal 0 0 -1
    outer loop
      vertex 186.39999999850988 -0.6000000014901161 0
      vertex 102.77164570954363 -50.095150584360894 0
      vertex 97.72835429045637 -50.095150584360894 0
    endloop
  endfacet
  facet normal 0 0 -1
    outer loop
      vertex 186.39999999850988 -0.6000000014901161 0
      vertex 103.08684225972493 -50.01069392328274 0
      vertex 102.92647619362185 -50.04259271713867 0
    endloop
  endfacet
  facet normal 0 0 -1
    outer loop
      vertex 186.39999999850988 -0.6000000014901161 0
      vertex 103.25 -50 0
      vertex 103.08684225972493 -50.01069392328274 0
    endloop
  endfacet
  facet normal 0 0 -1
    outer loop
      vertex 186.39999999850988 -0.6000000014901161 0
      vertex 103.41315774027507 -50.01069392328274 0
      vertex 103.25 -50 0
    endloop
  endfacet
  facet normal 0 0 -1
    outer loop
      vertex 186.39999999850988 -0.6000000014901161 0
      vertex 103.57352380637815 -50.04259271713867 0
      vertex 103.41315774027507 -50.01069392328274 0
    endloop
  endfacet
  facet normal 0 0 -1
    outer loop
      vertex 186.39999999850988 -0.6000000014901161 0
      vertex 102.92647619362185 -50.04259271713867 0
      vertex 102.77164570954363 -50.095150584360894 0
    endloop
  endfacet
  facet normal 0 0 -1
    outer loop
      vertex 186.39999999850988 -0.6000000014901161 0
      vertex 103.72835429045637 -50.095150584360894 0
      vertex 103.57352380637815 -50.04259271713867 0
    endloop
  endfacet
  facet normal 0 0 -1
    outer loop
      vertex 186.39999999850988 -0.6000000014901161 0
      vertex 108.77164570954363 -50.095150584360894 0
      vertex 103.72835429045637 -50.095150584360894 0
    endloop
  endfacet
  facet normal 0 0 -1
    outer loop
      vertex 186.39999999850988 -0.6000000014901161 0
      vertex 109.25 -50 0
      vertex 109.08684225972493 -50.01069392328274 0
    endloop
  endfacet
  facet normal 0 0 -1
    outer loop
      vertex 186.39999999850988 -0.6000000014901161 0
      vertex 109.08684225972493 -50.01069392328274 0
      vertex 108.92647619362185 -50.04259271713867 0
    endloop
  endfacet
  facet normal 0 0 -1
    outer loop
      vertex 186.39999999850988 -0.6000000014901161 0
      vertex 109.57352380637815 -50.04259271713867 0
      vertex 109.41315774027507 -50.01069392328274 0
    endloop
  endfacet
  facet normal 0 0 -1
    outer loop
      vertex 186.39999999850988 -0.6000000014901161 0
      vertex 109.41315774027507 -50.01069392328274 0
      vertex 109.25 -50 0
    endloop
  endfacet
  facet normal 0 0 -1
    outer loop
      vertex 186.39999999850988 -0.6000000014901161 0
      vertex 108.92647619362185 -50.04259271713867 0
      vertex 108.77164570954363 -50.095150584360894 0
    endloop
  endfacet
  facet normal 0 0 -1
    outer loop
      vertex 186.39999999850988 -0.6000000014901161 0
      vertex 109.875 -50.167468245269454 0
      vertex 109.72835429045637 -50.095150584360894 0
    endloop
  endfacet
  facet normal 0 0 -1
    outer loop
      vertex 186.39999999850988 -0.6000000014901161 0
      vertex 109.72835429045637 -50.095150584360894 0
      vertex 109.57352380637815 -50.04259271713867 0
    endloop
  endfacet
  facet normal 0 0 -1
    outer loop
      vertex 186.39999999850988 -0.6000000014901161 0
      vertex 110.0109517862609 -50.258308324635955 0
      vertex 109.875 -50.167468245269454 0
    endloop
  endfacet
  facet normal 0 0 -1
    outer loop
      vertex 186.39999999850988 -0.6000000014901161 0
      vertex 110.13388347648319 -50.366116523516816 0
      vertex 110.0109517862609 -50.258308324635955 0
    endloop
  endfacet
  facet normal 0 0 -1
    outer loop
      vertex 186.39999999850988 -0.6000000014901161 0
      vertex 110.24169167536404 -50.489048213739096 0
      vertex 110.13388347648319 -50.366116523516816 0
    endloop
  endfacet
  facet normal 0 0 -1
    outer loop
      vertex 186.39999999850988 -0.6000000014901161 0
      vertex 110.33253175473055 -50.625 0
      vertex 110.24169167536404 -50.489048213739096 0
    endloop
  endfacet
  facet normal 0 0 -1
    outer loop
      vertex 186.39999999850988 -0.6000000014901161 0
      vertex 110.4048494156391 -50.77164570954364 0
      vertex 110.33253175473055 -50.625 0
    endloop
  endfacet
  facet normal 0 0 -1
    outer loop
      vertex 186.39999999850988 -0.6000000014901161 0
      vertex 110.45740728286134 -50.92647619362185 0
      vertex 110.4048494156391 -50.77164570954364 0
    endloop
  endfacet
  facet normal 0 0 -1
    outer loop
      vertex 186.39999999850988 -0.6000000014901161 0
      vertex 110.48930607671727 -51.08684225972493 0
      vertex 110.45740728286134 -50.92647619362185 0
    endloop
  endfacet
  facet normal 0 0 -1
    outer loop
      vertex 186.39999999850988 -0.6000000014901161 0
      vertex 110.5 -51.25 0
      vertex 110.48930607671727 -51.08684225972493 0
    endloop
  endfacet
  facet normal 0 0 1
    outer loop
      vertex 183.70000000298023 -0.29999999701976776 2.3999999999999986
      vertex 186.17163859307766 0.5480502992868423 2.3999999999999986
      vertex 185.9980762079358 0.8999999985098839 2.3999999999999986
    endloop
  endfacet
  facet normal 0 0 1
    outer loop
      vertex 183.70000000298023 -0.29999999701976776 2.3999999999999986
      vertex 186.29777747392654 0.17645713686943054 2.3999999999999986
      vertex 186.17163859307766 0.5480502992868423 2.3999999999999986
    endloop
  endfacet
  facet normal 0 0 1
    outer loop
      vertex 183.70000000298023 -0.29999999701976776 2.3999999999999986
      vertex 186.3743345811963 -0.20842142403125763 2.3999999999999986
      vertex 186.29777747392654 0.17645713686943054 2.3999999999999986
    endloop
  endfacet
  facet normal 0 0 1
    outer loop
      vertex 183.70000000298023 -0.29999999701976776 2.3999999999999986
      vertex 186.39999999850988 -0.6000000014901161 2.3999999999999986
      vertex 186.3743345811963 -0.20842142403125763 2.3999999999999986
    endloop
  endfacet
  facet normal 0 0 1
    outer loop
      vertex 183.70000000298023 -0.29999999701976776 2.3999999999999986
      vertex 186.39999999850988 -53 2.3999999999999986
      vertex 186.39999999850988 -0.6000000014901161 2.3999999999999986
    endloop
  endfacet
  facet normal 0.06540313273849395 0.9978589230086541 0
    outer loop
      vertex 183.39999999850988 2.399999998509884 2.3999999999999986
      vertex 183.79157857596874 2.374334581196308 2.3999999999999986
      vertex 183.39999999850988 2.399999998509884 0
    endloop
  endfacet
  facet normal 0.19509032585814406 0.980785279639006 0
    outer loop
      vertex 183.79157857596874 2.374334581196308 2.3999999999999986
      vertex 184.17645713686943 2.297777473926544 2.3999999999999986
      vertex 183.79157857596874 2.374334581196308 0
    endloop
  endfacet
  facet normal 0.3214394637077385 0.9469301300366788 0
    outer loop
      vertex 184.17645713686943 2.297777473926544 2.3999999999999986
      vertex 184.54805029928684 2.1716385930776596 2.3999999999999986
      vertex 184.17645713686943 2.297777473926544 0
    endloop
  endfacet
  facet normal 0.4422886918115197 0.8968727407473451 0
    outer loop
      vertex 184.54805029928684 2.1716385930776596 2.3999999999999986
      vertex 184.89999999850988 1.99807620793581 2.3999999999999986
      vertex 184.54805029928684 2.1716385930776596 0
    endloop
  endfacet
  facet normal 0.5555702203832522 0.8314696207458844 0
    outer loop
      vertex 184.89999999850988 1.99807620793581 2.3999999999999986
      vertex 185.22628428786993 1.7800600230693817 2.3999999999999986
      vertex 184.89999999850988 1.99807620793581 0
    endloop
  endfacet
  facet normal 0.6593458207943228 0.7518398024852507 0
    outer loop
      vertex 185.22628428786993 1.7800600230693817 2.3999999999999986
      vertex 185.52132034301758 1.5213203430175781 2.3999999999999986
      vertex 185.22628428786993 1.7800600230693817 0
    endloop
  endfacet
  facet normal 0.7518398024852507 0.6593458207943228 0
    outer loop
      vertex 185.52132034301758 1.5213203430175781 2.3999999999999986
      vertex 185.78006002306938 1.2262842878699303 2.3999999999999986
      vertex 185.52132034301758 1.5213203430175781 0
    endloop
  endfacet
  facet normal 0.8314696207458844 0.5555702203832522 0
    outer loop
      vertex 185.78006002306938 1.2262842878699303 2.3999999999999986
      vertex 185.9980762079358 0.8999999985098839 2.3999999999999986
      vertex 185.78006002306938 1.2262842878699303 0
    endloop
  endfacet
  facet normal 0.8968727407473451 0.4422886918115197 0
    outer loop
      vertex 185.9980762079358 0.8999999985098839 2.3999999999999986
      vertex 186.17163859307766 0.5480502992868423 2.3999999999999986
      vertex 185.9980762079358 0.8999999985098839 0
    endloop
  endfacet
  facet normal 0.9469301300366788 0.3214394637077385 0
    outer loop
      vertex 186.17163859307766 0.5480502992868423 2.3999999999999986
      vertex 186.29777747392654 0.17645713686943054 2.3999999999999986
      vertex 186.17163859307766 0.5480502992868423 0
    endloop
  endfacet
  facet normal 0.980785279639006 0.19509032585814406 0
    outer loop
      vertex 186.29777747392654 0.17645713686943054 2.3999999999999986
      vertex 186.3743345811963 -0.20842142403125763 2.3999999999999986
      vertex 186.29777747392654 0.17645713686943054 0
    endloop
  endfacet
  facet normal 0.9978589230086541 0.06540313273849395 0
    outer loop
      vertex 186.3743345811963 -0.20842142403125763 2.3999999999999986
      vertex 186.39999999850988 -0.6000000014901161 2.3999999999999986
      vertex 186.3743345811963 -0.20842142403125763 0
    endloop
  endfacet
  facet normal 0.06540313273849395 0.9978589230086541 0
    outer loop
      vertex 183.79157857596874 2.374334581196308 2.3999999999999986
      vertex 183.79157857596874 2.374334581196308 0
      vertex 183.39999999850988 2.399999998509884 0
    endloop
  endfacet
  facet normal 0.19509032585814406 0.980785279639006 0
    outer loop
      vertex 184.17645713686943 2.297777473926544 2.3999999999999986
      vertex 184.17645713686943 2.297777473926544 0
      vertex 183.79157857596874 2.374334581196308 0
    endloop
  endfacet
  facet normal 0.3214394637077385 0.9469301300366788 0
    outer loop
      vertex 184.54805029928684 2.1716385930776596 2.3999999999999986
      vertex 184.54805029928684 2.1716385930776596 0
      vertex 184.17645713686943 2.297777473926544 0
    endloop
  endfacet
  facet normal 0.4422886918115197 0.8968727407473451 0
    outer loop
      vertex 184.89999999850988 1.99807620793581 2.3999999999999986
      vertex 184.89999999850988 1.99807620793581 0
      vertex 184.54805029928684 2.1716385930776596 0
    endloop
  endfacet
  facet normal 0.5555702203832522 0.8314696207458844 0
    outer loop
      vertex 185.22628428786993 1.7800600230693817 2.3999999999999986
      vertex 185.22628428786993 1.7800600230693817 0
      vertex 184.89999999850988 1.99807620793581 0
    endloop
  endfacet
  facet normal 0.6593458207943228 0.7518398024852507 0
    outer loop
      vertex 185.52132034301758 1.5213203430175781 2.3999999999999986
      vertex 185.52132034301758 1.5213203430175781 0
      vertex 185.22628428786993 1.7800600230693817 0
    endloop
  endfacet
  facet normal 0.7518398024852507 0.6593458207943228 0
    outer loop
      vertex 185.78006002306938 1.2262842878699303 2.3999999999999986
      vertex 185.78006002306938 1.2262842878699303 0
      vertex 185.52132034301758 1.5213203430175781 0
    endloop
  endfacet
  facet normal 0.8314696207458844 0.5555702203832522 0
    outer loop
      vertex 185.9980762079358 0.8999999985098839 2.3999999999999986
      vertex 185.9980762079358 0.8999999985098839 0
      vertex 185.78006002306938 1.2262842878699303 0
    endloop
  endfacet
  facet normal 0.8968727407473451 0.4422886918115197 0
    outer loop
      vertex 186.17163859307766 0.5480502992868423 2.3999999999999986
      vertex 186.17163859307766 0.5480502992868423 0
      vertex 185.9980762079358 0.8999999985098839 0
    endloop
  endfacet
  facet normal 0.9469301300366788 0.3214394637077385 0
    outer loop
      vertex 186.29777747392654 0.17645713686943054 2.3999999999999986
      vertex 186.29777747392654 0.17645713686943054 0
      vertex 186.17163859307766 0.5480502992868423 0
    endloop
  endfacet
  facet normal 0.980785279639006 0.19509032585814406 0
    outer loop
      vertex 186.3743345811963 -0.20842142403125763 2.3999999999999986
      vertex 186.3743345811963 -0.20842142403125763 0
      vertex 186.29777747392654 0.17645713686943054 0
    endloop
  endfacet
  facet normal 0.9978589230086541 0.06540313273849395 0
    outer loop
      vertex 186.39999999850988 -0.6000000014901161 2.3999999999999986
      vertex 186.39999999850988 -0.6000000014901161 0
      vertex 186.3743345811963 -0.20842142403125763 0
    endloop
  endfacet
  facet normal 1 0 0
    outer loop
      vertex 186.39999999850988 -0.6000000014901161 2.3999999999999986
      vertex 186.39999999850988 -53 2.3999999999999986
      vertex 186.39999999850988 -0.6000000014901161 0
    endloop
  endfacet
  facet normal 0 0 1
    outer loop
      vertex 181.79999999701977 -1.8999999985098839 2.3999999999999986
      vertex 110.5 -51.25 2.3999999999999986
      vertex 181.79999999701977 -116.10000000149012 2.3999999999999986
    endloop
  endfacet
  facet normal 0 0 1
    outer loop
      vertex 183.70000000298023 -0.29999999701976776 2.3999999999999986
      vertex 186.39999999850988 -65 2.3999999999999986
      vertex 186.39999999850988 -53 2.3999999999999986
    endloop
  endfacet
  facet normal 0 0 1
    outer loop
      vertex 186.39999999850988 -53 2.3999999999999986
      vertex 189.92138784378767 -58.673684522509575 2.3999999999999986
      vertex 189.98518543690443 -58.352952390909195 2.3999999999999986
    endloop
  endfacet
  facet normal 0 0 1
    outer loop
      vertex 186.39999999850988 -53 2.3999999999999986
      vertex 189.89999999850988 -59 2.3999999999999986
      vertex 189.92138784378767 -58.673684522509575 2.3999999999999986
    endloop
  endfacet
  facet normal 0 0 1
    outer loop
      vertex 186.39999999850988 -53 2.3999999999999986
      vertex 190.87809642404318 -57.01661664992571 2.3999999999999986
      vertex 191.14999999850988 -56.83493649214506 2.3999999999999986
    endloop
  endfacet
  facet normal 0 0 1
    outer loop
      vertex 186.39999999850988 -53 2.3999999999999986
      vertex 190.4166166484356 -57.478096425533295 2.3999999999999986
      vertex 190.63223304599524 -57.23223304748535 2.3999999999999986
    endloop
  endfacet
  facet normal 0 0 1
    outer loop
      vertex 186.39999999850988 -53 2.3999999999999986
      vertex 190.23493649065495 -57.75 2.3999999999999986
      vertex 190.4166166484356 -57.478096425533295 2.3999999999999986
    endloop
  endfacet
  facet normal 0 0 1
    outer loop
      vertex 186.39999999850988 -53 2.3999999999999986
      vertex 190.63223304599524 -57.23223304748535 2.3999999999999986
      vertex 190.87809642404318 -57.01661664992571 2.3999999999999986
    endloop
  endfacet
  facet normal 0 0 1
    outer loop
      vertex 186.39999999850988 -53 2.3999999999999986
      vertex 191.14999999850988 -56.83493649214506 2.3999999999999986
      vertex 191.44329141825438 -56.690301172435284 2.3999999999999986
    endloop
  endfacet
  facet normal 0 0 1
    outer loop
      vertex 186.39999999850988 -53 2.3999999999999986
      vertex 191.44329141825438 -56.690301172435284 2.3999999999999986
      vertex 191.75295238941908 -56.585185430943966 2.3999999999999986
    endloop
  endfacet
  facet normal 0 0 1
    outer loop
      vertex 186.39999999850988 -53 2.3999999999999986
      vertex 191.75295238941908 -56.585185430943966 2.3999999999999986
      vertex 192.07368452101946 -56.521387845277786 2.3999999999999986
    endloop
  endfacet
  facet normal 0 0 1
    outer loop
      vertex 186.39999999850988 -53 2.3999999999999986
      vertex 192.07368452101946 -56.521387845277786 2.3999999999999986
      vertex 192.39999999850988 -56.5 2.3999999999999986
    endloop
  endfacet
  facet normal 0 0 1
    outer loop
      vertex 186.39999999850988 -53 2.3999999999999986
      vertex 190.09030117094517 -58.04329141974449 2.3999999999999986
      vertex 190.23493649065495 -57.75 2.3999999999999986
    endloop
  endfacet
  facet normal 0 0 1
    outer loop
      vertex 186.39999999850988 -53 2.3999999999999986
      vertex 189.98518543690443 -58.352952390909195 2.3999999999999986
      vertex 190.09030117094517 -58.04329141974449 2.3999999999999986
    endloop
  endfacet
  facet normal 0 0 1
    outer loop
      vertex 186.39999999850988 -53 2.3999999999999986
      vertex 192.39999999850988 -56.5 2.3999999999999986
      vertex 192.7263154834509 -56.521387845277786 2.3999999999999986
    endloop
  endfacet
  facet normal 0 0 1
    outer loop
      vertex 186.39999999850988 -53 2.3999999999999986
      vertex 192.7263154834509 -56.521387845277786 2.3999999999999986
      vertex 193.04704761505127 -56.585185430943966 2.3999999999999986
    endloop
  endfacet
  facet normal 0 0 1
    outer loop
      vertex 186.39999999850988 -53 2.3999999999999986
      vertex 193.04704761505127 -56.585185430943966 2.3999999999999986
      vertex 198.39999999850988 -53 2.3999999999999986
    endloop
  endfacet
  facet normal 0 0 1
    outer loop
      vertex 198.39999999850988 -53 2.3999999999999986
      vertex 193.04704761505127 -56.585185430943966 2.3999999999999986
      vertex 193.3567085787654 -56.690301172435284 2.3999999999999986
    endloop
  endfacet
  facet normal 0 0 1
    outer loop
      vertex 198.39999999850988 -53 2.3999999999999986
      vertex 193.3567085787654 -56.690301172435284 2.3999999999999986
      vertex 193.64999999850988 -56.83493649214506 2.3999999999999986
    endloop
  endfacet
  facet normal 0 0 1
    outer loop
      vertex 198.39999999850988 -53 2.3999999999999986
      vertex 193.64999999850988 -56.83493649214506 2.3999999999999986
      vertex 193.9219035729766 -57.01661664992571 2.3999999999999986
    endloop
  endfacet
  facet normal 0 0 1
    outer loop
      vertex 198.39999999850988 -53 2.3999999999999986
      vertex 193.9219035729766 -57.01661664992571 2.3999999999999986
      vertex 194.16776695102453 -57.23223304748535 2.3999999999999986
    endloop
  endfacet
  facet normal 0 0 1
    outer loop
      vertex 198.39999999850988 -53 2.3999999999999986
      vertex 194.16776695102453 -57.23223304748535 2.3999999999999986
      vertex 194.38338334858418 -57.478096425533295 2.3999999999999986
    endloop
  endfacet
  facet normal 0 0 1
    outer loop
      vertex 198.39999999850988 -53 2.3999999999999986
      vertex 194.38338334858418 -57.478096425533295 2.3999999999999986
      vertex 194.56506350636482 -57.75 2.3999999999999986
    endloop
  endfacet
  facet normal 0 0 1
    outer loop
      vertex 198.39999999850988 -53 2.3999999999999986
      vertex 194.56506350636482 -57.75 2.3999999999999986
      vertex 194.70969883352518 -58.04329141974449 2.3999999999999986
    endloop
  endfacet
  facet normal 0 0 1
    outer loop
      vertex 198.39999999850988 -53 2.3999999999999986
      vertex 194.70969883352518 -58.04329141974449 2.3999999999999986
      vertex 194.81481456756592 -58.352952390909195 2.3999999999999986
    endloop
  endfacet
  facet normal 0 0 1
    outer loop
      vertex 198.39999999850988 -53 2.3999999999999986
      vertex 194.81481456756592 -58.352952390909195 2.3999999999999986
      vertex 194.8786121532321 -58.673684522509575 2.3999999999999986
    endloop
  endfacet
  facet normal 0 0 1
    outer loop
      vertex 198.39999999850988 -53 2.3999999999999986
      vertex 194.8786121532321 -58.673684522509575 2.3999999999999986
      vertex 194.89999999850988 -59 2.3999999999999986
    endloop
  endfacet
  facet normal 0 0 -1
    outer loop
      vertex 186.39999999850988 -0.6000000014901161 0
      vertex 186.39999999850988 -53 0
      vertex 110.5 -51.25 0
    endloop
  endfacet
  facet normal 0 0 -1
    outer loop
      vertex 186.39999999850988 -53 0
      vertex 186.39999999850988 -65 0
      vertex 110.5 -51.25 0
    endloop
  endfacet
  facet normal 1 0 0
    outer loop
      vertex 186.39999999850988 -0.6000000014901161 0
      vertex 186.39999999850988 -53 2.3999999999999986
      vertex 186.39999999850988 -53 0
    endloop
  endfacet
  facet normal 0 1 0
    outer loop
      vertex 186.39999999850988 -53 2.3999999999999986
      vertex 198.39999999850988 -53 2.3999999999999986
      vertex 186.39999999850988 -53 0
    endloop
  endfacet
  facet normal 0.5555702282588649 -0.8314696154835681 0
    outer loop
      vertex 191.14999999850988 -56.83493649214506 2.3999999999999986
      vertex 190.87809642404318 -57.01661664992571 2.3999999999999986
      vertex 190.87809642404318 -57.01661664992571 0
    endloop
  endfacet
  facet normal 0.19509031635308638 -0.9807852815296795 0
    outer loop
      vertex 191.75295238941908 -56.585185430943966 2.3999999999999986
      vertex 191.75295238941908 -56.585185430943966 0
      vertex 192.07368452101946 -56.521387845277786 2.3999999999999986
    endloop
  endfacet
  facet normal 0.44228868423822365 -0.8968727444820815 0
    outer loop
      vertex 191.14999999850988 -56.83493649214506 2.3999999999999986
      vertex 191.14999999850988 -56.83493649214506 0
      vertex 191.44329141825438 -56.690301172435284 2.3999999999999986
    endloop
  endfacet
  facet normal 0.3214394818255995 -0.9469301238864936 0
    outer loop
      vertex 191.75295238941908 -56.585185430943966 2.3999999999999986
      vertex 191.44329141825438 -56.690301172435284 2.3999999999999986
      vertex 191.44329141825438 -56.690301172435284 0
    endloop
  endfacet
  facet normal 0.8314696154835681 -0.5555702282588649 0
    outer loop
      vertex 190.23493649065495 -57.75 2.3999999999999986
      vertex 190.23493649065495 -57.75 0
      vertex 190.4166166484356 -57.478096425533295 2.3999999999999986
    endloop
  endfacet
  facet normal 0.8968727444820815 -0.44228868423822365 0
    outer loop
      vertex 190.23493649065495 -57.75 2.3999999999999986
      vertex 190.09030117094517 -58.04329141974449 2.3999999999999986
      vertex 190.09030117094517 -58.04329141974449 0
    endloop
  endfacet
  facet normal 0.9469301308213699 -0.32143946139611307 0
    outer loop
      vertex 189.98518543690443 -58.352952390909195 2.3999999999999986
      vertex 189.98518543690443 -58.352952390909195 0
      vertex 190.09030117094517 -58.04329141974449 2.3999999999999986
    endloop
  endfacet
  facet normal 0.9807852771702339 -0.19509033826949876 0
    outer loop
      vertex 189.98518543690443 -58.352952390909195 2.3999999999999986
      vertex 189.92138784378767 -58.673684522509575 2.3999999999999986
      vertex 189.92138784378767 -58.673684522509575 0
    endloop
  endfacet
  facet normal 0.9978589234555668 -0.06540312591992284 0
    outer loop
      vertex 189.92138784378767 -58.673684522509575 2.3999999999999986
      vertex 189.89999999850988 -59 2.3999999999999986
      vertex 189.89999999850988 -59 0
    endloop
  endfacet
  facet normal 0.6593458183838079 -0.7518398045992155 0
    outer loop
      vertex 190.87809642404318 -57.01661664992571 2.3999999999999986
      vertex 190.63223304599524 -57.23223304748535 2.3999999999999986
      vertex 190.63223304599524 -57.23223304748535 0
    endloop
  endfacet
  facet normal 0.7518398045992155 -0.6593458183838079 0
    outer loop
      vertex 190.63223304599524 -57.23223304748535 2.3999999999999986
      vertex 190.4166166484356 -57.478096425533295 2.3999999999999986
      vertex 190.4166166484356 -57.478096425533295 0
    endloop
  endfacet
  facet normal 0.06540312591992284 -0.9978589234555668 0
    outer loop
      vertex 192.07368452101946 -56.521387845277786 2.3999999999999986
      vertex 192.07368452101946 -56.521387845277786 0
      vertex 192.39999999850988 -56.5 2.3999999999999986
    endloop
  endfacet
  facet normal -0.06540312443299726 -0.997858923553025 0
    outer loop
      vertex 192.39999999850988 -56.5 2.3999999999999986
      vertex 192.39999999850988 -56.5 0
      vertex 192.7263154834509 -56.521387845277786 2.3999999999999986
    endloop
  endfacet
  facet normal -0.19509031635308638 -0.9807852815296795 0
    outer loop
      vertex 192.7263154834509 -56.521387845277786 2.3999999999999986
      vertex 192.7263154834509 -56.521387845277786 0
      vertex 193.04704761505127 -56.585185430943966 2.3999999999999986
    endloop
  endfacet
  facet normal -0.32143948876047607 -0.94693012153242 0
    outer loop
      vertex 193.04704761505127 -56.585185430943966 2.3999999999999986
      vertex 193.04704761505127 -56.585185430943966 0
      vertex 193.3567085787654 -56.690301172435284 2.3999999999999986
    endloop
  endfacet
  facet normal -0.44228868423822365 -0.8968727444820815 0
    outer loop
      vertex 193.3567085787654 -56.690301172435284 2.3999999999999986
      vertex 193.3567085787654 -56.690301172435284 0
      vertex 193.64999999850988 -56.83493649214506 2.3999999999999986
    endloop
  endfacet
  facet normal -0.5555702282588649 -0.8314696154835681 0
    outer loop
      vertex 193.64999999850988 -56.83493649214506 2.3999999999999986
      vertex 193.64999999850988 -56.83493649214506 0
      vertex 193.9219035729766 -57.01661664992571 2.3999999999999986
    endloop
  endfacet
  facet normal -0.6593458183838079 -0.7518398045992155 0
    outer loop
      vertex 193.9219035729766 -57.01661664992571 2.3999999999999986
      vertex 193.9219035729766 -57.01661664992571 0
      vertex 194.16776695102453 -57.23223304748535 2.3999999999999986
    endloop
  endfacet
  facet normal -0.7518398045992155 -0.6593458183838079 0
    outer loop
      vertex 194.16776695102453 -57.23223304748535 2.3999999999999986
      vertex 194.16776695102453 -57.23223304748535 0
      vertex 194.38338334858418 -57.478096425533295 2.3999999999999986
    endloop
  endfacet
  facet normal -0.8314696154835681 -0.5555702282588649 0
    outer loop
      vertex 194.38338334858418 -57.478096425533295 2.3999999999999986
      vertex 194.38338334858418 -57.478096425533295 0
      vertex 194.56506350636482 -57.75 2.3999999999999986
    endloop
  endfacet
  facet normal -0.8968727354443747 -0.44228870256487973 0
    outer loop
      vertex 194.56506350636482 -57.75 2.3999999999999986
      vertex 194.56506350636482 -57.75 0
      vertex 194.70969883352518 -58.04329141974449 2.3999999999999986
    endloop
  endfacet
  facet normal -0.9469301308213699 -0.32143946139611307 0
    outer loop
      vertex 194.70969883352518 -58.04329141974449 2.3999999999999986
      vertex 194.70969883352518 -58.04329141974449 0
      vertex 194.81481456756592 -58.352952390909195 2.3999999999999986
    endloop
  endfacet
  facet normal -0.9807852815296795 -0.19509031635308638 0
    outer loop
      vertex 194.81481456756592 -58.352952390909195 2.3999999999999986
      vertex 194.81481456756592 -58.352952390909195 0
      vertex 194.8786121532321 -58.673684522509575 2.3999999999999986
    endloop
  endfacet
  facet normal -0.9978589234555668 -0.06540312591992284 0
    outer loop
      vertex 194.8786121532321 -58.673684522509575 2.3999999999999986
      vertex 194.8786121532321 -58.673684522509575 0
      vertex 194.89999999850988 -59 2.3999999999999986
    endloop
  endfacet
  facet normal 1 0 0
    outer loop
      vertex 198.39999999850988 -53 2.3999999999999986
      vertex 198.39999999850988 -65 2.3999999999999986
      vertex 198.39999999850988 -53 0
    endloop
  endfacet
  facet normal 0.5555702282588649 -0.8314696154835681 0
    outer loop
      vertex 191.14999999850988 -56.83493649214506 2.3999999999999986
      vertex 190.87809642404318 -57.01661664992571 0
      vertex 191.14999999850988 -56.83493649214506 0
    endloop
  endfacet
  facet normal 0.19509031635308638 -0.9807852815296795 0
    outer loop
      vertex 192.07368452101946 -56.521387845277786 2.3999999999999986
      vertex 191.75295238941908 -56.585185430943966 0
      vertex 192.07368452101946 -56.521387845277786 0
    endloop
  endfacet
  facet normal 0.44228868423822365 -0.8968727444820815 0
    outer loop
      vertex 191.44329141825438 -56.690301172435284 2.3999999999999986
      vertex 191.14999999850988 -56.83493649214506 0
      vertex 191.44329141825438 -56.690301172435284 0
    endloop
  endfacet
  facet normal 0.3214394818255995 -0.9469301238864936 0
    outer loop
      vertex 191.75295238941908 -56.585185430943966 2.3999999999999986
      vertex 191.44329141825438 -56.690301172435284 0
      vertex 191.75295238941908 -56.585185430943966 0
    endloop
  endfacet
  facet normal 0.8314696154835681 -0.5555702282588649 0
    outer loop
      vertex 190.4166166484356 -57.478096425533295 2.3999999999999986
      vertex 190.23493649065495 -57.75 0
      vertex 190.4166166484356 -57.478096425533295 0
    endloop
  endfacet
  facet normal 0.8968727444820815 -0.44228868423822365 0
    outer loop
      vertex 190.23493649065495 -57.75 2.3999999999999986
      vertex 190.09030117094517 -58.04329141974449 0
      vertex 190.23493649065495 -57.75 0
    endloop
  endfacet
  facet normal 0.9807852771702339 -0.19509033826949876 0
    outer loop
      vertex 189.98518543690443 -58.352952390909195 2.3999999999999986
      vertex 189.92138784378767 -58.673684522509575 0
      vertex 189.98518543690443 -58.352952390909195 0
    endloop
  endfacet
  facet normal 0.9469301308213699 -0.32143946139611307 0
    outer loop
      vertex 190.09030117094517 -58.04329141974449 2.3999999999999986
      vertex 189.98518543690443 -58.352952390909195 0
      vertex 190.09030117094517 -58.04329141974449 0
    endloop
  endfacet
  facet normal 0.9978589234555668 -0.06540312591992284 0
    outer loop
      vertex 189.92138784378767 -58.673684522509575 2.3999999999999986
      vertex 189.89999999850988 -59 0
      vertex 189.92138784378767 -58.673684522509575 0
    endloop
  endfacet
  facet normal 0.7518398045992155 -0.6593458183838079 0
    outer loop
      vertex 190.63223304599524 -57.23223304748535 2.3999999999999986
      vertex 190.4166166484356 -57.478096425533295 0
      vertex 190.63223304599524 -57.23223304748535 0
    endloop
  endfacet
  facet normal 0.6593458183838079 -0.7518398045992155 0
    outer loop
      vertex 190.87809642404318 -57.01661664992571 2.3999999999999986
      vertex 190.63223304599524 -57.23223304748535 0
      vertex 190.87809642404318 -57.01661664992571 0
    endloop
  endfacet
  facet normal 0 1 0
    outer loop
      vertex 198.39999999850988 -53 2.3999999999999986
      vertex 198.39999999850988 -53 0
      vertex 186.39999999850988 -53 0
    endloop
  endfacet
  facet normal 0.06540312591992284 -0.9978589234555668 0
    outer loop
      vertex 192.39999999850988 -56.5 2.3999999999999986
      vertex 192.07368452101946 -56.521387845277786 0
      vertex 192.39999999850988 -56.5 0
    endloop
  endfacet
  facet normal -0.06540312443299726 -0.997858923553025 0
    outer loop
      vertex 192.7263154834509 -56.521387845277786 2.3999999999999986
      vertex 192.39999999850988 -56.5 0
      vertex 192.7263154834509 -56.521387845277786 0
    endloop
  endfacet
  facet normal -0.19509031635308638 -0.9807852815296795 0
    outer loop
      vertex 193.04704761505127 -56.585185430943966 2.3999999999999986
      vertex 192.7263154834509 -56.521387845277786 0
      vertex 193.04704761505127 -56.585185430943966 0
    endloop
  endfacet
  facet normal -0.32143948876047607 -0.94693012153242 0
    outer loop
      vertex 193.3567085787654 -56.690301172435284 2.3999999999999986
      vertex 193.04704761505127 -56.585185430943966 0
      vertex 193.3567085787654 -56.690301172435284 0
    endloop
  endfacet
  facet normal -0.44228868423822365 -0.8968727444820815 0
    outer loop
      vertex 193.64999999850988 -56.83493649214506 2.3999999999999986
      vertex 193.3567085787654 -56.690301172435284 0
      vertex 193.64999999850988 -56.83493649214506 0
    endloop
  endfacet
  facet normal -0.5555702282588649 -0.8314696154835681 0
    outer loop
      vertex 193.9219035729766 -57.01661664992571 2.3999999999999986
      vertex 193.64999999850988 -56.83493649214506 0
      vertex 193.9219035729766 -57.01661664992571 0
    endloop
  endfacet
  facet normal -0.6593458183838079 -0.7518398045992155 0
    outer loop
      vertex 194.16776695102453 -57.23223304748535 2.3999999999999986
      vertex 193.9219035729766 -57.01661664992571 0
      vertex 194.16776695102453 -57.23223304748535 0
    endloop
  endfacet
  facet normal -0.7518398045992155 -0.6593458183838079 0
    outer loop
      vertex 194.38338334858418 -57.478096425533295 2.3999999999999986
      vertex 194.16776695102453 -57.23223304748535 0
      vertex 194.38338334858418 -57.478096425533295 0
    endloop
  endfacet
  facet normal -0.8314696154835681 -0.5555702282588649 0
    outer loop
      vertex 194.56506350636482 -57.75 2.3999999999999986
      vertex 194.38338334858418 -57.478096425533295 0
      vertex 194.56506350636482 -57.75 0
    endloop
  endfacet
  facet normal -0.8968727354443747 -0.44228870256487973 0
    outer loop
      vertex 194.70969883352518 -58.04329141974449 2.3999999999999986
      vertex 194.56506350636482 -57.75 0
      vertex 194.70969883352518 -58.04329141974449 0
    endloop
  endfacet
  facet normal -0.9469301308213699 -0.32143946139611307 0
    outer loop
      vertex 194.81481456756592 -58.352952390909195 2.3999999999999986
      vertex 194.70969883352518 -58.04329141974449 0
      vertex 194.81481456756592 -58.352952390909195 0
    endloop
  endfacet
  facet normal -0.9807852815296795 -0.19509031635308638 0
    outer loop
      vertex 194.8786121532321 -58.673684522509575 2.3999999999999986
      vertex 194.81481456756592 -58.352952390909195 0
      vertex 194.8786121532321 -58.673684522509575 0
    endloop
  endfacet
  facet normal -0.9978589234555668 -0.06540312591992284 0
    outer loop
      vertex 194.8786121532321 -58.673684522509575 0
      vertex 194.89999999850988 -59 0
      vertex 194.89999999850988 -59 2.3999999999999986
    endloop
  endfacet
  facet normal 0 0 -1
    outer loop
      vertex 186.39999999850988 -53 0
      vertex 189.98518543690443 -58.352952390909195 0
      vertex 189.92138784378767 -58.673684522509575 0
    endloop
  endfacet
  facet normal 0 0 -1
    outer loop
      vertex 186.39999999850988 -53 0
      vertex 189.92138784378767 -58.673684522509575 0
      vertex 189.89999999850988 -59 0
    endloop
  endfacet
  facet normal 0 0 -1
    outer loop
      vertex 186.39999999850988 -53 0
      vertex 191.14999999850988 -56.83493649214506 0
      vertex 190.87809642404318 -57.01661664992571 0
    endloop
  endfacet
  facet normal 0 0 -1
    outer loop
      vertex 186.39999999850988 -53 0
      vertex 190.63223304599524 -57.23223304748535 0
      vertex 190.4166166484356 -57.478096425533295 0
    endloop
  endfacet
  facet normal 0 0 -1
    outer loop
      vertex 186.39999999850988 -53 0
      vertex 190.4166166484356 -57.478096425533295 0
      vertex 190.23493649065495 -57.75 0
    endloop
  endfacet
  facet normal 0 0 -1
    outer loop
      vertex 186.39999999850988 -53 0
      vertex 190.87809642404318 -57.01661664992571 0
      vertex 190.63223304599524 -57.23223304748535 0
    endloop
  endfacet
  facet normal 0 0 -1
    outer loop
      vertex 186.39999999850988 -53 0
      vertex 191.44329141825438 -56.690301172435284 0
      vertex 191.14999999850988 -56.83493649214506 0
    endloop
  endfacet
  facet normal 0 0 -1
    outer loop
      vertex 186.39999999850988 -53 0
      vertex 191.75295238941908 -56.585185430943966 0
      vertex 191.44329141825438 -56.690301172435284 0
    endloop
  endfacet
  facet normal 0 0 -1
    outer loop
      vertex 186.39999999850988 -53 0
      vertex 192.07368452101946 -56.521387845277786 0
      vertex 191.75295238941908 -56.585185430943966 0
    endloop
  endfacet
  facet normal 0 0 -1
    outer loop
      vertex 186.39999999850988 -53 0
      vertex 192.39999999850988 -56.5 0
      vertex 192.07368452101946 -56.521387845277786 0
    endloop
  endfacet
  facet normal 0 0 -1
    outer loop
      vertex 186.39999999850988 -53 0
      vertex 190.23493649065495 -57.75 0
      vertex 190.09030117094517 -58.04329141974449 0
    endloop
  endfacet
  facet normal 0 0 -1
    outer loop
      vertex 186.39999999850988 -53 0
      vertex 190.09030117094517 -58.04329141974449 0
      vertex 189.98518543690443 -58.352952390909195 0
    endloop
  endfacet
  facet normal 0 0 -1
    outer loop
      vertex 186.39999999850988 -53 0
      vertex 192.7263154834509 -56.521387845277786 0
      vertex 192.39999999850988 -56.5 0
    endloop
  endfacet
  facet normal 0 0 -1
    outer loop
      vertex 186.39999999850988 -53 0
      vertex 193.04704761505127 -56.585185430943966 0
      vertex 192.7263154834509 -56.521387845277786 0
    endloop
  endfacet
  facet normal 0 0 -1
    outer loop
      vertex 186.39999999850988 -53 0
      vertex 198.39999999850988 -53 0
      vertex 193.04704761505127 -56.585185430943966 0
    endloop
  endfacet
  facet normal 0 0 -1
    outer loop
      vertex 198.39999999850988 -53 0
      vertex 193.3567085787654 -56.690301172435284 0
      vertex 193.04704761505127 -56.585185430943966 0
    endloop
  endfacet
  facet normal 0 0 -1
    outer loop
      vertex 198.39999999850988 -53 0
      vertex 193.64999999850988 -56.83493649214506 0
      vertex 193.3567085787654 -56.690301172435284 0
    endloop
  endfacet
  facet normal 0 0 -1
    outer loop
      vertex 198.39999999850988 -53 0
      vertex 193.9219035729766 -57.01661664992571 0
      vertex 193.64999999850988 -56.83493649214506 0
    endloop
  endfacet
  facet normal 0 0 -1
    outer loop
      vertex 198.39999999850988 -53 0
      vertex 194.16776695102453 -57.23223304748535 0
      vertex 193.9219035729766 -57.01661664992571 0
    endloop
  endfacet
  facet normal 0 0 -1
    outer loop
      vertex 198.39999999850988 -53 0
      vertex 194.38338334858418 -57.478096425533295 0
      vertex 194.16776695102453 -57.23223304748535 0
    endloop
  endfacet
  facet normal 0 0 -1
    outer loop
      vertex 198.39999999850988 -53 0
      vertex 194.56506350636482 -57.75 0
      vertex 194.38338334858418 -57.478096425533295 0
    endloop
  endfacet
  facet normal 0 0 -1
    outer loop
      vertex 198.39999999850988 -53 0
      vertex 194.70969883352518 -58.04329141974449 0
      vertex 194.56506350636482 -57.75 0
    endloop
  endfacet
  facet normal 0 0 -1
    outer loop
      vertex 198.39999999850988 -53 0
      vertex 194.81481456756592 -58.352952390909195 0
      vertex 194.70969883352518 -58.04329141974449 0
    endloop
  endfacet
  facet normal 0 0 -1
    outer loop
      vertex 198.39999999850988 -53 0
      vertex 194.8786121532321 -58.673684522509575 0
      vertex 194.81481456756592 -58.352952390909195 0
    endloop
  endfacet
  facet normal 0 0 -1
    outer loop
      vertex 198.39999999850988 -53 0
      vertex 194.89999999850988 -59 0
      vertex 194.8786121532321 -58.673684522509575 0
    endloop
  endfacet
  facet normal 0 0 1
    outer loop
      vertex 98.5 -110.85 2.3999999999999986
      vertex 102 -51.25 2.3999999999999986
      vertex 98.5 -51.25 2.3999999999999986
    endloop
  endfacet
  facet normal 0 0 1
    outer loop
      vertex 104.5 -110.85 2.3999999999999986
      vertex 108 -51.25 2.3999999999999986
      vertex 104.5 -51.25 2.3999999999999986
    endloop
  endfacet
  facet normal 0 0 -1
    outer loop
      vertex 98.5 -51.25 0
      vertex 102 -51.25 0
      vertex 102 -110.85 0
    endloop
  endfacet
  facet normal 0 0 -1
    outer loop
      vertex 104.5 -51.25 0
      vertex 108 -51.25 0
      vertex 108 -110.85 0
    endloop
  endfacet
  facet normal 0 0 1
    outer loop
      vertex 102 -51.25 2.3999999999999986
      vertex 98.5 -110.85 2.3999999999999986
      vertex 102 -110.85 2.3999999999999986
    endloop
  endfacet
  facet normal 0 0 1
    outer loop
      vertex 108 -51.25 2.3999999999999986
      vertex 104.5 -110.85 2.3999999999999986
      vertex 108 -110.85 2.3999999999999986
    endloop
  endfacet
  facet normal 0 0 1
    outer loop
      vertex 98.48930607671727 -111.01315774027506 2.3999999999999986
      vertex 102 -110.85 2.3999999999999986
      vertex 98.5 -110.85 2.3999999999999986
    endloop
  endfacet
  facet normal 0 0 1
    outer loop
      vertex 98.45740728286134 -111.17352380637814 2.3999999999999986
      vertex 102.01069392328273 -111.01315774027506 2.3999999999999986
      vertex 98.48930607671727 -111.01315774027506 2.3999999999999986
    endloop
  endfacet
  facet normal 0 0 1
    outer loop
      vertex 98.4048494156391 -111.32835429045636 2.3999999999999986
      vertex 102.04259271713866 -111.17352380637814 2.3999999999999986
      vertex 98.45740728286134 -111.17352380637814 2.3999999999999986
    endloop
  endfacet
  facet normal 0 0 1
    outer loop
      vertex 98.24169167536404 -111.6109517862609 2.3999999999999986
      vertex 102.16746824526945 -111.475 2.3999999999999986
      vertex 98.33253175473055 -111.475 2.3999999999999986
    endloop
  endfacet
  facet normal 0 0 1
    outer loop
      vertex 98.13388347648319 -111.73388347648319 2.3999999999999986
      vertex 102.25830832463596 -111.6109517862609 2.3999999999999986
      vertex 98.24169167536404 -111.6109517862609 2.3999999999999986
    endloop
  endfacet
  facet normal 0 0 1
    outer loop
      vertex 98.33253175473055 -111.475 2.3999999999999986
      vertex 102.0951505843609 -111.32835429045636 2.3999999999999986
      vertex 98.4048494156391 -111.32835429045636 2.3999999999999986
    endloop
  endfacet
  facet normal 0 0 1
    outer loop
      vertex 98.0109517862609 -111.84169167536403 2.3999999999999986
      vertex 102.36611652351681 -111.73388347648319 2.3999999999999986
      vertex 98.13388347648319 -111.73388347648319 2.3999999999999986
    endloop
  endfacet
  facet normal 0 0 1
    outer loop
      vertex 97.875 -111.93253175473055 2.3999999999999986
      vertex 102.4890482137391 -111.84169167536403 2.3999999999999986
      vertex 98.0109517862609 -111.84169167536403 2.3999999999999986
    endloop
  endfacet
  facet normal 0 0 1
    outer loop
      vertex 97.72835429045637 -112.0048494156391 2.3999999999999986
      vertex 102.625 -111.93253175473055 2.3999999999999986
      vertex 97.875 -111.93253175473055 2.3999999999999986
    endloop
  endfacet
  facet normal 0 0 1
    outer loop
      vertex 97.57352380637815 -112.05740728286133 2.3999999999999986
      vertex 102.77164570954363 -112.0048494156391 2.3999999999999986
      vertex 97.72835429045637 -112.0048494156391 2.3999999999999986
    endloop
  endfacet
  facet normal 0 0 1
    outer loop
      vertex 97.41315774027507 -112.08930607671726 2.3999999999999986
      vertex 102.92647619362185 -112.05740728286133 2.3999999999999986
      vertex 97.57352380637815 -112.05740728286133 2.3999999999999986
    endloop
  endfacet
  facet normal 0 0 1
    outer loop
      vertex 97.25 -112.1 2.3999999999999986
      vertex 103.08684225972493 -112.08930607671726 2.3999999999999986
      vertex 97.41315774027507 -112.08930607671726 2.3999999999999986
    endloop
  endfacet
  facet normal 0 0 1
    outer loop
      vertex 98.48930607671727 -111.01315774027506 2.3999999999999986
      vertex 102.01069392328273 -111.01315774027506 2.3999999999999986
      vertex 102 -110.85 2.3999999999999986
    endloop
  endfacet
  facet normal 0 0 1
    outer loop
      vertex 98.45740728286134 -111.17352380637814 2.3999999999999986
      vertex 102.04259271713866 -111.17352380637814 2.3999999999999986
      vertex 102.01069392328273 -111.01315774027506 2.3999999999999986
    endloop
  endfacet
  facet normal 0 0 1
    outer loop
      vertex 98.4048494156391 -111.32835429045636 2.3999999999999986
      vertex 102.0951505843609 -111.32835429045636 2.3999999999999986
      vertex 102.04259271713866 -111.17352380637814 2.3999999999999986
    endloop
  endfacet
  facet normal 0 0 1
    outer loop
      vertex 98.33253175473055 -111.475 2.3999999999999986
      vertex 102.16746824526945 -111.475 2.3999999999999986
      vertex 102.0951505843609 -111.32835429045636 2.3999999999999986
    endloop
  endfacet
  facet normal 0 0 1
    outer loop
      vertex 98.24169167536404 -111.6109517862609 2.3999999999999986
      vertex 102.25830832463596 -111.6109517862609 2.3999999999999986
      vertex 102.16746824526945 -111.475 2.3999999999999986
    endloop
  endfacet
  facet normal 0 0 1
    outer loop
      vertex 98.13388347648319 -111.73388347648319 2.3999999999999986
      vertex 102.36611652351681 -111.73388347648319 2.3999999999999986
      vertex 102.25830832463596 -111.6109517862609 2.3999999999999986
    endloop
  endfacet
  facet normal 0 0 1
    outer loop
      vertex 98.0109517862609 -111.84169167536403 2.3999999999999986
      vertex 102.4890482137391 -111.84169167536403 2.3999999999999986
      vertex 102.36611652351681 -111.73388347648319 2.3999999999999986
    endloop
  endfacet
  facet normal 0 0 1
    outer loop
      vertex 97.875 -111.93253175473055 2.3999999999999986
      vertex 102.625 -111.93253175473055 2.3999999999999986
      vertex 102.4890482137391 -111.84169167536403 2.3999999999999986
    endloop
  endfacet
  facet normal 0 0 1
    outer loop
      vertex 97.72835429045637 -112.0048494156391 2.3999999999999986
      vertex 102.77164570954363 -112.0048494156391 2.3999999999999986
      vertex 102.625 -111.93253175473055 2.3999999999999986
    endloop
  endfacet
  facet normal 0 0 1
    outer loop
      vertex 97.57352380637815 -112.05740728286133 2.3999999999999986
      vertex 102.92647619362185 -112.05740728286133 2.3999999999999986
      vertex 102.77164570954363 -112.0048494156391 2.3999999999999986
    endloop
  endfacet
  facet normal 0 0 1
    outer loop
      vertex 97.41315774027507 -112.08930607671726 2.3999999999999986
      vertex 103.08684225972493 -112.08930607671726 2.3999999999999986
      vertex 102.92647619362185 -112.05740728286133 2.3999999999999986
    endloop
  endfacet
  facet normal 0 0 1
    outer loop
      vertex 97.25 -112.1 2.3999999999999986
      vertex 103.25 -112.1 2.3999999999999986
      vertex 103.08684225972493 -112.08930607671726 2.3999999999999986
    endloop
  endfacet
  facet normal 0 0 1
    outer loop
      vertex 104.24169167536404 -111.6109517862609 2.3999999999999986
      vertex 108.16746824526945 -111.475 2.3999999999999986
      vertex 104.33253175473055 -111.475 2.3999999999999986
    endloop
  endfacet
  facet normal 0 0 1
    outer loop
      vertex 104.13388347648319 -111.73388347648319 2.3999999999999986
      vertex 108.25830832463596 -111.6109517862609 2.3999999999999986
      vertex 104.24169167536404 -111.6109517862609 2.3999999999999986
    endloop
  endfacet
  facet normal 0 0 1
    outer loop
      vertex 104.0109517862609 -111.84169167536403 2.3999999999999986
      vertex 108.36611652351681 -111.73388347648319 2.3999999999999986
      vertex 104.13388347648319 -111.73388347648319 2.3999999999999986
    endloop
  endfacet
  facet normal 0 0 1
    outer loop
      vertex 103.875 -111.93253175473055 2.3999999999999986
      vertex 108.4890482137391 -111.84169167536403 2.3999999999999986
      vertex 104.0109517862609 -111.84169167536403 2.3999999999999986
    endloop
  endfacet
  facet normal 0 0 1
    outer loop
      vertex 103.72835429045637 -112.0048494156391 2.3999999999999986
      vertex 108.625 -111.93253175473055 2.3999999999999986
      vertex 103.875 -111.93253175473055 2.3999999999999986
    endloop
  endfacet
  facet normal 0 0 1
    outer loop
      vertex 103.57352380637815 -112.05740728286133 2.3999999999999986
      vertex 108.77164570954363 -112.0048494156391 2.3999999999999986
      vertex 103.72835429045637 -112.0048494156391 2.3999999999999986
    endloop
  endfacet
  facet normal 0 0 1
    outer loop
      vertex 103.41315774027507 -112.08930607671726 2.3999999999999986
      vertex 108.92647619362185 -112.05740728286133 2.3999999999999986
      vertex 103.57352380637815 -112.05740728286133 2.3999999999999986
    endloop
  endfacet
  facet normal 0 0 1
    outer loop
      vertex 103.25 -112.1 2.3999999999999986
      vertex 109.08684225972493 -112.08930607671726 2.3999999999999986
      vertex 103.41315774027507 -112.08930607671726 2.3999999999999986
    endloop
  endfacet
  facet normal 0 0 1
    outer loop
      vertex 104.48930607671727 -111.01315774027506 2.3999999999999986
      vertex 108 -110.85 2.3999999999999986
      vertex 104.5 -110.85 2.3999999999999986
    endloop
  endfacet
  facet normal 0 0 1
    outer loop
      vertex 104.45740728286134 -111.17352380637814 2.3999999999999986
      vertex 108.01069392328273 -111.01315774027506 2.3999999999999986
      vertex 104.48930607671727 -111.01315774027506 2.3999999999999986
    endloop
  endfacet
  facet normal 0 0 1
    outer loop
      vertex 104.4048494156391 -111.32835429045636 2.3999999999999986
      vertex 108.04259271713866 -111.17352380637814 2.3999999999999986
      vertex 104.45740728286134 -111.17352380637814 2.3999999999999986
    endloop
  endfacet
  facet normal 0 0 1
    outer loop
      vertex 104.33253175473055 -111.475 2.3999999999999986
      vertex 108.0951505843609 -111.32835429045636 2.3999999999999986
      vertex 104.4048494156391 -111.32835429045636 2.3999999999999986
    endloop
  endfacet
  facet normal 0 0 1
    outer loop
      vertex 104.48930607671727 -111.01315774027506 2.3999999999999986
      vertex 108.01069392328273 -111.01315774027506 2.3999999999999986
      vertex 108 -110.85 2.3999999999999986
    endloop
  endfacet
  facet normal 0 0 1
    outer loop
      vertex 104.45740728286134 -111.17352380637814 2.3999999999999986
      vertex 108.04259271713866 -111.17352380637814 2.3999999999999986
      vertex 108.01069392328273 -111.01315774027506 2.3999999999999986
    endloop
  endfacet
  facet normal 0 0 1
    outer loop
      vertex 104.4048494156391 -111.32835429045636 2.3999999999999986
      vertex 108.0951505843609 -111.32835429045636 2.3999999999999986
      vertex 108.04259271713866 -111.17352380637814 2.3999999999999986
    endloop
  endfacet
  facet normal 0 0 1
    outer loop
      vertex 104.33253175473055 -111.475 2.3999999999999986
      vertex 108.16746824526945 -111.475 2.3999999999999986
      vertex 108.0951505843609 -111.32835429045636 2.3999999999999986
    endloop
  endfacet
  facet normal 0 0 1
    outer loop
      vertex 104.24169167536404 -111.6109517862609 2.3999999999999986
      vertex 108.25830832463596 -111.6109517862609 2.3999999999999986
      vertex 108.16746824526945 -111.475 2.3999999999999986
    endloop
  endfacet
  facet normal 0 0 1
    outer loop
      vertex 104.13388347648319 -111.73388347648319 2.3999999999999986
      vertex 108.36611652351681 -111.73388347648319 2.3999999999999986
      vertex 108.25830832463596 -111.6109517862609 2.3999999999999986
    endloop
  endfacet
  facet normal 0 0 1
    outer loop
      vertex 104.0109517862609 -111.84169167536403 2.3999999999999986
      vertex 108.4890482137391 -111.84169167536403 2.3999999999999986
      vertex 108.36611652351681 -111.73388347648319 2.3999999999999986
    endloop
  endfacet
  facet normal 0 0 1
    outer loop
      vertex 103.875 -111.93253175473055 2.3999999999999986
      vertex 108.625 -111.93253175473055 2.3999999999999986
      vertex 108.4890482137391 -111.84169167536403 2.3999999999999986
    endloop
  endfacet
  facet normal 0 0 1
    outer loop
      vertex 103.72835429045637 -112.0048494156391 2.3999999999999986
      vertex 108.77164570954363 -112.0048494156391 2.3999999999999986
      vertex 108.625 -111.93253175473055 2.3999999999999986
    endloop
  endfacet
  facet normal 0 0 1
    outer loop
      vertex 103.57352380637815 -112.05740728286133 2.3999999999999986
      vertex 108.92647619362185 -112.05740728286133 2.3999999999999986
      vertex 108.77164570954363 -112.0048494156391 2.3999999999999986
    endloop
  endfacet
  facet normal 0 0 1
    outer loop
      vertex 103.41315774027507 -112.08930607671726 2.3999999999999986
      vertex 109.08684225972493 -112.08930607671726 2.3999999999999986
      vertex 108.92647619362185 -112.05740728286133 2.3999999999999986
    endloop
  endfacet
  facet normal 0 0 1
    outer loop
      vertex 103.25 -112.1 2.3999999999999986
      vertex 109.25 -112.1 2.3999999999999986
      vertex 109.08684225972493 -112.08930607671726 2.3999999999999986
    endloop
  endfacet
  facet normal 0 0 1
    outer loop
      vertex 181.79999999701977 -116.10000000149012 2.3999999999999986
      vertex 67.41315774027507 -112.08930607671726 2.3999999999999986
      vertex 67.25 -112.1 2.3999999999999986
    endloop
  endfacet
  facet normal 0 0 1
    outer loop
      vertex 181.79999999701977 -116.10000000149012 2.3999999999999986
      vertex 73.25 -112.1 2.3999999999999986
      vertex 67.41315774027507 -112.08930607671726 2.3999999999999986
    endloop
  endfacet
  facet normal 0 0 1
    outer loop
      vertex 181.79999999701977 -116.10000000149012 2.3999999999999986
      vertex 79.25 -112.1 2.3999999999999986
      vertex 73.25 -112.1 2.3999999999999986
    endloop
  endfacet
  facet normal 0 0 1
    outer loop
      vertex 181.79999999701977 -116.10000000149012 2.3999999999999986
      vertex 85.25 -112.1 2.3999999999999986
      vertex 79.25 -112.1 2.3999999999999986
    endloop
  endfacet
  facet normal 0 0 1
    outer loop
      vertex 181.79999999701977 -116.10000000149012 2.3999999999999986
      vertex 91.25 -112.1 2.3999999999999986
      vertex 85.25 -112.1 2.3999999999999986
    endloop
  endfacet
  facet normal 0 0 1
    outer loop
      vertex 181.79999999701977 -116.10000000149012 2.3999999999999986
      vertex 110.5 -51.25 2.3999999999999986
      vertex 110.5 -110.85 2.3999999999999986
    endloop
  endfacet
  facet normal 0 0 1
    outer loop
      vertex 181.79999999701977 -116.10000000149012 2.3999999999999986
      vertex 110.5 -110.85 2.3999999999999986
      vertex 110.48930607671727 -111.01315774027506 2.3999999999999986
    endloop
  endfacet
  facet normal 0 0 1
    outer loop
      vertex 181.79999999701977 -116.10000000149012 2.3999999999999986
      vertex 97.25 -112.1 2.3999999999999986
      vertex 91.25 -112.1 2.3999999999999986
    endloop
  endfacet
  facet normal 0 0 1
    outer loop
      vertex 181.79999999701977 -116.10000000149012 2.3999999999999986
      vertex 103.25 -112.1 2.3999999999999986
      vertex 97.25 -112.1 2.3999999999999986
    endloop
  endfacet
  facet normal 0 0 1
    outer loop
      vertex 10.299999997019768 -117.70000000298023 2.3999999999999986
      vertex 183.39999999850988 -120.39999999850988 2.3999999999999986
      vertex 183.70000000298023 -117.70000000298023 2.3999999999999986
    endloop
  endfacet
  facet normal 0 0 1
    outer loop
      vertex 181.79999999701977 -116.10000000149012 2.3999999999999986
      vertex 109.25 -112.1 2.3999999999999986
      vertex 103.25 -112.1 2.3999999999999986
    endloop
  endfacet
  facet normal 0 0 1
    outer loop
      vertex 181.79999999701977 -116.10000000149012 2.3999999999999986
      vertex 109.57352380637815 -112.05740728286133 2.3999999999999986
      vertex 109.41315774027507 -112.08930607671726 2.3999999999999986
    endloop
  endfacet
  facet normal 0 0 1
    outer loop
      vertex 181.79999999701977 -116.10000000149012 2.3999999999999986
      vertex 109.41315774027507 -112.08930607671726 2.3999999999999986
      vertex 109.25 -112.1 2.3999999999999986
    endloop
  endfacet
  facet normal 0 0 1
    outer loop
      vertex 181.79999999701977 -116.10000000149012 2.3999999999999986
      vertex 110.48930607671727 -111.01315774027506 2.3999999999999986
      vertex 110.45740728286134 -111.17352380637814 2.3999999999999986
    endloop
  endfacet
  facet normal 0 0 1
    outer loop
      vertex 181.79999999701977 -116.10000000149012 2.3999999999999986
      vertex 110.45740728286134 -111.17352380637814 2.3999999999999986
      vertex 110.4048494156391 -111.32835429045636 2.3999999999999986
    endloop
  endfacet
  facet normal 0 0 1
    outer loop
      vertex 181.79999999701977 -116.10000000149012 2.3999999999999986
      vertex 110.4048494156391 -111.32835429045636 2.3999999999999986
      vertex 110.33253175473055 -111.475 2.3999999999999986
    endloop
  endfacet
  facet normal 0 0 1
    outer loop
      vertex 181.79999999701977 -116.10000000149012 2.3999999999999986
      vertex 110.33253175473055 -111.475 2.3999999999999986
      vertex 110.24169167536404 -111.6109517862609 2.3999999999999986
    endloop
  endfacet
  facet normal 0 0 1
    outer loop
      vertex 181.79999999701977 -116.10000000149012 2.3999999999999986
      vertex 110.24169167536404 -111.6109517862609 2.3999999999999986
      vertex 110.13388347648319 -111.73388347648319 2.3999999999999986
    endloop
  endfacet
  facet normal 0 0 1
    outer loop
      vertex 181.79999999701977 -116.10000000149012 2.3999999999999986
      vertex 109.72835429045637 -112.0048494156391 2.3999999999999986
      vertex 109.57352380637815 -112.05740728286133 2.3999999999999986
    endloop
  endfacet
  facet normal 0 0 1
    outer loop
      vertex 181.79999999701977 -116.10000000149012 2.3999999999999986
      vertex 110.13388347648319 -111.73388347648319 2.3999999999999986
      vertex 110.0109517862609 -111.84169167536403 2.3999999999999986
    endloop
  endfacet
  facet normal 0 0 1
    outer loop
      vertex 181.79999999701977 -116.10000000149012 2.3999999999999986
      vertex 110.0109517862609 -111.84169167536403 2.3999999999999986
      vertex 109.875 -111.93253175473055 2.3999999999999986
    endloop
  endfacet
  facet normal 0 0 1
    outer loop
      vertex 181.79999999701977 -116.10000000149012 2.3999999999999986
      vertex 109.875 -111.93253175473055 2.3999999999999986
      vertex 109.72835429045637 -112.0048494156391 2.3999999999999986
    endloop
  endfacet
  facet normal 0 0 -1
    outer loop
      vertex 98.5 -51.25 0
      vertex 102 -110.85 0
      vertex 98.5 -110.85 0
    endloop
  endfacet
  facet normal 0 0 -1
    outer loop
      vertex 104.5 -51.25 0
      vertex 108 -110.85 0
      vertex 104.5 -110.85 0
    endloop
  endfacet
  facet normal 0 0 -1
    outer loop
      vertex 98.5 -110.85 0
      vertex 102.01069392328273 -111.01315774027506 0
      vertex 98.48930607671727 -111.01315774027506 0
    endloop
  endfacet
  facet normal 0 0 -1
    outer loop
      vertex 98.48930607671727 -111.01315774027506 0
      vertex 102.04259271713866 -111.17352380637814 0
      vertex 98.45740728286134 -111.17352380637814 0
    endloop
  endfacet
  facet normal 0 0 -1
    outer loop
      vertex 98.45740728286134 -111.17352380637814 0
      vertex 102.0951505843609 -111.32835429045636 0
      vertex 98.4048494156391 -111.32835429045636 0
    endloop
  endfacet
  facet normal 0 0 -1
    outer loop
      vertex 98.24169167536404 -111.6109517862609 0
      vertex 102.36611652351681 -111.73388347648319 0
      vertex 98.13388347648319 -111.73388347648319 0
    endloop
  endfacet
  facet normal 0 0 -1
    outer loop
      vertex 98.4048494156391 -111.32835429045636 0
      vertex 102.16746824526945 -111.475 0
      vertex 98.33253175473055 -111.475 0
    endloop
  endfacet
  facet normal 0 0 -1
    outer loop
      vertex 98.33253175473055 -111.475 0
      vertex 102.25830832463596 -111.6109517862609 0
      vertex 98.24169167536404 -111.6109517862609 0
    endloop
  endfacet
  facet normal 0 0 -1
    outer loop
      vertex 98.13388347648319 -111.73388347648319 0
      vertex 102.4890482137391 -111.84169167536403 0
      vertex 98.0109517862609 -111.84169167536403 0
    endloop
  endfacet
  facet normal 0 0 -1
    outer loop
      vertex 98.0109517862609 -111.84169167536403 0
      vertex 102.625 -111.93253175473055 0
      vertex 97.875 -111.93253175473055 0
    endloop
  endfacet
  facet normal 0 0 -1
    outer loop
      vertex 97.875 -111.93253175473055 0
      vertex 102.77164570954363 -112.0048494156391 0
      vertex 97.72835429045637 -112.0048494156391 0
    endloop
  endfacet
  facet normal 0 0 -1
    outer loop
      vertex 97.57352380637815 -112.05740728286133 0
      vertex 103.08684225972493 -112.08930607671726 0
      vertex 97.41315774027507 -112.08930607671726 0
    endloop
  endfacet
  facet normal 0 0 -1
    outer loop
      vertex 97.72835429045637 -112.0048494156391 0
      vertex 102.92647619362185 -112.05740728286133 0
      vertex 97.57352380637815 -112.05740728286133 0
    endloop
  endfacet
  facet normal 0 0 -1
    outer loop
      vertex 98.5 -110.85 0
      vertex 102 -110.85 0
      vertex 102.01069392328273 -111.01315774027506 0
    endloop
  endfacet
  facet normal 0 0 -1
    outer loop
      vertex 102.04259271713866 -111.17352380637814 0
      vertex 98.48930607671727 -111.01315774027506 0
      vertex 102.01069392328273 -111.01315774027506 0
    endloop
  endfacet
  facet normal 0 0 -1
    outer loop
      vertex 98.45740728286134 -111.17352380637814 0
      vertex 102.04259271713866 -111.17352380637814 0
      vertex 102.0951505843609 -111.32835429045636 0
    endloop
  endfacet
  facet normal 0 0 -1
    outer loop
      vertex 98.4048494156391 -111.32835429045636 0
      vertex 102.0951505843609 -111.32835429045636 0
      vertex 102.16746824526945 -111.475 0
    endloop
  endfacet
  facet normal 0 0 -1
    outer loop
      vertex 102.25830832463596 -111.6109517862609 0
      vertex 98.33253175473055 -111.475 0
      vertex 102.16746824526945 -111.475 0
    endloop
  endfacet
  facet normal 0 0 -1
    outer loop
      vertex 102.36611652351681 -111.73388347648319 0
      vertex 98.24169167536404 -111.6109517862609 0
      vertex 102.25830832463596 -111.6109517862609 0
    endloop
  endfacet
  facet normal 0 0 -1
    outer loop
      vertex 98.13388347648319 -111.73388347648319 0
      vertex 102.36611652351681 -111.73388347648319 0
      vertex 102.4890482137391 -111.84169167536403 0
    endloop
  endfacet
  facet normal 0 0 -1
    outer loop
      vertex 98.0109517862609 -111.84169167536403 0
      vertex 102.4890482137391 -111.84169167536403 0
      vertex 102.625 -111.93253175473055 0
    endloop
  endfacet
  facet normal 0 0 -1
    outer loop
      vertex 102.77164570954363 -112.0048494156391 0
      vertex 97.875 -111.93253175473055 0
      vertex 102.625 -111.93253175473055 0
    endloop
  endfacet
  facet normal 0 0 -1
    outer loop
      vertex 102.92647619362185 -112.05740728286133 0
      vertex 97.72835429045637 -112.0048494156391 0
      vertex 102.77164570954363 -112.0048494156391 0
    endloop
  endfacet
  facet normal 0 0 -1
    outer loop
      vertex 97.57352380637815 -112.05740728286133 0
      vertex 102.92647619362185 -112.05740728286133 0
      vertex 103.08684225972493 -112.08930607671726 0
    endloop
  endfacet
  facet normal 0 0 -1
    outer loop
      vertex 104.24169167536404 -111.6109517862609 0
      vertex 108.36611652351681 -111.73388347648319 0
      vertex 104.13388347648319 -111.73388347648319 0
    endloop
  endfacet
  facet normal 0 0 -1
    outer loop
      vertex 104.13388347648319 -111.73388347648319 0
      vertex 108.4890482137391 -111.84169167536403 0
      vertex 104.0109517862609 -111.84169167536403 0
    endloop
  endfacet
  facet normal 0 0 -1
    outer loop
      vertex 104.0109517862609 -111.84169167536403 0
      vertex 108.625 -111.93253175473055 0
      vertex 103.875 -111.93253175473055 0
    endloop
  endfacet
  facet normal 0 0 -1
    outer loop
      vertex 103.875 -111.93253175473055 0
      vertex 108.77164570954363 -112.0048494156391 0
      vertex 103.72835429045637 -112.0048494156391 0
    endloop
  endfacet
  facet normal 0 0 -1
    outer loop
      vertex 103.57352380637815 -112.05740728286133 0
      vertex 109.08684225972493 -112.08930607671726 0
      vertex 103.41315774027507 -112.08930607671726 0
    endloop
  endfacet
  facet normal 0 0 -1
    outer loop
      vertex 103.72835429045637 -112.0048494156391 0
      vertex 108.92647619362185 -112.05740728286133 0
      vertex 103.57352380637815 -112.05740728286133 0
    endloop
  endfacet
  facet normal 0 0 -1
    outer loop
      vertex 104.5 -110.85 0
      vertex 108.01069392328273 -111.01315774027506 0
      vertex 104.48930607671727 -111.01315774027506 0
    endloop
  endfacet
  facet normal 0 0 -1
    outer loop
      vertex 104.48930607671727 -111.01315774027506 0
      vertex 108.04259271713866 -111.17352380637814 0
      vertex 104.45740728286134 -111.17352380637814 0
    endloop
  endfacet
  facet normal 0 0 -1
    outer loop
      vertex 104.45740728286134 -111.17352380637814 0
      vertex 108.0951505843609 -111.32835429045636 0
      vertex 104.4048494156391 -111.32835429045636 0
    endloop
  endfacet
  facet normal 0 0 -1
    outer loop
      vertex 104.4048494156391 -111.32835429045636 0
      vertex 108.16746824526945 -111.475 0
      vertex 104.33253175473055 -111.475 0
    endloop
  endfacet
  facet normal 0 0 -1
    outer loop
      vertex 104.33253175473055 -111.475 0
      vertex 108.25830832463596 -111.6109517862609 0
      vertex 104.24169167536404 -111.6109517862609 0
    endloop
  endfacet
  facet normal 0 0 -1
    outer loop
      vertex 104.5 -110.85 0
      vertex 108 -110.85 0
      vertex 108.01069392328273 -111.01315774027506 0
    endloop
  endfacet
  facet normal 0 0 -1
    outer loop
      vertex 108.04259271713866 -111.17352380637814 0
      vertex 104.48930607671727 -111.01315774027506 0
      vertex 108.01069392328273 -111.01315774027506 0
    endloop
  endfacet
  facet normal 0 0 -1
    outer loop
      vertex 104.45740728286134 -111.17352380637814 0
      vertex 108.04259271713866 -111.17352380637814 0
      vertex 108.0951505843609 -111.32835429045636 0
    endloop
  endfacet
  facet normal 0 0 -1
    outer loop
      vertex 104.4048494156391 -111.32835429045636 0
      vertex 108.0951505843609 -111.32835429045636 0
      vertex 108.16746824526945 -111.475 0
    endloop
  endfacet
  facet normal 0 0 -1
    outer loop
      vertex 108.25830832463596 -111.6109517862609 0
      vertex 104.33253175473055 -111.475 0
      vertex 108.16746824526945 -111.475 0
    endloop
  endfacet
  facet normal 0 0 -1
    outer loop
      vertex 108.36611652351681 -111.73388347648319 0
      vertex 104.24169167536404 -111.6109517862609 0
      vertex 108.25830832463596 -111.6109517862609 0
    endloop
  endfacet
  facet normal 0 0 -1
    outer loop
      vertex 104.13388347648319 -111.73388347648319 0
      vertex 108.36611652351681 -111.73388347648319 0
      vertex 108.4890482137391 -111.84169167536403 0
    endloop
  endfacet
  facet normal 0 0 -1
    outer loop
      vertex 104.0109517862609 -111.84169167536403 0
      vertex 108.4890482137391 -111.84169167536403 0
      vertex 108.625 -111.93253175473055 0
    endloop
  endfacet
  facet normal 0 0 -1
    outer loop
      vertex 108.77164570954363 -112.0048494156391 0
      vertex 103.875 -111.93253175473055 0
      vertex 108.625 -111.93253175473055 0
    endloop
  endfacet
  facet normal 0 0 -1
    outer loop
      vertex 108.92647619362185 -112.05740728286133 0
      vertex 103.72835429045637 -112.0048494156391 0
      vertex 108.77164570954363 -112.0048494156391 0
    endloop
  endfacet
  facet normal 0 0 -1
    outer loop
      vertex 103.57352380637815 -112.05740728286133 0
      vertex 108.92647619362185 -112.05740728286133 0
      vertex 109.08684225972493 -112.08930607671726 0
    endloop
  endfacet
  facet normal 0 0 -1
    outer loop
      vertex 183.39999999850988 -120.39999999850988 0
      vertex 67.08684225972493 -112.08930607671726 0
      vertex 67.25 -112.1 0
    endloop
  endfacet
  facet normal 0 0 -1
    outer loop
      vertex 183.39999999850988 -120.39999999850988 0
      vertex 67.25 -112.1 0
      vertex 67.41315774027507 -112.08930607671726 0
    endloop
  endfacet
  facet normal 0 0 -1
    outer loop
      vertex 183.39999999850988 -120.39999999850988 0
      vertex 67.41315774027507 -112.08930607671726 0
      vertex 67.57352380637815 -112.05740728286133 0
    endloop
  endfacet
  facet normal 0 0 -1
    outer loop
      vertex 183.39999999850988 -120.39999999850988 0
      vertex 67.57352380637815 -112.05740728286133 0
      vertex 73.08684225972493 -112.08930607671726 0
    endloop
  endfacet
  facet normal 0 0 -1
    outer loop
      vertex 183.39999999850988 -120.39999999850988 0
      vertex 73.08684225972493 -112.08930607671726 0
      vertex 73.25 -112.1 0
    endloop
  endfacet
  facet normal 0 0 -1
    outer loop
      vertex 183.39999999850988 -120.39999999850988 0
      vertex 73.25 -112.1 0
      vertex 73.41315774027507 -112.08930607671726 0
    endloop
  endfacet
  facet normal 0 0 -1
    outer loop
      vertex 183.39999999850988 -120.39999999850988 0
      vertex 73.41315774027507 -112.08930607671726 0
      vertex 79.08684225972493 -112.08930607671726 0
    endloop
  endfacet
  facet normal 0 0 -1
    outer loop
      vertex 183.39999999850988 -120.39999999850988 0
      vertex 79.08684225972493 -112.08930607671726 0
      vertex 79.25 -112.1 0
    endloop
  endfacet
  facet normal 0 0 -1
    outer loop
      vertex 183.39999999850988 -120.39999999850988 0
      vertex 79.25 -112.1 0
      vertex 79.41315774027507 -112.08930607671726 0
    endloop
  endfacet
  facet normal 0 0 -1
    outer loop
      vertex 183.39999999850988 -120.39999999850988 0
      vertex 79.41315774027507 -112.08930607671726 0
      vertex 85.08684225972493 -112.08930607671726 0
    endloop
  endfacet
  facet normal 0 0 -1
    outer loop
      vertex 183.39999999850988 -120.39999999850988 0
      vertex 85.08684225972493 -112.08930607671726 0
      vertex 85.25 -112.1 0
    endloop
  endfacet
  facet normal 0 0 -1
    outer loop
      vertex 183.39999999850988 -120.39999999850988 0
      vertex 85.25 -112.1 0
      vertex 85.41315774027507 -112.08930607671726 0
    endloop
  endfacet
  facet normal 0 0 -1
    outer loop
      vertex 183.39999999850988 -120.39999999850988 0
      vertex 85.41315774027507 -112.08930607671726 0
      vertex 91.08684225972493 -112.08930607671726 0
    endloop
  endfacet
  facet normal 0 0 -1
    outer loop
      vertex 183.39999999850988 -120.39999999850988 0
      vertex 110.5 -110.85 0
      vertex 110.5 -51.25 0
    endloop
  endfacet
  facet normal 0 -1 0
    outer loop
      vertex 0.6000000014901161 -120.39999999850988 2.3999999999999986
      vertex 183.39999999850988 -120.39999999850988 0
      vertex 183.39999999850988 -120.39999999850988 2.3999999999999986
    endloop
  endfacet
  facet normal 0 0 -1
    outer loop
      vertex 183.39999999850988 -120.39999999850988 0
      vertex 91.08684225972493 -112.08930607671726 0
      vertex 91.25 -112.1 0
    endloop
  endfacet
  facet normal 0 0 -1
    outer loop
      vertex 183.39999999850988 -120.39999999850988 0
      vertex 91.25 -112.1 0
      vertex 91.41315774027507 -112.08930607671726 0
    endloop
  endfacet
  facet normal 0 0 -1
    outer loop
      vertex 183.39999999850988 -120.39999999850988 0
      vertex 91.41315774027507 -112.08930607671726 0
      vertex 97.08684225972493 -112.08930607671726 0
    endloop
  endfacet
  facet normal 0 0 -1
    outer loop
      vertex 183.39999999850988 -120.39999999850988 0
      vertex 97.08684225972493 -112.08930607671726 0
      vertex 97.25 -112.1 0
    endloop
  endfacet
  facet normal 0 0 -1
    outer loop
      vertex 183.39999999850988 -120.39999999850988 0
      vertex 97.25 -112.1 0
      vertex 97.41315774027507 -112.08930607671726 0
    endloop
  endfacet
  facet normal 0 0 -1
    outer loop
      vertex 183.39999999850988 -120.39999999850988 0
      vertex 97.41315774027507 -112.08930607671726 0
      vertex 103.08684225972493 -112.08930607671726 0
    endloop
  endfacet
  facet normal 0 0 -1
    outer loop
      vertex 183.39999999850988 -120.39999999850988 0
      vertex 103.08684225972493 -112.08930607671726 0
      vertex 103.25 -112.1 0
    endloop
  endfacet
  facet normal 0 0 -1
    outer loop
      vertex 183.39999999850988 -120.39999999850988 0
      vertex 103.25 -112.1 0
      vertex 103.41315774027507 -112.08930607671726 0
    endloop
  endfacet
  facet normal 0 0 -1
    outer loop
      vertex 183.39999999850988 -120.39999999850988 0
      vertex 103.41315774027507 -112.08930607671726 0
      vertex 109.08684225972493 -112.08930607671726 0
    endloop
  endfacet
  facet normal 0 0 -1
    outer loop
      vertex 183.39999999850988 -120.39999999850988 0
      vertex 109.08684225972493 -112.08930607671726 0
      vertex 109.25 -112.1 0
    endloop
  endfacet
  facet normal 0 0 -1
    outer loop
      vertex 183.39999999850988 -120.39999999850988 0
      vertex 109.41315774027507 -112.08930607671726 0
      vertex 109.57352380637815 -112.05740728286133 0
    endloop
  endfacet
  facet normal 0 0 -1
    outer loop
      vertex 183.39999999850988 -120.39999999850988 0
      vertex 109.25 -112.1 0
      vertex 109.41315774027507 -112.08930607671726 0
    endloop
  endfacet
  facet normal 0 0 -1
    outer loop
      vertex 183.39999999850988 -120.39999999850988 0
      vertex 109.72835429045637 -112.0048494156391 0
      vertex 109.875 -111.93253175473055 0
    endloop
  endfacet
  facet normal 0 0 -1
    outer loop
      vertex 183.39999999850988 -120.39999999850988 0
      vertex 109.57352380637815 -112.05740728286133 0
      vertex 109.72835429045637 -112.0048494156391 0
    endloop
  endfacet
  facet normal 0 0 -1
    outer loop
      vertex 183.39999999850988 -120.39999999850988 0
      vertex 110.48930607671727 -111.01315774027506 0
      vertex 110.5 -110.85 0
    endloop
  endfacet
  facet normal 0 0 -1
    outer loop
      vertex 183.39999999850988 -120.39999999850988 0
      vertex 110.45740728286134 -111.17352380637814 0
      vertex 110.48930607671727 -111.01315774027506 0
    endloop
  endfacet
  facet normal 0 0 -1
    outer loop
      vertex 183.39999999850988 -120.39999999850988 0
      vertex 110.4048494156391 -111.32835429045636 0
      vertex 110.45740728286134 -111.17352380637814 0
    endloop
  endfacet
  facet normal 0 0 -1
    outer loop
      vertex 183.39999999850988 -120.39999999850988 0
      vertex 110.33253175473055 -111.475 0
      vertex 110.4048494156391 -111.32835429045636 0
    endloop
  endfacet
  facet normal 0 0 -1
    outer loop
      vertex 183.39999999850988 -120.39999999850988 0
      vertex 110.13388347648319 -111.73388347648319 0
      vertex 110.24169167536404 -111.6109517862609 0
    endloop
  endfacet
  facet normal 0 0 -1
    outer loop
      vertex 183.39999999850988 -120.39999999850988 0
      vertex 110.24169167536404 -111.6109517862609 0
      vertex 110.33253175473055 -111.475 0
    endloop
  endfacet
  facet normal 0 0 -1
    outer loop
      vertex 183.39999999850988 -120.39999999850988 0
      vertex 110.0109517862609 -111.84169167536403 0
      vertex 110.13388347648319 -111.73388347648319 0
    endloop
  endfacet
  facet normal 0 0 -1
    outer loop
      vertex 183.39999999850988 -120.39999999850988 0
      vertex 109.875 -111.93253175473055 0
      vertex 110.0109517862609 -111.84169167536403 0
    endloop
  endfacet
  facet normal 0 0 1
    outer loop
      vertex 183.70000000298023 -0.29999999701976776 2.3999999999999986
      vertex 186.39999999850988 -117.39999999850988 2.3999999999999986
      vertex 186.39999999850988 -65 2.3999999999999986
    endloop
  endfacet
  facet normal 0 0 1
    outer loop
      vertex 186.39999999850988 -53 2.3999999999999986
      vertex 186.39999999850988 -65 2.3999999999999986
      vertex 189.89999999850988 -59 2.3999999999999986
    endloop
  endfacet
  facet normal 0 0 1
    outer loop
      vertex 189.89999999850988 -59 2.3999999999999986
      vertex 186.39999999850988 -65 2.3999999999999986
      vertex 189.92138784378767 -59.326315477490425 2.3999999999999986
    endloop
  endfacet
  facet normal 0 0 1
    outer loop
      vertex 189.92138784378767 -59.326315477490425 2.3999999999999986
      vertex 186.39999999850988 -65 2.3999999999999986
      vertex 189.98518543690443 -59.647047609090805 2.3999999999999986
    endloop
  endfacet
  facet normal 0 0 1
    outer loop
      vertex 189.98518543690443 -59.647047609090805 2.3999999999999986
      vertex 186.39999999850988 -65 2.3999999999999986
      vertex 190.09030117094517 -59.95670858025551 2.3999999999999986
    endloop
  endfacet
  facet normal 0 0 1
    outer loop
      vertex 190.09030117094517 -59.95670858025551 2.3999999999999986
      vertex 186.39999999850988 -65 2.3999999999999986
      vertex 190.23493649065495 -60.25 2.3999999999999986
    endloop
  endfacet
  facet normal 0 0 1
    outer loop
      vertex 190.23493649065495 -60.25 2.3999999999999986
      vertex 186.39999999850988 -65 2.3999999999999986
      vertex 190.4166166484356 -60.521903574466705 2.3999999999999986
    endloop
  endfacet
  facet normal 0 0 1
    outer loop
      vertex 190.4166166484356 -60.521903574466705 2.3999999999999986
      vertex 186.39999999850988 -65 2.3999999999999986
      vertex 190.63223304599524 -60.76776695251465 2.3999999999999986
    endloop
  endfacet
  facet normal 0 0 1
    outer loop
      vertex 190.63223304599524 -60.76776695251465 2.3999999999999986
      vertex 186.39999999850988 -65 2.3999999999999986
      vertex 190.87809642404318 -60.98338335007429 2.3999999999999986
    endloop
  endfacet
  facet normal 0 0 1
    outer loop
      vertex 190.87809642404318 -60.98338335007429 2.3999999999999986
      vertex 186.39999999850988 -65 2.3999999999999986
      vertex 191.14999999850988 -61.16506350785494 2.3999999999999986
    endloop
  endfacet
  facet normal 0 0 1
    outer loop
      vertex 191.14999999850988 -61.16506350785494 2.3999999999999986
      vertex 186.39999999850988 -65 2.3999999999999986
      vertex 191.44329141825438 -61.309698827564716 2.3999999999999986
    endloop
  endfacet
  facet normal 0 0 1
    outer loop
      vertex 191.44329141825438 -61.309698827564716 2.3999999999999986
      vertex 186.39999999850988 -65 2.3999999999999986
      vertex 191.75295238941908 -61.414814569056034 2.3999999999999986
    endloop
  endfacet
  facet normal 0 0 1
    outer loop
      vertex 191.75295238941908 -61.414814569056034 2.3999999999999986
      vertex 186.39999999850988 -65 2.3999999999999986
      vertex 192.07368452101946 -61.478612154722214 2.3999999999999986
    endloop
  endfacet
  facet normal 0 0 1
    outer loop
      vertex 186.39999999850988 -65 2.3999999999999986
      vertex 192.39999999850988 -61.5 2.3999999999999986
      vertex 192.07368452101946 -61.478612154722214 2.3999999999999986
    endloop
  endfacet
  facet normal 0 0 1
    outer loop
      vertex 186.39999999850988 -65 2.3999999999999986
      vertex 192.7263154834509 -61.478612154722214 2.3999999999999986
      vertex 192.39999999850988 -61.5 2.3999999999999986
    endloop
  endfacet
  facet normal 0 0 1
    outer loop
      vertex 186.39999999850988 -65 2.3999999999999986
      vertex 193.04704761505127 -61.414814569056034 2.3999999999999986
      vertex 192.7263154834509 -61.478612154722214 2.3999999999999986
    endloop
  endfacet
  facet normal 0 0 1
    outer loop
      vertex 193.3567085787654 -61.309698827564716 2.3999999999999986
      vertex 193.04704761505127 -61.414814569056034 2.3999999999999986
      vertex 198.39999999850988 -65 2.3999999999999986
    endloop
  endfacet
  facet normal 0 0 1
    outer loop
      vertex 193.3567085787654 -61.309698827564716 2.3999999999999986
      vertex 198.39999999850988 -65 2.3999999999999986
      vertex 193.64999999850988 -61.16506350785494 2.3999999999999986
    endloop
  endfacet
  facet normal 0 0 1
    outer loop
      vertex 198.39999999850988 -53 2.3999999999999986
      vertex 194.89999999850988 -59 2.3999999999999986
      vertex 198.39999999850988 -65 2.3999999999999986
    endloop
  endfacet
  facet normal 0 0 1
    outer loop
      vertex 194.70969883352518 -59.95670858025551 2.3999999999999986
      vertex 198.39999999850988 -65 2.3999999999999986
      vertex 194.81481456756592 -59.647047609090805 2.3999999999999986
    endloop
  endfacet
  facet normal 0 0 1
    outer loop
      vertex 194.70969883352518 -59.95670858025551 2.3999999999999986
      vertex 194.56506350636482 -60.25 2.3999999999999986
      vertex 198.39999999850988 -65 2.3999999999999986
    endloop
  endfacet
  facet normal 0 0 1
    outer loop
      vertex 194.89999999850988 -59 2.3999999999999986
      vertex 194.8786121532321 -59.326315477490425 2.3999999999999986
      vertex 198.39999999850988 -65 2.3999999999999986
    endloop
  endfacet
  facet normal 0 0 1
    outer loop
      vertex 194.8786121532321 -59.326315477490425 2.3999999999999986
      vertex 194.81481456756592 -59.647047609090805 2.3999999999999986
      vertex 198.39999999850988 -65 2.3999999999999986
    endloop
  endfacet
  facet normal 0 0 1
    outer loop
      vertex 194.16776695102453 -60.76776695251465 2.3999999999999986
      vertex 193.9219035729766 -60.98338335007429 2.3999999999999986
      vertex 198.39999999850988 -65 2.3999999999999986
    endloop
  endfacet
  facet normal 0 0 1
    outer loop
      vertex 194.38338334858418 -60.521903574466705 2.3999999999999986
      vertex 198.39999999850988 -65 2.3999999999999986
      vertex 194.56506350636482 -60.25 2.3999999999999986
    endloop
  endfacet
  facet normal 0 0 1
    outer loop
      vertex 194.38338334858418 -60.521903574466705 2.3999999999999986
      vertex 194.16776695102453 -60.76776695251465 2.3999999999999986
      vertex 198.39999999850988 -65 2.3999999999999986
    endloop
  endfacet
  facet normal 0 0 1
    outer loop
      vertex 193.9219035729766 -60.98338335007429 2.3999999999999986
      vertex 193.64999999850988 -61.16506350785494 2.3999999999999986
      vertex 198.39999999850988 -65 2.3999999999999986
    endloop
  endfacet
  facet normal 0 0 1
    outer loop
      vertex 186.39999999850988 -65 2.3999999999999986
      vertex 198.39999999850988 -65 2.3999999999999986
      vertex 193.04704761505127 -61.414814569056034 2.3999999999999986
    endloop
  endfacet
  facet normal 0 0 1
    outer loop
      vertex 183.70000000298023 -0.29999999701976776 2.3999999999999986
      vertex 183.70000000298023 -117.70000000298023 2.3999999999999986
      vertex 186.17163859307766 -118.54805029928684 2.3999999999999986
    endloop
  endfacet
  facet normal 0 0 1
    outer loop
      vertex 183.70000000298023 -0.29999999701976776 2.3999999999999986
      vertex 186.3743345811963 -117.79157857596874 2.3999999999999986
      vertex 186.39999999850988 -117.39999999850988 2.3999999999999986
    endloop
  endfacet
  facet normal 0 0 1
    outer loop
      vertex 183.70000000298023 -0.29999999701976776 2.3999999999999986
      vertex 186.29777747392654 -118.17645713686943 2.3999999999999986
      vertex 186.3743345811963 -117.79157857596874 2.3999999999999986
    endloop
  endfacet
  facet normal 0 0 1
    outer loop
      vertex 183.70000000298023 -0.29999999701976776 2.3999999999999986
      vertex 186.17163859307766 -118.54805029928684 2.3999999999999986
      vertex 186.29777747392654 -118.17645713686943 2.3999999999999986
    endloop
  endfacet
  facet normal 0 0 -1
    outer loop
      vertex 186.39999999850988 -65 0
      vertex 186.39999999850988 -117.39999999850988 0
      vertex 110.5 -51.25 0
    endloop
  endfacet
  facet normal 0.9978589234555668 0.06540312591992284 0
    outer loop
      vertex 189.89999999850988 -59 2.3999999999999986
      vertex 189.92138784378767 -59.326315477490425 2.3999999999999986
      vertex 189.92138784378767 -59.326315477490425 0
    endloop
  endfacet
  facet normal 0.9807852771702339 0.19509033826949876 0
    outer loop
      vertex 189.92138784378767 -59.326315477490425 2.3999999999999986
      vertex 189.98518543690443 -59.647047609090805 2.3999999999999986
      vertex 189.98518543690443 -59.647047609090805 0
    endloop
  endfacet
  facet normal 0.9469301308213699 0.32143946139611307 0
    outer loop
      vertex 189.98518543690443 -59.647047609090805 2.3999999999999986
      vertex 190.09030117094517 -59.95670858025551 2.3999999999999986
      vertex 190.09030117094517 -59.95670858025551 0
    endloop
  endfacet
  facet normal 0.8968727444820815 0.44228868423822365 0
    outer loop
      vertex 190.09030117094517 -59.95670858025551 2.3999999999999986
      vertex 190.23493649065495 -60.25 2.3999999999999986
      vertex 190.23493649065495 -60.25 0
    endloop
  endfacet
  facet normal 0.8314696154835681 0.5555702282588649 0
    outer loop
      vertex 190.23493649065495 -60.25 2.3999999999999986
      vertex 190.4166166484356 -60.521903574466705 2.3999999999999986
      vertex 190.4166166484356 -60.521903574466705 0
    endloop
  endfacet
  facet normal 0.7518398045992155 0.6593458183838079 0
    outer loop
      vertex 190.4166166484356 -60.521903574466705 2.3999999999999986
      vertex 190.63223304599524 -60.76776695251465 2.3999999999999986
      vertex 190.63223304599524 -60.76776695251465 0
    endloop
  endfacet
  facet normal 0.6593458183838079 0.7518398045992155 0
    outer loop
      vertex 190.63223304599524 -60.76776695251465 2.3999999999999986
      vertex 190.87809642404318 -60.98338335007429 2.3999999999999986
      vertex 190.87809642404318 -60.98338335007429 0
    endloop
  endfacet
  facet normal 0.5555702282588649 0.8314696154835681 0
    outer loop
      vertex 190.87809642404318 -60.98338335007429 2.3999999999999986
      vertex 191.14999999850988 -61.16506350785494 2.3999999999999986
      vertex 191.14999999850988 -61.16506350785494 0
    endloop
  endfacet
  facet normal 0.44228868423822365 0.8968727444820815 0
    outer loop
      vertex 191.14999999850988 -61.16506350785494 2.3999999999999986
      vertex 191.44329141825438 -61.309698827564716 2.3999999999999986
      vertex 191.44329141825438 -61.309698827564716 0
    endloop
  endfacet
  facet normal 0.3214394818255995 0.9469301238864936 0
    outer loop
      vertex 191.44329141825438 -61.309698827564716 2.3999999999999986
      vertex 191.75295238941908 -61.414814569056034 2.3999999999999986
      vertex 191.75295238941908 -61.414814569056034 0
    endloop
  endfacet
  facet normal 0.19509031635308638 0.9807852815296795 0
    outer loop
      vertex 191.75295238941908 -61.414814569056034 2.3999999999999986
      vertex 192.07368452101946 -61.478612154722214 2.3999999999999986
      vertex 192.07368452101946 -61.478612154722214 0
    endloop
  endfacet
  facet normal -0.9978589234555668 0.06540312591992284 0
    outer loop
      vertex 194.89999999850988 -59 2.3999999999999986
      vertex 194.89999999850988 -59 0
      vertex 194.8786121532321 -59.326315477490425 2.3999999999999986
    endloop
  endfacet
  facet normal -0.9807852815296795 0.19509031635308638 0
    outer loop
      vertex 194.8786121532321 -59.326315477490425 2.3999999999999986
      vertex 194.8786121532321 -59.326315477490425 0
      vertex 194.81481456756592 -59.647047609090805 2.3999999999999986
    endloop
  endfacet
  facet normal -0.9469301308213699 0.32143946139611307 0
    outer loop
      vertex 194.70969883352518 -59.95670858025551 2.3999999999999986
      vertex 194.81481456756592 -59.647047609090805 2.3999999999999986
      vertex 194.81481456756592 -59.647047609090805 0
    endloop
  endfacet
  facet normal -0.7518398045992155 0.6593458183838079 0
    outer loop
      vertex 194.38338334858418 -60.521903574466705 2.3999999999999986
      vertex 194.38338334858418 -60.521903574466705 0
      vertex 194.16776695102453 -60.76776695251465 2.3999999999999986
    endloop
  endfacet
  facet normal -0.6593458183838079 0.7518398045992155 0
    outer loop
      vertex 194.16776695102453 -60.76776695251465 2.3999999999999986
      vertex 194.16776695102453 -60.76776695251465 0
      vertex 193.9219035729766 -60.98338335007429 2.3999999999999986
    endloop
  endfacet
  facet normal -0.8968727354443747 0.44228870256487973 0
    outer loop
      vertex 194.70969883352518 -59.95670858025551 2.3999999999999986
      vertex 194.70969883352518 -59.95670858025551 0
      vertex 194.56506350636482 -60.25 2.3999999999999986
    endloop
  endfacet
  facet normal -0.8314696154835681 0.5555702282588649 0
    outer loop
      vertex 194.38338334858418 -60.521903574466705 2.3999999999999986
      vertex 194.56506350636482 -60.25 2.3999999999999986
      vertex 194.56506350636482 -60.25 0
    endloop
  endfacet
  facet normal 0.06540312591992284 0.9978589234555668 0
    outer loop
      vertex 192.07368452101946 -61.478612154722214 2.3999999999999986
      vertex 192.39999999850988 -61.5 2.3999999999999986
      vertex 192.39999999850988 -61.5 0
    endloop
  endfacet
  facet normal -0.06540312443299726 0.997858923553025 0
    outer loop
      vertex 192.39999999850988 -61.5 2.3999999999999986
      vertex 192.7263154834509 -61.478612154722214 2.3999999999999986
      vertex 192.7263154834509 -61.478612154722214 0
    endloop
  endfacet
  facet normal -0.32143948876047607 0.94693012153242 0
    outer loop
      vertex 193.3567085787654 -61.309698827564716 2.3999999999999986
      vertex 193.3567085787654 -61.309698827564716 0
      vertex 193.04704761505127 -61.414814569056034 2.3999999999999986
    endloop
  endfacet
  facet normal -0.44228868423822365 0.8968727444820815 0
    outer loop
      vertex 193.3567085787654 -61.309698827564716 2.3999999999999986
      vertex 193.64999999850988 -61.16506350785494 2.3999999999999986
      vertex 193.64999999850988 -61.16506350785494 0
    endloop
  endfacet
  facet normal -0.19509031635308638 0.9807852815296795 0
    outer loop
      vertex 192.7263154834509 -61.478612154722214 2.3999999999999986
      vertex 193.04704761505127 -61.414814569056034 2.3999999999999986
      vertex 193.04704761505127 -61.414814569056034 0
    endloop
  endfacet
  facet normal -0.5555702282588649 0.8314696154835681 0
    outer loop
      vertex 193.9219035729766 -60.98338335007429 2.3999999999999986
      vertex 193.9219035729766 -60.98338335007429 0
      vertex 193.64999999850988 -61.16506350785494 2.3999999999999986
    endloop
  endfacet
  facet normal 0 -1 0
    outer loop
      vertex 186.39999999850988 -65 2.3999999999999986
      vertex 198.39999999850988 -65 0
      vertex 198.39999999850988 -65 2.3999999999999986
    endloop
  endfacet
  facet normal 0.9978589234555668 0.06540312591992284 0
    outer loop
      vertex 189.89999999850988 -59 2.3999999999999986
      vertex 189.92138784378767 -59.326315477490425 0
      vertex 189.89999999850988 -59 0
    endloop
  endfacet
  facet normal 0.9807852771702339 0.19509033826949876 0
    outer loop
      vertex 189.92138784378767 -59.326315477490425 2.3999999999999986
      vertex 189.98518543690443 -59.647047609090805 0
      vertex 189.92138784378767 -59.326315477490425 0
    endloop
  endfacet
  facet normal 0.9469301308213699 0.32143946139611307 0
    outer loop
      vertex 189.98518543690443 -59.647047609090805 2.3999999999999986
      vertex 190.09030117094517 -59.95670858025551 0
      vertex 189.98518543690443 -59.647047609090805 0
    endloop
  endfacet
  facet normal 0.8968727444820815 0.44228868423822365 0
    outer loop
      vertex 190.09030117094517 -59.95670858025551 2.3999999999999986
      vertex 190.23493649065495 -60.25 0
      vertex 190.09030117094517 -59.95670858025551 0
    endloop
  endfacet
  facet normal 0.8314696154835681 0.5555702282588649 0
    outer loop
      vertex 190.23493649065495 -60.25 2.3999999999999986
      vertex 190.4166166484356 -60.521903574466705 0
      vertex 190.23493649065495 -60.25 0
    endloop
  endfacet
  facet normal 0.7518398045992155 0.6593458183838079 0
    outer loop
      vertex 190.4166166484356 -60.521903574466705 2.3999999999999986
      vertex 190.63223304599524 -60.76776695251465 0
      vertex 190.4166166484356 -60.521903574466705 0
    endloop
  endfacet
  facet normal 0.6593458183838079 0.7518398045992155 0
    outer loop
      vertex 190.63223304599524 -60.76776695251465 2.3999999999999986
      vertex 190.87809642404318 -60.98338335007429 0
      vertex 190.63223304599524 -60.76776695251465 0
    endloop
  endfacet
  facet normal 0.5555702282588649 0.8314696154835681 0
    outer loop
      vertex 190.87809642404318 -60.98338335007429 2.3999999999999986
      vertex 191.14999999850988 -61.16506350785494 0
      vertex 190.87809642404318 -60.98338335007429 0
    endloop
  endfacet
  facet normal 0.44228868423822365 0.8968727444820815 0
    outer loop
      vertex 191.14999999850988 -61.16506350785494 2.3999999999999986
      vertex 191.44329141825438 -61.309698827564716 0
      vertex 191.14999999850988 -61.16506350785494 0
    endloop
  endfacet
  facet normal 0.3214394818255995 0.9469301238864936 0
    outer loop
      vertex 191.44329141825438 -61.309698827564716 2.3999999999999986
      vertex 191.75295238941908 -61.414814569056034 0
      vertex 191.44329141825438 -61.309698827564716 0
    endloop
  endfacet
  facet normal 0.19509031635308638 0.9807852815296795 0
    outer loop
      vertex 191.75295238941908 -61.414814569056034 2.3999999999999986
      vertex 192.07368452101946 -61.478612154722214 0
      vertex 191.75295238941908 -61.414814569056034 0
    endloop
  endfacet
  facet normal 0 -1 0
    outer loop
      vertex 186.39999999850988 -65 2.3999999999999986
      vertex 186.39999999850988 -65 0
      vertex 198.39999999850988 -65 0
    endloop
  endfacet
  facet normal -0.9978589234555668 0.06540312591992284 0
    outer loop
      vertex 194.8786121532321 -59.326315477490425 2.3999999999999986
      vertex 194.89999999850988 -59 0
      vertex 194.8786121532321 -59.326315477490425 0
    endloop
  endfacet
  facet normal -0.9469301308213699 0.32143946139611307 0
    outer loop
      vertex 194.70969883352518 -59.95670858025551 2.3999999999999986
      vertex 194.81481456756592 -59.647047609090805 0
      vertex 194.70969883352518 -59.95670858025551 0
    endloop
  endfacet
  facet normal -0.9807852815296795 0.19509031635308638 0
    outer loop
      vertex 194.81481456756592 -59.647047609090805 2.3999999999999986
      vertex 194.8786121532321 -59.326315477490425 0
      vertex 194.81481456756592 -59.647047609090805 0
    endloop
  endfacet
  facet normal -0.6593458183838079 0.7518398045992155 0
    outer loop
      vertex 193.9219035729766 -60.98338335007429 2.3999999999999986
      vertex 194.16776695102453 -60.76776695251465 0
      vertex 193.9219035729766 -60.98338335007429 0
    endloop
  endfacet
  facet normal -0.7518398045992155 0.6593458183838079 0
    outer loop
      vertex 194.16776695102453 -60.76776695251465 2.3999999999999986
      vertex 194.38338334858418 -60.521903574466705 0
      vertex 194.16776695102453 -60.76776695251465 0
    endloop
  endfacet
  facet normal -0.8968727354443747 0.44228870256487973 0
    outer loop
      vertex 194.56506350636482 -60.25 2.3999999999999986
      vertex 194.70969883352518 -59.95670858025551 0
      vertex 194.56506350636482 -60.25 0
    endloop
  endfacet
  facet normal -0.8314696154835681 0.5555702282588649 0
    outer loop
      vertex 194.38338334858418 -60.521903574466705 2.3999999999999986
      vertex 194.56506350636482 -60.25 0
      vertex 194.38338334858418 -60.521903574466705 0
    endloop
  endfacet
  facet normal 0.06540312591992284 0.9978589234555668 0
    outer loop
      vertex 192.07368452101946 -61.478612154722214 2.3999999999999986
      vertex 192.39999999850988 -61.5 0
      vertex 192.07368452101946 -61.478612154722214 0
    endloop
  endfacet
  facet normal -0.06540312443299726 0.997858923553025 0
    outer loop
      vertex 192.39999999850988 -61.5 2.3999999999999986
      vertex 192.7263154834509 -61.478612154722214 0
      vertex 192.39999999850988 -61.5 0
    endloop
  endfacet
  facet normal -0.32143948876047607 0.94693012153242 0
    outer loop
      vertex 193.04704761505127 -61.414814569056034 2.3999999999999986
      vertex 193.3567085787654 -61.309698827564716 0
      vertex 193.04704761505127 -61.414814569056034 0
    endloop
  endfacet
  facet normal -0.44228868423822365 0.8968727444820815 0
    outer loop
      vertex 193.3567085787654 -61.309698827564716 2.3999999999999986
      vertex 193.64999999850988 -61.16506350785494 0
      vertex 193.3567085787654 -61.309698827564716 0
    endloop
  endfacet
  facet normal -0.19509031635308638 0.9807852815296795 0
    outer loop
      vertex 192.7263154834509 -61.478612154722214 2.3999999999999986
      vertex 193.04704761505127 -61.414814569056034 0
      vertex 192.7263154834509 -61.478612154722214 0
    endloop
  endfacet
  facet normal -0.5555702282588649 0.8314696154835681 0
    outer loop
      vertex 193.64999999850988 -61.16506350785494 2.3999999999999986
      vertex 193.9219035729766 -60.98338335007429 0
      vertex 193.64999999850988 -61.16506350785494 0
    endloop
  endfacet
  facet normal 1 0 0
    outer loop
      vertex 198.39999999850988 -53 0
      vertex 198.39999999850988 -65 2.3999999999999986
      vertex 198.39999999850988 -65 0
    endloop
  endfacet
  facet normal 0 0 -1
    outer loop
      vertex 186.39999999850988 -53 0
      vertex 189.89999999850988 -59 0
      vertex 186.39999999850988 -65 0
    endloop
  endfacet
  facet normal 0 0 -1
    outer loop
      vertex 189.89999999850988 -59 0
      vertex 189.92138784378767 -59.326315477490425 0
      vertex 186.39999999850988 -65 0
    endloop
  endfacet
  facet normal 0 0 -1
    outer loop
      vertex 189.92138784378767 -59.326315477490425 0
      vertex 189.98518543690443 -59.647047609090805 0
      vertex 186.39999999850988 -65 0
    endloop
  endfacet
  facet normal 0 0 -1
    outer loop
      vertex 189.98518543690443 -59.647047609090805 0
      vertex 190.09030117094517 -59.95670858025551 0
      vertex 186.39999999850988 -65 0
    endloop
  endfacet
  facet normal 0 0 -1
    outer loop
      vertex 190.09030117094517 -59.95670858025551 0
      vertex 190.23493649065495 -60.25 0
      vertex 186.39999999850988 -65 0
    endloop
  endfacet
  facet normal 0 0 -1
    outer loop
      vertex 190.23493649065495 -60.25 0
      vertex 190.4166166484356 -60.521903574466705 0
      vertex 186.39999999850988 -65 0
    endloop
  endfacet
  facet normal 0 0 -1
    outer loop
      vertex 190.4166166484356 -60.521903574466705 0
      vertex 190.63223304599524 -60.76776695251465 0
      vertex 186.39999999850988 -65 0
    endloop
  endfacet
  facet normal 0 0 -1
    outer loop
      vertex 190.63223304599524 -60.76776695251465 0
      vertex 190.87809642404318 -60.98338335007429 0
      vertex 186.39999999850988 -65 0
    endloop
  endfacet
  facet normal 0 0 -1
    outer loop
      vertex 190.87809642404318 -60.98338335007429 0
      vertex 191.14999999850988 -61.16506350785494 0
      vertex 186.39999999850988 -65 0
    endloop
  endfacet
  facet normal 0 0 -1
    outer loop
      vertex 191.14999999850988 -61.16506350785494 0
      vertex 191.44329141825438 -61.309698827564716 0
      vertex 186.39999999850988 -65 0
    endloop
  endfacet
  facet normal 0 0 -1
    outer loop
      vertex 191.44329141825438 -61.309698827564716 0
      vertex 191.75295238941908 -61.414814569056034 0
      vertex 186.39999999850988 -65 0
    endloop
  endfacet
  facet normal 0 0 -1
    outer loop
      vertex 191.75295238941908 -61.414814569056034 0
      vertex 192.07368452101946 -61.478612154722214 0
      vertex 186.39999999850988 -65 0
    endloop
  endfacet
  facet normal 0 0 -1
    outer loop
      vertex 186.39999999850988 -65 0
      vertex 192.07368452101946 -61.478612154722214 0
      vertex 192.39999999850988 -61.5 0
    endloop
  endfacet
  facet normal 0 0 -1
    outer loop
      vertex 186.39999999850988 -65 0
      vertex 192.39999999850988 -61.5 0
      vertex 192.7263154834509 -61.478612154722214 0
    endloop
  endfacet
  facet normal 0 0 -1
    outer loop
      vertex 186.39999999850988 -65 0
      vertex 192.7263154834509 -61.478612154722214 0
      vertex 193.04704761505127 -61.414814569056034 0
    endloop
  endfacet
  facet normal 0 0 -1
    outer loop
      vertex 193.3567085787654 -61.309698827564716 0
      vertex 198.39999999850988 -65 0
      vertex 193.04704761505127 -61.414814569056034 0
    endloop
  endfacet
  facet normal 0 0 -1
    outer loop
      vertex 193.3567085787654 -61.309698827564716 0
      vertex 193.64999999850988 -61.16506350785494 0
      vertex 198.39999999850988 -65 0
    endloop
  endfacet
  facet normal 0 0 -1
    outer loop
      vertex 198.39999999850988 -53 0
      vertex 198.39999999850988 -65 0
      vertex 194.89999999850988 -59 0
    endloop
  endfacet
  facet normal 0 0 -1
    outer loop
      vertex 194.70969883352518 -59.95670858025551 0
      vertex 194.81481456756592 -59.647047609090805 0
      vertex 198.39999999850988 -65 0
    endloop
  endfacet
  facet normal 0 0 -1
    outer loop
      vertex 194.70969883352518 -59.95670858025551 0
      vertex 198.39999999850988 -65 0
      vertex 194.56506350636482 -60.25 0
    endloop
  endfacet
  facet normal 0 0 -1
    outer loop
      vertex 194.89999999850988 -59 0
      vertex 198.39999999850988 -65 0
      vertex 194.8786121532321 -59.326315477490425 0
    endloop
  endfacet
  facet normal 0 0 -1
    outer loop
      vertex 194.8786121532321 -59.326315477490425 0
      vertex 198.39999999850988 -65 0
      vertex 194.81481456756592 -59.647047609090805 0
    endloop
  endfacet
  facet normal 0 0 -1
    outer loop
      vertex 194.16776695102453 -60.76776695251465 0
      vertex 198.39999999850988 -65 0
      vertex 193.9219035729766 -60.98338335007429 0
    endloop
  endfacet
  facet normal 0 0 -1
    outer loop
      vertex 194.38338334858418 -60.521903574466705 0
      vertex 194.56506350636482 -60.25 0
      vertex 198.39999999850988 -65 0
    endloop
  endfacet
  facet normal 0 0 -1
    outer loop
      vertex 194.38338334858418 -60.521903574466705 0
      vertex 198.39999999850988 -65 0
      vertex 194.16776695102453 -60.76776695251465 0
    endloop
  endfacet
  facet normal 0 0 -1
    outer loop
      vertex 193.9219035729766 -60.98338335007429 0
      vertex 198.39999999850988 -65 0
      vertex 193.64999999850988 -61.16506350785494 0
    endloop
  endfacet
  facet normal 0 0 -1
    outer loop
      vertex 186.39999999850988 -65 0
      vertex 193.04704761505127 -61.414814569056034 0
      vertex 198.39999999850988 -65 0
    endloop
  endfacet
  facet normal 1 0 0
    outer loop
      vertex 186.39999999850988 -65 2.3999999999999986
      vertex 186.39999999850988 -117.39999999850988 2.3999999999999986
      vertex 186.39999999850988 -65 0
    endloop
  endfacet
  facet normal 0 0 1
    outer loop
      vertex 183.70000000298023 -117.70000000298023 2.3999999999999986
      vertex 185.9980762079358 -118.89999999850988 2.3999999999999986
      vertex 186.17163859307766 -118.54805029928684 2.3999999999999986
    endloop
  endfacet
  facet normal 0 0 1
    outer loop
      vertex 183.70000000298023 -117.70000000298023 2.3999999999999986
      vertex 183.39999999850988 -120.39999999850988 2.3999999999999986
      vertex 183.79157857596874 -120.37433458119631 2.3999999999999986
    endloop
  endfacet
  facet normal 0 0 1
    outer loop
      vertex 183.70000000298023 -117.70000000298023 2.3999999999999986
      vertex 183.79157857596874 -120.37433458119631 2.3999999999999986
      vertex 184.17645713686943 -120.29777747392654 2.3999999999999986
    endloop
  endfacet
  facet normal 0 0 1
    outer loop
      vertex 183.70000000298023 -117.70000000298023 2.3999999999999986
      vertex 184.17645713686943 -120.29777747392654 2.3999999999999986
      vertex 184.54805029928684 -120.17163859307766 2.3999999999999986
    endloop
  endfacet
  facet normal 0 0 1
    outer loop
      vertex 183.70000000298023 -117.70000000298023 2.3999999999999986
      vertex 184.54805029928684 -120.17163859307766 2.3999999999999986
      vertex 184.89999999850988 -119.99807620793581 2.3999999999999986
    endloop
  endfacet
  facet normal 0 0 1
    outer loop
      vertex 183.70000000298023 -117.70000000298023 2.3999999999999986
      vertex 184.89999999850988 -119.99807620793581 2.3999999999999986
      vertex 185.22628428786993 -119.78006002306938 2.3999999999999986
    endloop
  endfacet
  facet normal 0 0 1
    outer loop
      vertex 183.70000000298023 -117.70000000298023 2.3999999999999986
      vertex 185.78006002306938 -119.22628428786993 2.3999999999999986
      vertex 185.9980762079358 -118.89999999850988 2.3999999999999986
    endloop
  endfacet
  facet normal 0 0 1
    outer loop
      vertex 183.70000000298023 -117.70000000298023 2.3999999999999986
      vertex 185.52132034301758 -119.52132034301758 2.3999999999999986
      vertex 185.78006002306938 -119.22628428786993 2.3999999999999986
    endloop
  endfacet
  facet normal 0 0 1
    outer loop
      vertex 183.70000000298023 -117.70000000298023 2.3999999999999986
      vertex 185.22628428786993 -119.78006002306938 2.3999999999999986
      vertex 185.52132034301758 -119.52132034301758 2.3999999999999986
    endloop
  endfacet
  facet normal 0 0 -1
    outer loop
      vertex 183.39999999850988 -120.39999999850988 0
      vertex 110.5 -51.25 0
      vertex 183.79157857596874 -120.37433458119631 0
    endloop
  endfacet
  facet normal 0 0 -1
    outer loop
      vertex 183.79157857596874 -120.37433458119631 0
      vertex 110.5 -51.25 0
      vertex 184.17645713686943 -120.29777747392654 0
    endloop
  endfacet
  facet normal 0 0 -1
    outer loop
      vertex 184.17645713686943 -120.29777747392654 0
      vertex 110.5 -51.25 0
      vertex 184.54805029928684 -120.17163859307766 0
    endloop
  endfacet
  facet normal 0 0 -1
    outer loop
      vertex 184.54805029928684 -120.17163859307766 0
      vertex 110.5 -51.25 0
      vertex 184.89999999850988 -119.99807620793581 0
    endloop
  endfacet
  facet normal 0 0 -1
    outer loop
      vertex 186.39999999850988 -117.39999999850988 0
      vertex 186.3743345811963 -117.79157857596874 0
      vertex 110.5 -51.25 0
    endloop
  endfacet
  facet normal 0 0 -1
    outer loop
      vertex 186.3743345811963 -117.79157857596874 0
      vertex 186.29777747392654 -118.17645713686943 0
      vertex 110.5 -51.25 0
    endloop
  endfacet
  facet normal 0 0 -1
    outer loop
      vertex 186.29777747392654 -118.17645713686943 0
      vertex 186.17163859307766 -118.54805029928684 0
      vertex 110.5 -51.25 0
    endloop
  endfacet
  facet normal 0 0 -1
    outer loop
      vertex 185.9980762079358 -118.89999999850988 0
      vertex 110.5 -51.25 0
      vertex 186.17163859307766 -118.54805029928684 0
    endloop
  endfacet
  facet normal 0 0 -1
    outer loop
      vertex 185.9980762079358 -118.89999999850988 0
      vertex 185.78006002306938 -119.22628428786993 0
      vertex 110.5 -51.25 0
    endloop
  endfacet
  facet normal 0 0 -1
    outer loop
      vertex 185.52132034301758 -119.52132034301758 0
      vertex 185.22628428786993 -119.78006002306938 0
      vertex 110.5 -51.25 0
    endloop
  endfacet
  facet normal 0 0 -1
    outer loop
      vertex 185.52132034301758 -119.52132034301758 0
      vertex 110.5 -51.25 0
      vertex 185.78006002306938 -119.22628428786993 0
    endloop
  endfacet
  facet normal 0 0 -1
    outer loop
      vertex 185.22628428786993 -119.78006002306938 0
      vertex 184.89999999850988 -119.99807620793581 0
      vertex 110.5 -51.25 0
    endloop
  endfacet
  facet normal 1 0 0
    outer loop
      vertex 186.39999999850988 -65 0
      vertex 186.39999999850988 -117.39999999850988 2.3999999999999986
      vertex 186.39999999850988 -117.39999999850988 0
    endloop
  endfacet
  facet normal 0.06540313273849395 -0.9978589230086541 0
    outer loop
      vertex 183.39999999850988 -120.39999999850988 2.3999999999999986
      vertex 183.79157857596874 -120.37433458119631 0
      vertex 183.79157857596874 -120.37433458119631 2.3999999999999986
    endloop
  endfacet
  facet normal 0.19509032585814406 -0.980785279639006 0
    outer loop
      vertex 183.79157857596874 -120.37433458119631 2.3999999999999986
      vertex 184.17645713686943 -120.29777747392654 0
      vertex 184.17645713686943 -120.29777747392654 2.3999999999999986
    endloop
  endfacet
  facet normal 0.4422886918115197 -0.8968727407473451 0
    outer loop
      vertex 184.54805029928684 -120.17163859307766 2.3999999999999986
      vertex 184.89999999850988 -119.99807620793581 0
      vertex 184.89999999850988 -119.99807620793581 2.3999999999999986
    endloop
  endfacet
  facet normal 0.3214394637077385 -0.9469301300366788 0
    outer loop
      vertex 184.17645713686943 -120.29777747392654 2.3999999999999986
      vertex 184.54805029928684 -120.17163859307766 0
      vertex 184.54805029928684 -120.17163859307766 2.3999999999999986
    endloop
  endfacet
  facet normal 0.5555702203832522 -0.8314696207458844 0
    outer loop
      vertex 185.22628428786993 -119.78006002306938 2.3999999999999986
      vertex 184.89999999850988 -119.99807620793581 2.3999999999999986
      vertex 185.22628428786993 -119.78006002306938 0
    endloop
  endfacet
  facet normal 0.6593458207943228 -0.7518398024852507 0
    outer loop
      vertex 185.52132034301758 -119.52132034301758 2.3999999999999986
      vertex 185.22628428786993 -119.78006002306938 2.3999999999999986
      vertex 185.52132034301758 -119.52132034301758 0
    endloop
  endfacet
  facet normal 0.9978589230086541 -0.06540313273849395 0
    outer loop
      vertex 186.39999999850988 -117.39999999850988 2.3999999999999986
      vertex 186.3743345811963 -117.79157857596874 2.3999999999999986
      vertex 186.39999999850988 -117.39999999850988 0
    endloop
  endfacet
  facet normal 0.980785279639006 -0.19509032585814406 0
    outer loop
      vertex 186.3743345811963 -117.79157857596874 2.3999999999999986
      vertex 186.29777747392654 -118.17645713686943 2.3999999999999986
      vertex 186.3743345811963 -117.79157857596874 0
    endloop
  endfacet
  facet normal 0.9469301300366788 -0.3214394637077385 0
    outer loop
      vertex 186.29777747392654 -118.17645713686943 2.3999999999999986
      vertex 186.17163859307766 -118.54805029928684 2.3999999999999986
      vertex 186.29777747392654 -118.17645713686943 0
    endloop
  endfacet
  facet normal 0.8968727407473451 -0.4422886918115197 0
    outer loop
      vertex 185.9980762079358 -118.89999999850988 2.3999999999999986
      vertex 186.17163859307766 -118.54805029928684 0
      vertex 186.17163859307766 -118.54805029928684 2.3999999999999986
    endloop
  endfacet
  facet normal 0.8314696207458844 -0.5555702203832522 0
    outer loop
      vertex 185.9980762079358 -118.89999999850988 2.3999999999999986
      vertex 185.78006002306938 -119.22628428786993 2.3999999999999986
      vertex 185.9980762079358 -118.89999999850988 0
    endloop
  endfacet
  facet normal 0.7518398024852507 -0.6593458207943228 0
    outer loop
      vertex 185.52132034301758 -119.52132034301758 2.3999999999999986
      vertex 185.78006002306938 -119.22628428786993 0
      vertex 185.78006002306938 -119.22628428786993 2.3999999999999986
    endloop
  endfacet
  facet normal 0.06540313273849395 -0.9978589230086541 0
    outer loop
      vertex 183.39999999850988 -120.39999999850988 2.3999999999999986
      vertex 183.39999999850988 -120.39999999850988 0
      vertex 183.79157857596874 -120.37433458119631 0
    endloop
  endfacet
  facet normal 0.19509032585814406 -0.980785279639006 0
    outer loop
      vertex 183.79157857596874 -120.37433458119631 2.3999999999999986
      vertex 183.79157857596874 -120.37433458119631 0
      vertex 184.17645713686943 -120.29777747392654 0
    endloop
  endfacet
  facet normal 0.3214394637077385 -0.9469301300366788 0
    outer loop
      vertex 184.17645713686943 -120.29777747392654 2.3999999999999986
      vertex 184.17645713686943 -120.29777747392654 0
      vertex 184.54805029928684 -120.17163859307766 0
    endloop
  endfacet
  facet normal 0.4422886918115197 -0.8968727407473451 0
    outer loop
      vertex 184.54805029928684 -120.17163859307766 2.3999999999999986
      vertex 184.54805029928684 -120.17163859307766 0
      vertex 184.89999999850988 -119.99807620793581 0
    endloop
  endfacet
  facet normal 0.6593458207943228 -0.7518398024852507 0
    outer loop
      vertex 185.22628428786993 -119.78006002306938 2.3999999999999986
      vertex 185.22628428786993 -119.78006002306938 0
      vertex 185.52132034301758 -119.52132034301758 0
    endloop
  endfacet
  facet normal 0.5555702203832522 -0.8314696207458844 0
    outer loop
      vertex 184.89999999850988 -119.99807620793581 2.3999999999999986
      vertex 184.89999999850988 -119.99807620793581 0
      vertex 185.22628428786993 -119.78006002306938 0
    endloop
  endfacet
  facet normal 0.9978589230086541 -0.06540313273849395 0
    outer loop
      vertex 186.3743345811963 -117.79157857596874 2.3999999999999986
      vertex 186.3743345811963 -117.79157857596874 0
      vertex 186.39999999850988 -117.39999999850988 0
    endloop
  endfacet
  facet normal 0.980785279639006 -0.19509032585814406 0
    outer loop
      vertex 186.29777747392654 -118.17645713686943 2.3999999999999986
      vertex 186.29777747392654 -118.17645713686943 0
      vertex 186.3743345811963 -117.79157857596874 0
    endloop
  endfacet
  facet normal 0.9469301300366788 -0.3214394637077385 0
    outer loop
      vertex 186.17163859307766 -118.54805029928684 2.3999999999999986
      vertex 186.17163859307766 -118.54805029928684 0
      vertex 186.29777747392654 -118.17645713686943 0
    endloop
  endfacet
  facet normal 0.8968727407473451 -0.4422886918115197 0
    outer loop
      vertex 185.9980762079358 -118.89999999850988 2.3999999999999986
      vertex 185.9980762079358 -118.89999999850988 0
      vertex 186.17163859307766 -118.54805029928684 0
    endloop
  endfacet
  facet normal 0.8314696207458844 -0.5555702203832522 0
    outer loop
      vertex 185.78006002306938 -119.22628428786993 2.3999999999999986
      vertex 185.78006002306938 -119.22628428786993 0
      vertex 185.9980762079358 -118.89999999850988 0
    endloop
  endfacet
  facet normal 0.7518398024852507 -0.6593458207943228 0
    outer loop
      vertex 185.52132034301758 -119.52132034301758 2.3999999999999986
      vertex 185.52132034301758 -119.52132034301758 0
      vertex 185.78006002306938 -119.22628428786993 0
    endloop
  endfacet
  facet normal 0 0 1
    outer loop
      vertex 0.3999999985098839 -55 4.399999999999999
      vertex 1.3999999985098839 -63 4.399999999999999
      vertex 1.3999999985098839 -55 4.399999999999999
    endloop
  endfacet
  facet normal 0 1 0
    outer loop
      vertex 0.3999999985098839 -55 4.399999999999999
      vertex 1.3999999985098839 -55 4.399999999999999
      vertex 0.3999999985098839 -55 2.3999999999999986
    endloop
  endfacet
  facet normal 0.7088679352028855 0 0.7053412297896655
    outer loop
      vertex 1.3999999985098839 -55 4.399999999999999
      vertex 1.3999999985098839 -63 4.399999999999999
      vertex 3.3900497518191215 -55 2.3999999999999986
    endloop
  endfacet
  facet normal 0 1 0
    outer loop
      vertex 1.3999999985098839 -55 4.399999999999999
      vertex 3.3900497518191215 -55 2.3999999999999986
      vertex 0.3999999985098839 -55 2.3999999999999986
    endloop
  endfacet
  facet normal -1 0 0
    outer loop
      vertex 0.3999999985098839 -55 4.399999999999999
      vertex 0.3999999985098839 -55 2.3999999999999986
      vertex 0.3999999985098839 -63 2.3999999999999986
    endloop
  endfacet
  facet normal 0 0 1
    outer loop
      vertex 0.3999999985098839 -55 4.399999999999999
      vertex 0.3999999985098839 -63 4.399999999999999
      vertex 1.3999999985098839 -63 4.399999999999999
    endloop
  endfacet
  facet normal -1 0 0
    outer loop
      vertex 0.3999999985098839 -55 4.399999999999999
      vertex 0.3999999985098839 -63 2.3999999999999986
      vertex 0.3999999985098839 -63 4.399999999999999
    endloop
  endfacet
  facet normal 0 -1 0
    outer loop
      vertex 0.3999999985098839 -63 4.399999999999999
      vertex 3.3900497518191215 -63 2.3999999999999986
      vertex 1.3999999985098839 -63 4.399999999999999
    endloop
  endfacet
  facet normal 0.7088679352028855 0 0.7053412297896655
    outer loop
      vertex 3.3900497518191215 -55 2.3999999999999986
      vertex 1.3999999985098839 -63 4.399999999999999
      vertex 3.3900497518191215 -63 2.3999999999999986
    endloop
  endfacet
  facet normal 0 -1 0
    outer loop
      vertex 0.3999999985098839 -63 4.399999999999999
      vertex 0.3999999985098839 -63 2.3999999999999986
      vertex 3.3900497518191215 -63 2.3999999999999986
    endloop
  endfacet
  facet normal 0.5555702330195792 -0.8314696123025607 0
    outer loop
      vertex 66.625 -50.167468245269454 2.3999999999999986
      vertex 66.4890482137391 -50.258308324635955 2.3999999999999986
      vertex 66.4890482137391 -50.258308324635955 0
    endloop
  endfacet
  facet normal 0.6593458151000601 -0.7518398074789852 0
    outer loop
      vertex 66.4890482137391 -50.258308324635955 2.3999999999999986
      vertex 66.36611652351681 -50.366116523516816 2.3999999999999986
      vertex 66.36611652351681 -50.366116523516816 0
    endloop
  endfacet
  facet normal 0.442288690219009 -0.8968727415326844 0
    outer loop
      vertex 66.77164570954363 -50.095150584360894 2.3999999999999986
      vertex 66.625 -50.167468245269454 2.3999999999999986
      vertex 66.625 -50.167468245269454 0
    endloop
  endfacet
  facet normal 0.3214394653031477 -0.9469301294951105 0
    outer loop
      vertex 66.92647619362185 -50.04259271713867 2.3999999999999986
      vertex 66.77164570954363 -50.095150584360894 2.3999999999999986
      vertex 66.77164570954363 -50.095150584360894 0
    endloop
  endfacet
  facet normal 0.19509032201615126 -0.9807852804032258 0
    outer loop
      vertex 67.08684225972493 -50.01069392328274 2.3999999999999986
      vertex 66.92647619362185 -50.04259271713867 2.3999999999999986
      vertex 66.92647619362185 -50.04259271713867 0
    endloop
  endfacet
  facet normal 0.0654031292301431 -0.9978589232386034 0
    outer loop
      vertex 67.25 -50 2.3999999999999986
      vertex 67.08684225972493 -50.01069392328274 2.3999999999999986
      vertex 67.08684225972493 -50.01069392328274 0
    endloop
  endfacet
  facet normal 0.8314696123025206 -0.5555702330196393 0
    outer loop
      vertex 66.25830832463596 -50.489048213739096 2.3999999999999986
      vertex 66.16746824526945 -50.625 2.3999999999999986
      vertex 66.16746824526945 -50.625 0
    endloop
  endfacet
  facet normal 0.7518398074790094 -0.6593458151000325 0
    outer loop
      vertex 66.36611652351681 -50.366116523516816 2.3999999999999986
      vertex 66.25830832463596 -50.489048213739096 2.3999999999999986
      vertex 66.25830832463596 -50.489048213739096 0
    endloop
  endfacet
  facet normal 0.8968727415327102 -0.44228869021895684 0
    outer loop
      vertex 66.16746824526945 -50.625 2.3999999999999986
      vertex 66.0951505843609 -50.77164570954364 2.3999999999999986
      vertex 66.0951505843609 -50.77164570954364 0
    endloop
  endfacet
  facet normal 0.9469301294950926 -0.3214394653031999 0
    outer loop
      vertex 66.0951505843609 -50.77164570954364 2.3999999999999986
      vertex 66.04259271713866 -50.92647619362185 2.3999999999999986
      vertex 66.04259271713866 -50.92647619362185 0
    endloop
  endfacet
  facet normal 0.9807852804032258 -0.19509032201615126 0
    outer loop
      vertex 66.04259271713866 -50.92647619362185 2.3999999999999986
      vertex 66.01069392328273 -51.08684225972493 2.3999999999999986
      vertex 66.01069392328273 -51.08684225972493 0
    endloop
  endfacet
  facet normal 0.9978589232386063 -0.06540312923009983 0
    outer loop
      vertex 66.01069392328273 -51.08684225972493 2.3999999999999986
      vertex 66 -51.25 2.3999999999999986
      vertex 66 -51.25 0
    endloop
  endfacet
  facet normal -0.0654031292301431 -0.9978589232386034 0
    outer loop
      vertex 67.41315774027507 -50.01069392328274 2.3999999999999986
      vertex 67.25 -50 2.3999999999999986
      vertex 67.25 -50 0
    endloop
  endfacet
  facet normal -0.19509032201615126 -0.9807852804032258 0
    outer loop
      vertex 67.57352380637815 -50.04259271713867 2.3999999999999986
      vertex 67.41315774027507 -50.01069392328274 2.3999999999999986
      vertex 67.41315774027507 -50.01069392328274 0
    endloop
  endfacet
  facet normal -0.3214394653031477 -0.9469301294951105 0
    outer loop
      vertex 67.72835429045637 -50.095150584360894 2.3999999999999986
      vertex 67.57352380637815 -50.04259271713867 2.3999999999999986
      vertex 67.57352380637815 -50.04259271713867 0
    endloop
  endfacet
  facet normal -0.442288690219009 -0.8968727415326844 0
    outer loop
      vertex 67.875 -50.167468245269454 2.3999999999999986
      vertex 67.72835429045637 -50.095150584360894 2.3999999999999986
      vertex 67.72835429045637 -50.095150584360894 0
    endloop
  endfacet
  facet normal -0.5555702330195792 -0.8314696123025607 0
    outer loop
      vertex 68.0109517862609 -50.258308324635955 2.3999999999999986
      vertex 67.875 -50.167468245269454 2.3999999999999986
      vertex 67.875 -50.167468245269454 0
    endloop
  endfacet
  facet normal -0.6593458151000601 -0.7518398074789852 0
    outer loop
      vertex 68.13388347648319 -50.366116523516816 2.3999999999999986
      vertex 68.0109517862609 -50.258308324635955 2.3999999999999986
      vertex 68.0109517862609 -50.258308324635955 0
    endloop
  endfacet
  facet normal -0.7518398074790094 -0.6593458151000325 0
    outer loop
      vertex 68.24169167536404 -50.489048213739096 2.3999999999999986
      vertex 68.13388347648319 -50.366116523516816 2.3999999999999986
      vertex 68.13388347648319 -50.366116523516816 0
    endloop
  endfacet
  facet normal -0.8314696123025206 -0.5555702330196393 0
    outer loop
      vertex 68.33253175473055 -50.625 2.3999999999999986
      vertex 68.24169167536404 -50.489048213739096 2.3999999999999986
      vertex 68.24169167536404 -50.489048213739096 0
    endloop
  endfacet
  facet normal -0.8968727415327102 -0.44228869021895684 0
    outer loop
      vertex 68.4048494156391 -50.77164570954364 2.3999999999999986
      vertex 68.33253175473055 -50.625 2.3999999999999986
      vertex 68.33253175473055 -50.625 0
    endloop
  endfacet
  facet normal -0.9469301294950926 -0.3214394653031999 0
    outer loop
      vertex 68.45740728286134 -50.92647619362185 2.3999999999999986
      vertex 68.4048494156391 -50.77164570954364 2.3999999999999986
      vertex 68.4048494156391 -50.77164570954364 0
    endloop
  endfacet
  facet normal -0.9807852804032258 -0.19509032201615126 0
    outer loop
      vertex 68.48930607671727 -51.08684225972493 2.3999999999999986
      vertex 68.45740728286134 -50.92647619362185 2.3999999999999986
      vertex 68.45740728286134 -50.92647619362185 0
    endloop
  endfacet
  facet normal -0.9978589232386063 -0.06540312923009983 0
    outer loop
      vertex 68.5 -51.25 2.3999999999999986
      vertex 68.48930607671727 -51.08684225972493 2.3999999999999986
      vertex 68.48930607671727 -51.08684225972493 0
    endloop
  endfacet
  facet normal 0.442288690219009 -0.8968727415326844 0
    outer loop
      vertex 66.77164570954363 -50.095150584360894 2.3999999999999986
      vertex 66.625 -50.167468245269454 0
      vertex 66.77164570954363 -50.095150584360894 0
    endloop
  endfacet
  facet normal 0.5555702330195792 -0.8314696123025607 0
    outer loop
      vertex 66.625 -50.167468245269454 2.3999999999999986
      vertex 66.4890482137391 -50.258308324635955 0
      vertex 66.625 -50.167468245269454 0
    endloop
  endfacet
  facet normal 0.6593458151000601 -0.7518398074789852 0
    outer loop
      vertex 66.4890482137391 -50.258308324635955 2.3999999999999986
      vertex 66.36611652351681 -50.366116523516816 0
      vertex 66.4890482137391 -50.258308324635955 0
    endloop
  endfacet
  facet normal 0.3214394653031477 -0.9469301294951105 0
    outer loop
      vertex 66.92647619362185 -50.04259271713867 2.3999999999999986
      vertex 66.77164570954363 -50.095150584360894 0
      vertex 66.92647619362185 -50.04259271713867 0
    endloop
  endfacet
  facet normal 0.0654031292301431 -0.9978589232386034 0
    outer loop
      vertex 67.25 -50 2.3999999999999986
      vertex 67.08684225972493 -50.01069392328274 0
      vertex 67.25 -50 0
    endloop
  endfacet
  facet normal 0.19509032201615126 -0.9807852804032258 0
    outer loop
      vertex 67.08684225972493 -50.01069392328274 2.3999999999999986
      vertex 66.92647619362185 -50.04259271713867 0
      vertex 67.08684225972493 -50.01069392328274 0
    endloop
  endfacet
  facet normal 0.7518398074790094 -0.6593458151000325 0
    outer loop
      vertex 66.36611652351681 -50.366116523516816 2.3999999999999986
      vertex 66.25830832463596 -50.489048213739096 0
      vertex 66.36611652351681 -50.366116523516816 0
    endloop
  endfacet
  facet normal 0.8314696123025206 -0.5555702330196393 0
    outer loop
      vertex 66.25830832463596 -50.489048213739096 2.3999999999999986
      vertex 66.16746824526945 -50.625 0
      vertex 66.25830832463596 -50.489048213739096 0
    endloop
  endfacet
  facet normal 0.8968727415327102 -0.44228869021895684 0
    outer loop
      vertex 66.16746824526945 -50.625 2.3999999999999986
      vertex 66.0951505843609 -50.77164570954364 0
      vertex 66.16746824526945 -50.625 0
    endloop
  endfacet
  facet normal 0.9469301294950926 -0.3214394653031999 0
    outer loop
      vertex 66.0951505843609 -50.77164570954364 2.3999999999999986
      vertex 66.04259271713866 -50.92647619362185 0
      vertex 66.0951505843609 -50.77164570954364 0
    endloop
  endfacet
  facet normal 0.9807852804032258 -0.19509032201615126 0
    outer loop
      vertex 66.04259271713866 -50.92647619362185 2.3999999999999986
      vertex 66.01069392328273 -51.08684225972493 0
      vertex 66.04259271713866 -50.92647619362185 0
    endloop
  endfacet
  facet normal 0.9978589232386063 -0.06540312923009983 0
    outer loop
      vertex 66.01069392328273 -51.08684225972493 2.3999999999999986
      vertex 66 -51.25 0
      vertex 66.01069392328273 -51.08684225972493 0
    endloop
  endfacet
  facet normal -0.0654031292301431 -0.9978589232386034 0
    outer loop
      vertex 67.41315774027507 -50.01069392328274 2.3999999999999986
      vertex 67.25 -50 0
      vertex 67.41315774027507 -50.01069392328274 0
    endloop
  endfacet
  facet normal -0.19509032201615126 -0.9807852804032258 0
    outer loop
      vertex 67.57352380637815 -50.04259271713867 2.3999999999999986
      vertex 67.41315774027507 -50.01069392328274 0
      vertex 67.57352380637815 -50.04259271713867 0
    endloop
  endfacet
  facet normal -0.3214394653031477 -0.9469301294951105 0
    outer loop
      vertex 67.72835429045637 -50.095150584360894 2.3999999999999986
      vertex 67.57352380637815 -50.04259271713867 0
      vertex 67.72835429045637 -50.095150584360894 0
    endloop
  endfacet
  facet normal -0.442288690219009 -0.8968727415326844 0
    outer loop
      vertex 67.875 -50.167468245269454 2.3999999999999986
      vertex 67.72835429045637 -50.095150584360894 0
      vertex 67.875 -50.167468245269454 0
    endloop
  endfacet
  facet normal -0.5555702330195792 -0.8314696123025607 0
    outer loop
      vertex 68.0109517862609 -50.258308324635955 2.3999999999999986
      vertex 67.875 -50.167468245269454 0
      vertex 68.0109517862609 -50.258308324635955 0
    endloop
  endfacet
  facet normal -0.6593458151000601 -0.7518398074789852 0
    outer loop
      vertex 68.13388347648319 -50.366116523516816 2.3999999999999986
      vertex 68.0109517862609 -50.258308324635955 0
      vertex 68.13388347648319 -50.366116523516816 0
    endloop
  endfacet
  facet normal -0.7518398074790094 -0.6593458151000325 0
    outer loop
      vertex 68.24169167536404 -50.489048213739096 2.3999999999999986
      vertex 68.13388347648319 -50.366116523516816 0
      vertex 68.24169167536404 -50.489048213739096 0
    endloop
  endfacet
  facet normal -0.8314696123025206 -0.5555702330196393 0
    outer loop
      vertex 68.33253175473055 -50.625 2.3999999999999986
      vertex 68.24169167536404 -50.489048213739096 0
      vertex 68.33253175473055 -50.625 0
    endloop
  endfacet
  facet normal -0.8968727415327102 -0.44228869021895684 0
    outer loop
      vertex 68.4048494156391 -50.77164570954364 2.3999999999999986
      vertex 68.33253175473055 -50.625 0
      vertex 68.4048494156391 -50.77164570954364 0
    endloop
  endfacet
  facet normal -0.9469301294950926 -0.3214394653031999 0
    outer loop
      vertex 68.45740728286134 -50.92647619362185 2.3999999999999986
      vertex 68.4048494156391 -50.77164570954364 0
      vertex 68.45740728286134 -50.92647619362185 0
    endloop
  endfacet
  facet normal -0.9807852804032258 -0.19509032201615126 0
    outer loop
      vertex 68.48930607671727 -51.08684225972493 2.3999999999999986
      vertex 68.45740728286134 -50.92647619362185 0
      vertex 68.48930607671727 -51.08684225972493 0
    endloop
  endfacet
  facet normal -0.9978589232386063 -0.06540312923009983 0
    outer loop
      vertex 68.5 -51.25 2.3999999999999986
      vertex 68.48930607671727 -51.08684225972493 0
      vertex 68.5 -51.25 0
    endloop
  endfacet
  facet normal -1 0 0
    outer loop
      vertex 68.5 -110.85 2.3999999999999986
      vertex 68.5 -51.25 2.3999999999999986
      vertex 68.5 -51.25 0
    endloop
  endfacet
  facet normal 1 0 0
    outer loop
      vertex 66 -110.85 0
      vertex 66 -51.25 0
      vertex 66 -51.25 2.3999999999999986
    endloop
  endfacet
  facet normal 1 0 0
    outer loop
      vertex 66 -51.25 2.3999999999999986
      vertex 66 -110.85 2.3999999999999986
      vertex 66 -110.85 0
    endloop
  endfacet
  facet normal -1 0 0
    outer loop
      vertex 68.5 -51.25 0
      vertex 68.5 -110.85 0
      vertex 68.5 -110.85 2.3999999999999986
    endloop
  endfacet
  facet normal 0.9978589232386063 0.06540312923009983 0
    outer loop
      vertex 66 -110.85 2.3999999999999986
      vertex 66.01069392328273 -111.01315774027506 2.3999999999999986
      vertex 66.01069392328273 -111.01315774027506 0
    endloop
  endfacet
  facet normal 0.9807852804032258 0.19509032201615126 0
    outer loop
      vertex 66.01069392328273 -111.01315774027506 2.3999999999999986
      vertex 66.04259271713866 -111.17352380637814 2.3999999999999986
      vertex 66.04259271713866 -111.17352380637814 0
    endloop
  endfacet
  facet normal 0.9469301294950973 0.3214394653031866 0
    outer loop
      vertex 66.04259271713866 -111.17352380637814 2.3999999999999986
      vertex 66.0951505843609 -111.32835429045636 2.3999999999999986
      vertex 66.0951505843609 -111.32835429045636 0
    endloop
  endfacet
  facet normal 0.8968727415327017 0.4422886902189741 0
    outer loop
      vertex 66.0951505843609 -111.32835429045636 2.3999999999999986
      vertex 66.16746824526945 -111.475 2.3999999999999986
      vertex 66.16746824526945 -111.475 0
    endloop
  endfacet
  facet normal 0.8314696123025206 0.5555702330196393 0
    outer loop
      vertex 66.16746824526945 -111.475 2.3999999999999986
      vertex 66.25830832463596 -111.6109517862609 2.3999999999999986
      vertex 66.25830832463596 -111.6109517862609 0
    endloop
  endfacet
  facet normal 0.7518398074790282 0.659345815100011 0
    outer loop
      vertex 66.25830832463596 -111.6109517862609 2.3999999999999986
      vertex 66.36611652351681 -111.73388347648319 2.3999999999999986
      vertex 66.36611652351681 -111.73388347648319 0
    endloop
  endfacet
  facet normal 0.659345815100011 0.7518398074790282 0
    outer loop
      vertex 66.36611652351681 -111.73388347648319 2.3999999999999986
      vertex 66.4890482137391 -111.84169167536403 2.3999999999999986
      vertex 66.4890482137391 -111.84169167536403 0
    endloop
  endfacet
  facet normal 0.5555702330196393 0.8314696123025206 0
    outer loop
      vertex 66.4890482137391 -111.84169167536403 2.3999999999999986
      vertex 66.625 -111.93253175473055 2.3999999999999986
      vertex 66.625 -111.93253175473055 0
    endloop
  endfacet
  facet normal 0.4422886902189741 0.8968727415327017 0
    outer loop
      vertex 66.625 -111.93253175473055 2.3999999999999986
      vertex 66.77164570954363 -112.0048494156391 2.3999999999999986
      vertex 66.77164570954363 -112.0048494156391 0
    endloop
  endfacet
  facet normal 0.3214394653031866 0.9469301294950973 0
    outer loop
      vertex 66.77164570954363 -112.0048494156391 2.3999999999999986
      vertex 66.92647619362185 -112.05740728286133 2.3999999999999986
      vertex 66.92647619362185 -112.05740728286133 0
    endloop
  endfacet
  facet normal 0.19509032201615126 0.9807852804032258 0
    outer loop
      vertex 66.92647619362185 -112.05740728286133 2.3999999999999986
      vertex 67.08684225972493 -112.08930607671726 2.3999999999999986
      vertex 67.08684225972493 -112.08930607671726 0
    endloop
  endfacet
  facet normal 0.06540312923009983 0.9978589232386063 0
    outer loop
      vertex 67.08684225972493 -112.08930607671726 2.3999999999999986
      vertex 67.25 -112.1 2.3999999999999986
      vertex 67.25 -112.1 0
    endloop
  endfacet
  facet normal -0.9978589232386063 0.06540312923009983 0
    outer loop
      vertex 68.48930607671727 -111.01315774027506 2.3999999999999986
      vertex 68.5 -110.85 2.3999999999999986
      vertex 68.5 -110.85 0
    endloop
  endfacet
  facet normal -0.9807852804032258 0.19509032201615126 0
    outer loop
      vertex 68.45740728286134 -111.17352380637814 2.3999999999999986
      vertex 68.48930607671727 -111.01315774027506 2.3999999999999986
      vertex 68.48930607671727 -111.01315774027506 0
    endloop
  endfacet
  facet normal -0.9469301294950973 0.3214394653031866 0
    outer loop
      vertex 68.4048494156391 -111.32835429045636 2.3999999999999986
      vertex 68.45740728286134 -111.17352380637814 2.3999999999999986
      vertex 68.45740728286134 -111.17352380637814 0
    endloop
  endfacet
  facet normal -0.8968727415327017 0.4422886902189741 0
    outer loop
      vertex 68.33253175473055 -111.475 2.3999999999999986
      vertex 68.4048494156391 -111.32835429045636 2.3999999999999986
      vertex 68.4048494156391 -111.32835429045636 0
    endloop
  endfacet
  facet normal -0.8314696123025206 0.5555702330196393 0
    outer loop
      vertex 68.24169167536404 -111.6109517862609 2.3999999999999986
      vertex 68.33253175473055 -111.475 2.3999999999999986
      vertex 68.33253175473055 -111.475 0
    endloop
  endfacet
  facet normal -0.7518398074790282 0.659345815100011 0
    outer loop
      vertex 68.13388347648319 -111.73388347648319 2.3999999999999986
      vertex 68.24169167536404 -111.6109517862609 2.3999999999999986
      vertex 68.24169167536404 -111.6109517862609 0
    endloop
  endfacet
  facet normal -0.06540312923009983 0.9978589232386063 0
    outer loop
      vertex 67.25 -112.1 2.3999999999999986
      vertex 67.41315774027507 -112.08930607671726 2.3999999999999986
      vertex 67.41315774027507 -112.08930607671726 0
    endloop
  endfacet
  facet normal -0.19509032201615126 0.9807852804032258 0
    outer loop
      vertex 67.41315774027507 -112.08930607671726 2.3999999999999986
      vertex 67.57352380637815 -112.05740728286133 2.3999999999999986
      vertex 67.57352380637815 -112.05740728286133 0
    endloop
  endfacet
  facet normal -0.5555702330196393 0.8314696123025206 0
    outer loop
      vertex 67.875 -111.93253175473055 2.3999999999999986
      vertex 68.0109517862609 -111.84169167536403 2.3999999999999986
      vertex 68.0109517862609 -111.84169167536403 0
    endloop
  endfacet
  facet normal -0.4422886902189741 0.8968727415327017 0
    outer loop
      vertex 67.72835429045637 -112.0048494156391 2.3999999999999986
      vertex 67.875 -111.93253175473055 2.3999999999999986
      vertex 67.875 -111.93253175473055 0
    endloop
  endfacet
  facet normal -0.3214394653031866 0.9469301294950973 0
    outer loop
      vertex 67.57352380637815 -112.05740728286133 2.3999999999999986
      vertex 67.72835429045637 -112.0048494156391 2.3999999999999986
      vertex 67.72835429045637 -112.0048494156391 0
    endloop
  endfacet
  facet normal -0.659345815100011 0.7518398074790282 0
    outer loop
      vertex 68.0109517862609 -111.84169167536403 2.3999999999999986
      vertex 68.13388347648319 -111.73388347648319 2.3999999999999986
      vertex 68.13388347648319 -111.73388347648319 0
    endloop
  endfacet
  facet normal 0.9978589232386063 0.06540312923009983 0
    outer loop
      vertex 66 -110.85 2.3999999999999986
      vertex 66.01069392328273 -111.01315774027506 0
      vertex 66 -110.85 0
    endloop
  endfacet
  facet normal 0.9807852804032258 0.19509032201615126 0
    outer loop
      vertex 66.01069392328273 -111.01315774027506 2.3999999999999986
      vertex 66.04259271713866 -111.17352380637814 0
      vertex 66.01069392328273 -111.01315774027506 0
    endloop
  endfacet
  facet normal 0.9469301294950973 0.3214394653031866 0
    outer loop
      vertex 66.04259271713866 -111.17352380637814 2.3999999999999986
      vertex 66.0951505843609 -111.32835429045636 0
      vertex 66.04259271713866 -111.17352380637814 0
    endloop
  endfacet
  facet normal 0.8968727415327017 0.4422886902189741 0
    outer loop
      vertex 66.0951505843609 -111.32835429045636 2.3999999999999986
      vertex 66.16746824526945 -111.475 0
      vertex 66.0951505843609 -111.32835429045636 0
    endloop
  endfacet
  facet normal 0.8314696123025206 0.5555702330196393 0
    outer loop
      vertex 66.16746824526945 -111.475 2.3999999999999986
      vertex 66.25830832463596 -111.6109517862609 0
      vertex 66.16746824526945 -111.475 0
    endloop
  endfacet
  facet normal 0.7518398074790282 0.659345815100011 0
    outer loop
      vertex 66.25830832463596 -111.6109517862609 2.3999999999999986
      vertex 66.36611652351681 -111.73388347648319 0
      vertex 66.25830832463596 -111.6109517862609 0
    endloop
  endfacet
  facet normal 0.659345815100011 0.7518398074790282 0
    outer loop
      vertex 66.36611652351681 -111.73388347648319 2.3999999999999986
      vertex 66.4890482137391 -111.84169167536403 0
      vertex 66.36611652351681 -111.73388347648319 0
    endloop
  endfacet
  facet normal 0.5555702330196393 0.8314696123025206 0
    outer loop
      vertex 66.4890482137391 -111.84169167536403 2.3999999999999986
      vertex 66.625 -111.93253175473055 0
      vertex 66.4890482137391 -111.84169167536403 0
    endloop
  endfacet
  facet normal 0.4422886902189741 0.8968727415327017 0
    outer loop
      vertex 66.625 -111.93253175473055 2.3999999999999986
      vertex 66.77164570954363 -112.0048494156391 0
      vertex 66.625 -111.93253175473055 0
    endloop
  endfacet
  facet normal 0.3214394653031866 0.9469301294950973 0
    outer loop
      vertex 66.77164570954363 -112.0048494156391 2.3999999999999986
      vertex 66.92647619362185 -112.05740728286133 0
      vertex 66.77164570954363 -112.0048494156391 0
    endloop
  endfacet
  facet normal 0.19509032201615126 0.9807852804032258 0
    outer loop
      vertex 66.92647619362185 -112.05740728286133 2.3999999999999986
      vertex 67.08684225972493 -112.08930607671726 0
      vertex 66.92647619362185 -112.05740728286133 0
    endloop
  endfacet
  facet normal 0.06540312923009983 0.9978589232386063 0
    outer loop
      vertex 67.08684225972493 -112.08930607671726 2.3999999999999986
      vertex 67.25 -112.1 0
      vertex 67.08684225972493 -112.08930607671726 0
    endloop
  endfacet
  facet normal -0.9978589232386063 0.06540312923009983 0
    outer loop
      vertex 68.48930607671727 -111.01315774027506 2.3999999999999986
      vertex 68.5 -110.85 0
      vertex 68.48930607671727 -111.01315774027506 0
    endloop
  endfacet
  facet normal -0.9807852804032258 0.19509032201615126 0
    outer loop
      vertex 68.45740728286134 -111.17352380637814 2.3999999999999986
      vertex 68.48930607671727 -111.01315774027506 0
      vertex 68.45740728286134 -111.17352380637814 0
    endloop
  endfacet
  facet normal -0.9469301294950973 0.3214394653031866 0
    outer loop
      vertex 68.4048494156391 -111.32835429045636 2.3999999999999986
      vertex 68.45740728286134 -111.17352380637814 0
      vertex 68.4048494156391 -111.32835429045636 0
    endloop
  endfacet
  facet normal -0.8968727415327017 0.4422886902189741 0
    outer loop
      vertex 68.33253175473055 -111.475 2.3999999999999986
      vertex 68.4048494156391 -111.32835429045636 0
      vertex 68.33253175473055 -111.475 0
    endloop
  endfacet
  facet normal -0.7518398074790282 0.659345815100011 0
    outer loop
      vertex 68.13388347648319 -111.73388347648319 2.3999999999999986
      vertex 68.24169167536404 -111.6109517862609 0
      vertex 68.13388347648319 -111.73388347648319 0
    endloop
  endfacet
  facet normal -0.8314696123025206 0.5555702330196393 0
    outer loop
      vertex 68.24169167536404 -111.6109517862609 2.3999999999999986
      vertex 68.33253175473055 -111.475 0
      vertex 68.24169167536404 -111.6109517862609 0
    endloop
  endfacet
  facet normal -0.06540312923009983 0.9978589232386063 0
    outer loop
      vertex 67.25 -112.1 2.3999999999999986
      vertex 67.41315774027507 -112.08930607671726 0
      vertex 67.25 -112.1 0
    endloop
  endfacet
  facet normal -0.19509032201615126 0.9807852804032258 0
    outer loop
      vertex 67.41315774027507 -112.08930607671726 2.3999999999999986
      vertex 67.57352380637815 -112.05740728286133 0
      vertex 67.41315774027507 -112.08930607671726 0
    endloop
  endfacet
  facet normal -0.4422886902189741 0.8968727415327017 0
    outer loop
      vertex 67.72835429045637 -112.0048494156391 2.3999999999999986
      vertex 67.875 -111.93253175473055 0
      vertex 67.72835429045637 -112.0048494156391 0
    endloop
  endfacet
  facet normal -0.5555702330196393 0.8314696123025206 0
    outer loop
      vertex 67.875 -111.93253175473055 2.3999999999999986
      vertex 68.0109517862609 -111.84169167536403 0
      vertex 67.875 -111.93253175473055 0
    endloop
  endfacet
  facet normal -0.3214394653031866 0.9469301294950973 0
    outer loop
      vertex 67.57352380637815 -112.05740728286133 2.3999999999999986
      vertex 67.72835429045637 -112.0048494156391 0
      vertex 67.57352380637815 -112.05740728286133 0
    endloop
  endfacet
  facet normal -0.659345815100011 0.7518398074790282 0
    outer loop
      vertex 68.0109517862609 -111.84169167536403 2.3999999999999986
      vertex 68.13388347648319 -111.73388347648319 0
      vertex 68.0109517862609 -111.84169167536403 0
    endloop
  endfacet
  facet normal 0.5555702330195792 -0.8314696123025607 0
    outer loop
      vertex 72.625 -50.167468245269454 2.3999999999999986
      vertex 72.4890482137391 -50.258308324635955 2.3999999999999986
      vertex 72.4890482137391 -50.258308324635955 0
    endloop
  endfacet
  facet normal 0.6593458151000601 -0.7518398074789852 0
    outer loop
      vertex 72.4890482137391 -50.258308324635955 2.3999999999999986
      vertex 72.36611652351681 -50.366116523516816 2.3999999999999986
      vertex 72.36611652351681 -50.366116523516816 0
    endloop
  endfacet
  facet normal 0.442288690219009 -0.8968727415326844 0
    outer loop
      vertex 72.77164570954363 -50.095150584360894 2.3999999999999986
      vertex 72.625 -50.167468245269454 2.3999999999999986
      vertex 72.625 -50.167468245269454 0
    endloop
  endfacet
  facet normal 0.3214394653031477 -0.9469301294951105 0
    outer loop
      vertex 72.92647619362185 -50.04259271713867 2.3999999999999986
      vertex 72.77164570954363 -50.095150584360894 2.3999999999999986
      vertex 72.77164570954363 -50.095150584360894 0
    endloop
  endfacet
  facet normal 0.19509032201615126 -0.9807852804032258 0
    outer loop
      vertex 73.08684225972493 -50.01069392328274 2.3999999999999986
      vertex 72.92647619362185 -50.04259271713867 2.3999999999999986
      vertex 72.92647619362185 -50.04259271713867 0
    endloop
  endfacet
  facet normal 0.0654031292301431 -0.9978589232386034 0
    outer loop
      vertex 73.25 -50 2.3999999999999986
      vertex 73.08684225972493 -50.01069392328274 2.3999999999999986
      vertex 73.08684225972493 -50.01069392328274 0
    endloop
  endfacet
  facet normal -0.0654031292301431 -0.9978589232386034 0
    outer loop
      vertex 73.41315774027507 -50.01069392328274 2.3999999999999986
      vertex 73.25 -50 2.3999999999999986
      vertex 73.25 -50 0
    endloop
  endfacet
  facet normal -0.19509032201615126 -0.9807852804032258 0
    outer loop
      vertex 73.57352380637815 -50.04259271713867 2.3999999999999986
      vertex 73.41315774027507 -50.01069392328274 2.3999999999999986
      vertex 73.41315774027507 -50.01069392328274 0
    endloop
  endfacet
  facet normal 0.8314696123025206 -0.5555702330196393 0
    outer loop
      vertex 72.25830832463596 -50.489048213739096 2.3999999999999986
      vertex 72.16746824526945 -50.625 2.3999999999999986
      vertex 72.16746824526945 -50.625 0
    endloop
  endfacet
  facet normal 0.7518398074790094 -0.6593458151000325 0
    outer loop
      vertex 72.36611652351681 -50.366116523516816 2.3999999999999986
      vertex 72.25830832463596 -50.489048213739096 2.3999999999999986
      vertex 72.25830832463596 -50.489048213739096 0
    endloop
  endfacet
  facet normal 0.8968727415327102 -0.44228869021895684 0
    outer loop
      vertex 72.16746824526945 -50.625 2.3999999999999986
      vertex 72.0951505843609 -50.77164570954364 2.3999999999999986
      vertex 72.0951505843609 -50.77164570954364 0
    endloop
  endfacet
  facet normal 0.9469301294950926 -0.3214394653031999 0
    outer loop
      vertex 72.0951505843609 -50.77164570954364 2.3999999999999986
      vertex 72.04259271713866 -50.92647619362185 2.3999999999999986
      vertex 72.04259271713866 -50.92647619362185 0
    endloop
  endfacet
  facet normal 0.9807852804032258 -0.19509032201615126 0
    outer loop
      vertex 72.04259271713866 -50.92647619362185 2.3999999999999986
      vertex 72.01069392328273 -51.08684225972493 2.3999999999999986
      vertex 72.01069392328273 -51.08684225972493 0
    endloop
  endfacet
  facet normal 0.9978589232386063 -0.06540312923009983 0
    outer loop
      vertex 72.01069392328273 -51.08684225972493 2.3999999999999986
      vertex 72 -51.25 2.3999999999999986
      vertex 72 -51.25 0
    endloop
  endfacet
  facet normal -0.3214394653031477 -0.9469301294951105 0
    outer loop
      vertex 73.72835429045637 -50.095150584360894 2.3999999999999986
      vertex 73.57352380637815 -50.04259271713867 2.3999999999999986
      vertex 73.57352380637815 -50.04259271713867 0
    endloop
  endfacet
  facet normal -0.442288690219009 -0.8968727415326844 0
    outer loop
      vertex 73.875 -50.167468245269454 2.3999999999999986
      vertex 73.72835429045637 -50.095150584360894 2.3999999999999986
      vertex 73.72835429045637 -50.095150584360894 0
    endloop
  endfacet
  facet normal -0.5555702330195792 -0.8314696123025607 0
    outer loop
      vertex 74.0109517862609 -50.258308324635955 2.3999999999999986
      vertex 73.875 -50.167468245269454 2.3999999999999986
      vertex 73.875 -50.167468245269454 0
    endloop
  endfacet
  facet normal -0.6593458151000601 -0.7518398074789852 0
    outer loop
      vertex 74.13388347648319 -50.366116523516816 2.3999999999999986
      vertex 74.0109517862609 -50.258308324635955 2.3999999999999986
      vertex 74.0109517862609 -50.258308324635955 0
    endloop
  endfacet
  facet normal -0.7518398074790094 -0.6593458151000325 0
    outer loop
      vertex 74.24169167536404 -50.489048213739096 2.3999999999999986
      vertex 74.13388347648319 -50.366116523516816 2.3999999999999986
      vertex 74.13388347648319 -50.366116523516816 0
    endloop
  endfacet
  facet normal -0.8314696123025206 -0.5555702330196393 0
    outer loop
      vertex 74.33253175473055 -50.625 2.3999999999999986
      vertex 74.24169167536404 -50.489048213739096 2.3999999999999986
      vertex 74.24169167536404 -50.489048213739096 0
    endloop
  endfacet
  facet normal -0.8968727415327102 -0.44228869021895684 0
    outer loop
      vertex 74.4048494156391 -50.77164570954364 2.3999999999999986
      vertex 74.33253175473055 -50.625 2.3999999999999986
      vertex 74.33253175473055 -50.625 0
    endloop
  endfacet
  facet normal -0.9469301294950926 -0.3214394653031999 0
    outer loop
      vertex 74.45740728286134 -50.92647619362185 2.3999999999999986
      vertex 74.4048494156391 -50.77164570954364 2.3999999999999986
      vertex 74.4048494156391 -50.77164570954364 0
    endloop
  endfacet
  facet normal -0.9807852804032258 -0.19509032201615126 0
    outer loop
      vertex 74.48930607671727 -51.08684225972493 2.3999999999999986
      vertex 74.45740728286134 -50.92647619362185 2.3999999999999986
      vertex 74.45740728286134 -50.92647619362185 0
    endloop
  endfacet
  facet normal -0.9978589232386063 -0.06540312923009983 0
    outer loop
      vertex 74.5 -51.25 2.3999999999999986
      vertex 74.48930607671727 -51.08684225972493 2.3999999999999986
      vertex 74.48930607671727 -51.08684225972493 0
    endloop
  endfacet
  facet normal 0.442288690219009 -0.8968727415326844 0
    outer loop
      vertex 72.77164570954363 -50.095150584360894 2.3999999999999986
      vertex 72.625 -50.167468245269454 0
      vertex 72.77164570954363 -50.095150584360894 0
    endloop
  endfacet
  facet normal 0.5555702330195792 -0.8314696123025607 0
    outer loop
      vertex 72.625 -50.167468245269454 2.3999999999999986
      vertex 72.4890482137391 -50.258308324635955 0
      vertex 72.625 -50.167468245269454 0
    endloop
  endfacet
  facet normal 0.6593458151000601 -0.7518398074789852 0
    outer loop
      vertex 72.4890482137391 -50.258308324635955 2.3999999999999986
      vertex 72.36611652351681 -50.366116523516816 0
      vertex 72.4890482137391 -50.258308324635955 0
    endloop
  endfacet
  facet normal 0.3214394653031477 -0.9469301294951105 0
    outer loop
      vertex 72.92647619362185 -50.04259271713867 2.3999999999999986
      vertex 72.77164570954363 -50.095150584360894 0
      vertex 72.92647619362185 -50.04259271713867 0
    endloop
  endfacet
  facet normal 0.0654031292301431 -0.9978589232386034 0
    outer loop
      vertex 73.25 -50 2.3999999999999986
      vertex 73.08684225972493 -50.01069392328274 0
      vertex 73.25 -50 0
    endloop
  endfacet
  facet normal 0.19509032201615126 -0.9807852804032258 0
    outer loop
      vertex 73.08684225972493 -50.01069392328274 2.3999999999999986
      vertex 72.92647619362185 -50.04259271713867 0
      vertex 73.08684225972493 -50.01069392328274 0
    endloop
  endfacet
  facet normal -0.0654031292301431 -0.9978589232386034 0
    outer loop
      vertex 73.41315774027507 -50.01069392328274 2.3999999999999986
      vertex 73.25 -50 0
      vertex 73.41315774027507 -50.01069392328274 0
    endloop
  endfacet
  facet normal -0.19509032201615126 -0.9807852804032258 0
    outer loop
      vertex 73.57352380637815 -50.04259271713867 2.3999999999999986
      vertex 73.41315774027507 -50.01069392328274 0
      vertex 73.57352380637815 -50.04259271713867 0
    endloop
  endfacet
  facet normal 0.7518398074790094 -0.6593458151000325 0
    outer loop
      vertex 72.36611652351681 -50.366116523516816 2.3999999999999986
      vertex 72.25830832463596 -50.489048213739096 0
      vertex 72.36611652351681 -50.366116523516816 0
    endloop
  endfacet
  facet normal 0.8314696123025206 -0.5555702330196393 0
    outer loop
      vertex 72.25830832463596 -50.489048213739096 2.3999999999999986
      vertex 72.16746824526945 -50.625 0
      vertex 72.25830832463596 -50.489048213739096 0
    endloop
  endfacet
  facet normal 0.8968727415327102 -0.44228869021895684 0
    outer loop
      vertex 72.16746824526945 -50.625 2.3999999999999986
      vertex 72.0951505843609 -50.77164570954364 0
      vertex 72.16746824526945 -50.625 0
    endloop
  endfacet
  facet normal 0.9469301294950926 -0.3214394653031999 0
    outer loop
      vertex 72.0951505843609 -50.77164570954364 2.3999999999999986
      vertex 72.04259271713866 -50.92647619362185 0
      vertex 72.0951505843609 -50.77164570954364 0
    endloop
  endfacet
  facet normal 0.9807852804032258 -0.19509032201615126 0
    outer loop
      vertex 72.04259271713866 -50.92647619362185 2.3999999999999986
      vertex 72.01069392328273 -51.08684225972493 0
      vertex 72.04259271713866 -50.92647619362185 0
    endloop
  endfacet
  facet normal 0.9978589232386063 -0.06540312923009983 0
    outer loop
      vertex 72.01069392328273 -51.08684225972493 2.3999999999999986
      vertex 72 -51.25 0
      vertex 72.01069392328273 -51.08684225972493 0
    endloop
  endfacet
  facet normal -0.3214394653031477 -0.9469301294951105 0
    outer loop
      vertex 73.72835429045637 -50.095150584360894 2.3999999999999986
      vertex 73.57352380637815 -50.04259271713867 0
      vertex 73.72835429045637 -50.095150584360894 0
    endloop
  endfacet
  facet normal -0.442288690219009 -0.8968727415326844 0
    outer loop
      vertex 73.875 -50.167468245269454 2.3999999999999986
      vertex 73.72835429045637 -50.095150584360894 0
      vertex 73.875 -50.167468245269454 0
    endloop
  endfacet
  facet normal -0.5555702330195792 -0.8314696123025607 0
    outer loop
      vertex 74.0109517862609 -50.258308324635955 2.3999999999999986
      vertex 73.875 -50.167468245269454 0
      vertex 74.0109517862609 -50.258308324635955 0
    endloop
  endfacet
  facet normal -0.6593458151000601 -0.7518398074789852 0
    outer loop
      vertex 74.13388347648319 -50.366116523516816 2.3999999999999986
      vertex 74.0109517862609 -50.258308324635955 0
      vertex 74.13388347648319 -50.366116523516816 0
    endloop
  endfacet
  facet normal -0.7518398074790094 -0.6593458151000325 0
    outer loop
      vertex 74.24169167536404 -50.489048213739096 2.3999999999999986
      vertex 74.13388347648319 -50.366116523516816 0
      vertex 74.24169167536404 -50.489048213739096 0
    endloop
  endfacet
  facet normal -0.8314696123025206 -0.5555702330196393 0
    outer loop
      vertex 74.33253175473055 -50.625 2.3999999999999986
      vertex 74.24169167536404 -50.489048213739096 0
      vertex 74.33253175473055 -50.625 0
    endloop
  endfacet
  facet normal -0.8968727415327102 -0.44228869021895684 0
    outer loop
      vertex 74.4048494156391 -50.77164570954364 2.3999999999999986
      vertex 74.33253175473055 -50.625 0
      vertex 74.4048494156391 -50.77164570954364 0
    endloop
  endfacet
  facet normal -0.9469301294950926 -0.3214394653031999 0
    outer loop
      vertex 74.45740728286134 -50.92647619362185 2.3999999999999986
      vertex 74.4048494156391 -50.77164570954364 0
      vertex 74.45740728286134 -50.92647619362185 0
    endloop
  endfacet
  facet normal -0.9807852804032258 -0.19509032201615126 0
    outer loop
      vertex 74.48930607671727 -51.08684225972493 2.3999999999999986
      vertex 74.45740728286134 -50.92647619362185 0
      vertex 74.48930607671727 -51.08684225972493 0
    endloop
  endfacet
  facet normal -0.9978589232386063 -0.06540312923009983 0
    outer loop
      vertex 74.5 -51.25 2.3999999999999986
      vertex 74.48930607671727 -51.08684225972493 0
      vertex 74.5 -51.25 0
    endloop
  endfacet
  facet normal -1 0 0
    outer loop
      vertex 74.5 -110.85 2.3999999999999986
      vertex 74.5 -51.25 2.3999999999999986
      vertex 74.5 -51.25 0
    endloop
  endfacet
  facet normal 1 0 0
    outer loop
      vertex 72 -110.85 0
      vertex 72 -51.25 0
      vertex 72 -51.25 2.3999999999999986
    endloop
  endfacet
  facet normal 1 0 0
    outer loop
      vertex 72 -51.25 2.3999999999999986
      vertex 72 -110.85 2.3999999999999986
      vertex 72 -110.85 0
    endloop
  endfacet
  facet normal -1 0 0
    outer loop
      vertex 74.5 -51.25 0
      vertex 74.5 -110.85 0
      vertex 74.5 -110.85 2.3999999999999986
    endloop
  endfacet
  facet normal 0.9978589232386063 0.06540312923009983 0
    outer loop
      vertex 72 -110.85 2.3999999999999986
      vertex 72.01069392328273 -111.01315774027506 2.3999999999999986
      vertex 72.01069392328273 -111.01315774027506 0
    endloop
  endfacet
  facet normal 0.9807852804032258 0.19509032201615126 0
    outer loop
      vertex 72.01069392328273 -111.01315774027506 2.3999999999999986
      vertex 72.04259271713866 -111.17352380637814 2.3999999999999986
      vertex 72.04259271713866 -111.17352380637814 0
    endloop
  endfacet
  facet normal 0.9469301294950973 0.3214394653031866 0
    outer loop
      vertex 72.04259271713866 -111.17352380637814 2.3999999999999986
      vertex 72.0951505843609 -111.32835429045636 2.3999999999999986
      vertex 72.0951505843609 -111.32835429045636 0
    endloop
  endfacet
  facet normal 0.8968727415327017 0.4422886902189741 0
    outer loop
      vertex 72.0951505843609 -111.32835429045636 2.3999999999999986
      vertex 72.16746824526945 -111.475 2.3999999999999986
      vertex 72.16746824526945 -111.475 0
    endloop
  endfacet
  facet normal 0.8314696123025206 0.5555702330196393 0
    outer loop
      vertex 72.16746824526945 -111.475 2.3999999999999986
      vertex 72.25830832463596 -111.6109517862609 2.3999999999999986
      vertex 72.25830832463596 -111.6109517862609 0
    endloop
  endfacet
  facet normal 0.7518398074790282 0.659345815100011 0
    outer loop
      vertex 72.25830832463596 -111.6109517862609 2.3999999999999986
      vertex 72.36611652351681 -111.73388347648319 2.3999999999999986
      vertex 72.36611652351681 -111.73388347648319 0
    endloop
  endfacet
  facet normal 0.659345815100011 0.7518398074790282 0
    outer loop
      vertex 72.36611652351681 -111.73388347648319 2.3999999999999986
      vertex 72.4890482137391 -111.84169167536403 2.3999999999999986
      vertex 72.4890482137391 -111.84169167536403 0
    endloop
  endfacet
  facet normal 0.5555702330196393 0.8314696123025206 0
    outer loop
      vertex 72.4890482137391 -111.84169167536403 2.3999999999999986
      vertex 72.625 -111.93253175473055 2.3999999999999986
      vertex 72.625 -111.93253175473055 0
    endloop
  endfacet
  facet normal 0.4422886902189741 0.8968727415327017 0
    outer loop
      vertex 72.625 -111.93253175473055 2.3999999999999986
      vertex 72.77164570954363 -112.0048494156391 2.3999999999999986
      vertex 72.77164570954363 -112.0048494156391 0
    endloop
  endfacet
  facet normal 0.3214394653031866 0.9469301294950973 0
    outer loop
      vertex 72.77164570954363 -112.0048494156391 2.3999999999999986
      vertex 72.92647619362185 -112.05740728286133 2.3999999999999986
      vertex 72.92647619362185 -112.05740728286133 0
    endloop
  endfacet
  facet normal 0.19509032201615126 0.9807852804032258 0
    outer loop
      vertex 72.92647619362185 -112.05740728286133 2.3999999999999986
      vertex 73.08684225972493 -112.08930607671726 2.3999999999999986
      vertex 73.08684225972493 -112.08930607671726 0
    endloop
  endfacet
  facet normal 0.06540312923009983 0.9978589232386063 0
    outer loop
      vertex 73.08684225972493 -112.08930607671726 2.3999999999999986
      vertex 73.25 -112.1 2.3999999999999986
      vertex 73.25 -112.1 0
    endloop
  endfacet
  facet normal -0.06540312923009983 0.9978589232386063 0
    outer loop
      vertex 73.25 -112.1 2.3999999999999986
      vertex 73.41315774027507 -112.08930607671726 2.3999999999999986
      vertex 73.41315774027507 -112.08930607671726 0
    endloop
  endfacet
  facet normal -0.19509032201615126 0.9807852804032258 0
    outer loop
      vertex 73.41315774027507 -112.08930607671726 2.3999999999999986
      vertex 73.57352380637815 -112.05740728286133 2.3999999999999986
      vertex 73.57352380637815 -112.05740728286133 0
    endloop
  endfacet
  facet normal -0.8968727415327017 0.4422886902189741 0
    outer loop
      vertex 74.33253175473055 -111.475 2.3999999999999986
      vertex 74.4048494156391 -111.32835429045636 2.3999999999999986
      vertex 74.4048494156391 -111.32835429045636 0
    endloop
  endfacet
  facet normal -0.8314696123025206 0.5555702330196393 0
    outer loop
      vertex 74.24169167536404 -111.6109517862609 2.3999999999999986
      vertex 74.33253175473055 -111.475 2.3999999999999986
      vertex 74.33253175473055 -111.475 0
    endloop
  endfacet
  facet normal -0.7518398074790282 0.659345815100011 0
    outer loop
      vertex 74.13388347648319 -111.73388347648319 2.3999999999999986
      vertex 74.24169167536404 -111.6109517862609 2.3999999999999986
      vertex 74.24169167536404 -111.6109517862609 0
    endloop
  endfacet
  facet normal -0.9978589232386063 0.06540312923009983 0
    outer loop
      vertex 74.48930607671727 -111.01315774027506 2.3999999999999986
      vertex 74.5 -110.85 2.3999999999999986
      vertex 74.5 -110.85 0
    endloop
  endfacet
  facet normal -0.9807852804032258 0.19509032201615126 0
    outer loop
      vertex 74.45740728286134 -111.17352380637814 2.3999999999999986
      vertex 74.48930607671727 -111.01315774027506 2.3999999999999986
      vertex 74.48930607671727 -111.01315774027506 0
    endloop
  endfacet
  facet normal -0.9469301294950973 0.3214394653031866 0
    outer loop
      vertex 74.4048494156391 -111.32835429045636 2.3999999999999986
      vertex 74.45740728286134 -111.17352380637814 2.3999999999999986
      vertex 74.45740728286134 -111.17352380637814 0
    endloop
  endfacet
  facet normal -0.5555702330196393 0.8314696123025206 0
    outer loop
      vertex 73.875 -111.93253175473055 2.3999999999999986
      vertex 74.0109517862609 -111.84169167536403 2.3999999999999986
      vertex 74.0109517862609 -111.84169167536403 0
    endloop
  endfacet
  facet normal -0.4422886902189741 0.8968727415327017 0
    outer loop
      vertex 73.72835429045637 -112.0048494156391 2.3999999999999986
      vertex 73.875 -111.93253175473055 2.3999999999999986
      vertex 73.875 -111.93253175473055 0
    endloop
  endfacet
  facet normal -0.3214394653031866 0.9469301294950973 0
    outer loop
      vertex 73.57352380637815 -112.05740728286133 2.3999999999999986
      vertex 73.72835429045637 -112.0048494156391 2.3999999999999986
      vertex 73.72835429045637 -112.0048494156391 0
    endloop
  endfacet
  facet normal -0.659345815100011 0.7518398074790282 0
    outer loop
      vertex 74.0109517862609 -111.84169167536403 2.3999999999999986
      vertex 74.13388347648319 -111.73388347648319 2.3999999999999986
      vertex 74.13388347648319 -111.73388347648319 0
    endloop
  endfacet
  facet normal 0.9978589232386063 0.06540312923009983 0
    outer loop
      vertex 72 -110.85 2.3999999999999986
      vertex 72.01069392328273 -111.01315774027506 0
      vertex 72 -110.85 0
    endloop
  endfacet
  facet normal 0.9807852804032258 0.19509032201615126 0
    outer loop
      vertex 72.01069392328273 -111.01315774027506 2.3999999999999986
      vertex 72.04259271713866 -111.17352380637814 0
      vertex 72.01069392328273 -111.01315774027506 0
    endloop
  endfacet
  facet normal 0.9469301294950973 0.3214394653031866 0
    outer loop
      vertex 72.04259271713866 -111.17352380637814 2.3999999999999986
      vertex 72.0951505843609 -111.32835429045636 0
      vertex 72.04259271713866 -111.17352380637814 0
    endloop
  endfacet
  facet normal 0.8968727415327017 0.4422886902189741 0
    outer loop
      vertex 72.0951505843609 -111.32835429045636 2.3999999999999986
      vertex 72.16746824526945 -111.475 0
      vertex 72.0951505843609 -111.32835429045636 0
    endloop
  endfacet
  facet normal 0.8314696123025206 0.5555702330196393 0
    outer loop
      vertex 72.16746824526945 -111.475 2.3999999999999986
      vertex 72.25830832463596 -111.6109517862609 0
      vertex 72.16746824526945 -111.475 0
    endloop
  endfacet
  facet normal 0.7518398074790282 0.659345815100011 0
    outer loop
      vertex 72.25830832463596 -111.6109517862609 2.3999999999999986
      vertex 72.36611652351681 -111.73388347648319 0
      vertex 72.25830832463596 -111.6109517862609 0
    endloop
  endfacet
  facet normal 0.659345815100011 0.7518398074790282 0
    outer loop
      vertex 72.36611652351681 -111.73388347648319 2.3999999999999986
      vertex 72.4890482137391 -111.84169167536403 0
      vertex 72.36611652351681 -111.73388347648319 0
    endloop
  endfacet
  facet normal 0.5555702330196393 0.8314696123025206 0
    outer loop
      vertex 72.4890482137391 -111.84169167536403 2.3999999999999986
      vertex 72.625 -111.93253175473055 0
      vertex 72.4890482137391 -111.84169167536403 0
    endloop
  endfacet
  facet normal 0.4422886902189741 0.8968727415327017 0
    outer loop
      vertex 72.625 -111.93253175473055 2.3999999999999986
      vertex 72.77164570954363 -112.0048494156391 0
      vertex 72.625 -111.93253175473055 0
    endloop
  endfacet
  facet normal 0.3214394653031866 0.9469301294950973 0
    outer loop
      vertex 72.77164570954363 -112.0048494156391 2.3999999999999986
      vertex 72.92647619362185 -112.05740728286133 0
      vertex 72.77164570954363 -112.0048494156391 0
    endloop
  endfacet
  facet normal 0.19509032201615126 0.9807852804032258 0
    outer loop
      vertex 72.92647619362185 -112.05740728286133 2.3999999999999986
      vertex 73.08684225972493 -112.08930607671726 0
      vertex 72.92647619362185 -112.05740728286133 0
    endloop
  endfacet
  facet normal 0.06540312923009983 0.9978589232386063 0
    outer loop
      vertex 73.08684225972493 -112.08930607671726 2.3999999999999986
      vertex 73.25 -112.1 0
      vertex 73.08684225972493 -112.08930607671726 0
    endloop
  endfacet
  facet normal -0.06540312923009983 0.9978589232386063 0
    outer loop
      vertex 73.25 -112.1 2.3999999999999986
      vertex 73.41315774027507 -112.08930607671726 0
      vertex 73.25 -112.1 0
    endloop
  endfacet
  facet normal -0.19509032201615126 0.9807852804032258 0
    outer loop
      vertex 73.41315774027507 -112.08930607671726 2.3999999999999986
      vertex 73.57352380637815 -112.05740728286133 0
      vertex 73.41315774027507 -112.08930607671726 0
    endloop
  endfacet
  facet normal -0.8968727415327017 0.4422886902189741 0
    outer loop
      vertex 74.33253175473055 -111.475 2.3999999999999986
      vertex 74.4048494156391 -111.32835429045636 0
      vertex 74.33253175473055 -111.475 0
    endloop
  endfacet
  facet normal -0.7518398074790282 0.659345815100011 0
    outer loop
      vertex 74.13388347648319 -111.73388347648319 2.3999999999999986
      vertex 74.24169167536404 -111.6109517862609 0
      vertex 74.13388347648319 -111.73388347648319 0
    endloop
  endfacet
  facet normal -0.8314696123025206 0.5555702330196393 0
    outer loop
      vertex 74.24169167536404 -111.6109517862609 2.3999999999999986
      vertex 74.33253175473055 -111.475 0
      vertex 74.24169167536404 -111.6109517862609 0
    endloop
  endfacet
  facet normal -0.9978589232386063 0.06540312923009983 0
    outer loop
      vertex 74.48930607671727 -111.01315774027506 2.3999999999999986
      vertex 74.5 -110.85 0
      vertex 74.48930607671727 -111.01315774027506 0
    endloop
  endfacet
  facet normal -0.9807852804032258 0.19509032201615126 0
    outer loop
      vertex 74.45740728286134 -111.17352380637814 2.3999999999999986
      vertex 74.48930607671727 -111.01315774027506 0
      vertex 74.45740728286134 -111.17352380637814 0
    endloop
  endfacet
  facet normal -0.9469301294950973 0.3214394653031866 0
    outer loop
      vertex 74.4048494156391 -111.32835429045636 2.3999999999999986
      vertex 74.45740728286134 -111.17352380637814 0
      vertex 74.4048494156391 -111.32835429045636 0
    endloop
  endfacet
  facet normal -0.4422886902189741 0.8968727415327017 0
    outer loop
      vertex 73.72835429045637 -112.0048494156391 2.3999999999999986
      vertex 73.875 -111.93253175473055 0
      vertex 73.72835429045637 -112.0048494156391 0
    endloop
  endfacet
  facet normal -0.5555702330196393 0.8314696123025206 0
    outer loop
      vertex 73.875 -111.93253175473055 2.3999999999999986
      vertex 74.0109517862609 -111.84169167536403 0
      vertex 73.875 -111.93253175473055 0
    endloop
  endfacet
  facet normal -0.3214394653031866 0.9469301294950973 0
    outer loop
      vertex 73.57352380637815 -112.05740728286133 2.3999999999999986
      vertex 73.72835429045637 -112.0048494156391 0
      vertex 73.57352380637815 -112.05740728286133 0
    endloop
  endfacet
  facet normal -0.659345815100011 0.7518398074790282 0
    outer loop
      vertex 74.0109517862609 -111.84169167536403 2.3999999999999986
      vertex 74.13388347648319 -111.73388347648319 0
      vertex 74.0109517862609 -111.84169167536403 0
    endloop
  endfacet
  facet normal 0.8314696123025206 -0.5555702330196393 0
    outer loop
      vertex 78.25830832463596 -50.489048213739096 2.3999999999999986
      vertex 78.16746824526945 -50.625 2.3999999999999986
      vertex 78.16746824526945 -50.625 0
    endloop
  endfacet
  facet normal 0.7518398074790094 -0.6593458151000325 0
    outer loop
      vertex 78.36611652351681 -50.366116523516816 2.3999999999999986
      vertex 78.25830832463596 -50.489048213739096 2.3999999999999986
      vertex 78.25830832463596 -50.489048213739096 0
    endloop
  endfacet
  facet normal 0.8968727415327102 -0.44228869021895684 0
    outer loop
      vertex 78.16746824526945 -50.625 2.3999999999999986
      vertex 78.0951505843609 -50.77164570954364 2.3999999999999986
      vertex 78.0951505843609 -50.77164570954364 0
    endloop
  endfacet
  facet normal 0.9469301294950926 -0.3214394653031999 0
    outer loop
      vertex 78.0951505843609 -50.77164570954364 2.3999999999999986
      vertex 78.04259271713866 -50.92647619362185 2.3999999999999986
      vertex 78.04259271713866 -50.92647619362185 0
    endloop
  endfacet
  facet normal 0.9807852804032258 -0.19509032201615126 0
    outer loop
      vertex 78.04259271713866 -50.92647619362185 2.3999999999999986
      vertex 78.01069392328273 -51.08684225972493 2.3999999999999986
      vertex 78.01069392328273 -51.08684225972493 0
    endloop
  endfacet
  facet normal 0.9978589232386063 -0.06540312923009983 0
    outer loop
      vertex 78.01069392328273 -51.08684225972493 2.3999999999999986
      vertex 78 -51.25 2.3999999999999986
      vertex 78 -51.25 0
    endloop
  endfacet
  facet normal 0.5555702330195792 -0.8314696123025607 0
    outer loop
      vertex 78.625 -50.167468245269454 2.3999999999999986
      vertex 78.4890482137391 -50.258308324635955 2.3999999999999986
      vertex 78.4890482137391 -50.258308324635955 0
    endloop
  endfacet
  facet normal 0.6593458151000601 -0.7518398074789852 0
    outer loop
      vertex 78.4890482137391 -50.258308324635955 2.3999999999999986
      vertex 78.36611652351681 -50.366116523516816 2.3999999999999986
      vertex 78.36611652351681 -50.366116523516816 0
    endloop
  endfacet
  facet normal 0.442288690219009 -0.8968727415326844 0
    outer loop
      vertex 78.77164570954363 -50.095150584360894 2.3999999999999986
      vertex 78.625 -50.167468245269454 2.3999999999999986
      vertex 78.625 -50.167468245269454 0
    endloop
  endfacet
  facet normal 0.3214394653031477 -0.9469301294951105 0
    outer loop
      vertex 78.92647619362185 -50.04259271713867 2.3999999999999986
      vertex 78.77164570954363 -50.095150584360894 2.3999999999999986
      vertex 78.77164570954363 -50.095150584360894 0
    endloop
  endfacet
  facet normal 0.19509032201615126 -0.9807852804032258 0
    outer loop
      vertex 79.08684225972493 -50.01069392328274 2.3999999999999986
      vertex 78.92647619362185 -50.04259271713867 2.3999999999999986
      vertex 78.92647619362185 -50.04259271713867 0
    endloop
  endfacet
  facet normal 0.0654031292301431 -0.9978589232386034 0
    outer loop
      vertex 79.25 -50 2.3999999999999986
      vertex 79.08684225972493 -50.01069392328274 2.3999999999999986
      vertex 79.08684225972493 -50.01069392328274 0
    endloop
  endfacet
  facet normal -0.0654031292301431 -0.9978589232386034 0
    outer loop
      vertex 79.41315774027507 -50.01069392328274 2.3999999999999986
      vertex 79.25 -50 2.3999999999999986
      vertex 79.25 -50 0
    endloop
  endfacet
  facet normal -0.19509032201615126 -0.9807852804032258 0
    outer loop
      vertex 79.57352380637815 -50.04259271713867 2.3999999999999986
      vertex 79.41315774027507 -50.01069392328274 2.3999999999999986
      vertex 79.41315774027507 -50.01069392328274 0
    endloop
  endfacet
  facet normal -0.3214394653031477 -0.9469301294951105 0
    outer loop
      vertex 79.72835429045637 -50.095150584360894 2.3999999999999986
      vertex 79.57352380637815 -50.04259271713867 2.3999999999999986
      vertex 79.57352380637815 -50.04259271713867 0
    endloop
  endfacet
  facet normal -0.442288690219009 -0.8968727415326844 0
    outer loop
      vertex 79.875 -50.167468245269454 2.3999999999999986
      vertex 79.72835429045637 -50.095150584360894 2.3999999999999986
      vertex 79.72835429045637 -50.095150584360894 0
    endloop
  endfacet
  facet normal -0.5555702330195792 -0.8314696123025607 0
    outer loop
      vertex 80.0109517862609 -50.258308324635955 2.3999999999999986
      vertex 79.875 -50.167468245269454 2.3999999999999986
      vertex 79.875 -50.167468245269454 0
    endloop
  endfacet
  facet normal -0.6593458151000601 -0.7518398074789852 0
    outer loop
      vertex 80.13388347648319 -50.366116523516816 2.3999999999999986
      vertex 80.0109517862609 -50.258308324635955 2.3999999999999986
      vertex 80.0109517862609 -50.258308324635955 0
    endloop
  endfacet
  facet normal -0.7518398074790094 -0.6593458151000325 0
    outer loop
      vertex 80.24169167536404 -50.489048213739096 2.3999999999999986
      vertex 80.13388347648319 -50.366116523516816 2.3999999999999986
      vertex 80.13388347648319 -50.366116523516816 0
    endloop
  endfacet
  facet normal -0.8314696123025206 -0.5555702330196393 0
    outer loop
      vertex 80.33253175473055 -50.625 2.3999999999999986
      vertex 80.24169167536404 -50.489048213739096 2.3999999999999986
      vertex 80.24169167536404 -50.489048213739096 0
    endloop
  endfacet
  facet normal -0.8968727415327102 -0.44228869021895684 0
    outer loop
      vertex 80.4048494156391 -50.77164570954364 2.3999999999999986
      vertex 80.33253175473055 -50.625 2.3999999999999986
      vertex 80.33253175473055 -50.625 0
    endloop
  endfacet
  facet normal -0.9469301294950926 -0.3214394653031999 0
    outer loop
      vertex 80.45740728286134 -50.92647619362185 2.3999999999999986
      vertex 80.4048494156391 -50.77164570954364 2.3999999999999986
      vertex 80.4048494156391 -50.77164570954364 0
    endloop
  endfacet
  facet normal -0.9807852804032258 -0.19509032201615126 0
    outer loop
      vertex 80.48930607671727 -51.08684225972493 2.3999999999999986
      vertex 80.45740728286134 -50.92647619362185 2.3999999999999986
      vertex 80.45740728286134 -50.92647619362185 0
    endloop
  endfacet
  facet normal -0.9978589232386063 -0.06540312923009983 0
    outer loop
      vertex 80.5 -51.25 2.3999999999999986
      vertex 80.48930607671727 -51.08684225972493 2.3999999999999986
      vertex 80.48930607671727 -51.08684225972493 0
    endloop
  endfacet
  facet normal 0.7518398074790094 -0.6593458151000325 0
    outer loop
      vertex 78.36611652351681 -50.366116523516816 2.3999999999999986
      vertex 78.25830832463596 -50.489048213739096 0
      vertex 78.36611652351681 -50.366116523516816 0
    endloop
  endfacet
  facet normal 0.8314696123025206 -0.5555702330196393 0
    outer loop
      vertex 78.25830832463596 -50.489048213739096 2.3999999999999986
      vertex 78.16746824526945 -50.625 0
      vertex 78.25830832463596 -50.489048213739096 0
    endloop
  endfacet
  facet normal 0.8968727415327102 -0.44228869021895684 0
    outer loop
      vertex 78.16746824526945 -50.625 2.3999999999999986
      vertex 78.0951505843609 -50.77164570954364 0
      vertex 78.16746824526945 -50.625 0
    endloop
  endfacet
  facet normal 0.9469301294950926 -0.3214394653031999 0
    outer loop
      vertex 78.0951505843609 -50.77164570954364 2.3999999999999986
      vertex 78.04259271713866 -50.92647619362185 0
      vertex 78.0951505843609 -50.77164570954364 0
    endloop
  endfacet
  facet normal 0.9807852804032258 -0.19509032201615126 0
    outer loop
      vertex 78.04259271713866 -50.92647619362185 2.3999999999999986
      vertex 78.01069392328273 -51.08684225972493 0
      vertex 78.04259271713866 -50.92647619362185 0
    endloop
  endfacet
  facet normal 0.9978589232386063 -0.06540312923009983 0
    outer loop
      vertex 78.01069392328273 -51.08684225972493 2.3999999999999986
      vertex 78 -51.25 0
      vertex 78.01069392328273 -51.08684225972493 0
    endloop
  endfacet
  facet normal 0.442288690219009 -0.8968727415326844 0
    outer loop
      vertex 78.77164570954363 -50.095150584360894 2.3999999999999986
      vertex 78.625 -50.167468245269454 0
      vertex 78.77164570954363 -50.095150584360894 0
    endloop
  endfacet
  facet normal 0.5555702330195792 -0.8314696123025607 0
    outer loop
      vertex 78.625 -50.167468245269454 2.3999999999999986
      vertex 78.4890482137391 -50.258308324635955 0
      vertex 78.625 -50.167468245269454 0
    endloop
  endfacet
  facet normal 0.6593458151000601 -0.7518398074789852 0
    outer loop
      vertex 78.4890482137391 -50.258308324635955 2.3999999999999986
      vertex 78.36611652351681 -50.366116523516816 0
      vertex 78.4890482137391 -50.258308324635955 0
    endloop
  endfacet
  facet normal 0.3214394653031477 -0.9469301294951105 0
    outer loop
      vertex 78.92647619362185 -50.04259271713867 2.3999999999999986
      vertex 78.77164570954363 -50.095150584360894 0
      vertex 78.92647619362185 -50.04259271713867 0
    endloop
  endfacet
  facet normal 0.0654031292301431 -0.9978589232386034 0
    outer loop
      vertex 79.25 -50 2.3999999999999986
      vertex 79.08684225972493 -50.01069392328274 0
      vertex 79.25 -50 0
    endloop
  endfacet
  facet normal 0.19509032201615126 -0.9807852804032258 0
    outer loop
      vertex 79.08684225972493 -50.01069392328274 2.3999999999999986
      vertex 78.92647619362185 -50.04259271713867 0
      vertex 79.08684225972493 -50.01069392328274 0
    endloop
  endfacet
  facet normal -0.0654031292301431 -0.9978589232386034 0
    outer loop
      vertex 79.41315774027507 -50.01069392328274 2.3999999999999986
      vertex 79.25 -50 0
      vertex 79.41315774027507 -50.01069392328274 0
    endloop
  endfacet
  facet normal -0.19509032201615126 -0.9807852804032258 0
    outer loop
      vertex 79.57352380637815 -50.04259271713867 2.3999999999999986
      vertex 79.41315774027507 -50.01069392328274 0
      vertex 79.57352380637815 -50.04259271713867 0
    endloop
  endfacet
  facet normal -0.3214394653031477 -0.9469301294951105 0
    outer loop
      vertex 79.72835429045637 -50.095150584360894 2.3999999999999986
      vertex 79.57352380637815 -50.04259271713867 0
      vertex 79.72835429045637 -50.095150584360894 0
    endloop
  endfacet
  facet normal -0.442288690219009 -0.8968727415326844 0
    outer loop
      vertex 79.875 -50.167468245269454 2.3999999999999986
      vertex 79.72835429045637 -50.095150584360894 0
      vertex 79.875 -50.167468245269454 0
    endloop
  endfacet
  facet normal -0.5555702330195792 -0.8314696123025607 0
    outer loop
      vertex 80.0109517862609 -50.258308324635955 2.3999999999999986
      vertex 79.875 -50.167468245269454 0
      vertex 80.0109517862609 -50.258308324635955 0
    endloop
  endfacet
  facet normal -0.6593458151000601 -0.7518398074789852 0
    outer loop
      vertex 80.13388347648319 -50.366116523516816 2.3999999999999986
      vertex 80.0109517862609 -50.258308324635955 0
      vertex 80.13388347648319 -50.366116523516816 0
    endloop
  endfacet
  facet normal -0.7518398074790094 -0.6593458151000325 0
    outer loop
      vertex 80.24169167536404 -50.489048213739096 2.3999999999999986
      vertex 80.13388347648319 -50.366116523516816 0
      vertex 80.24169167536404 -50.489048213739096 0
    endloop
  endfacet
  facet normal -0.8314696123025206 -0.5555702330196393 0
    outer loop
      vertex 80.33253175473055 -50.625 2.3999999999999986
      vertex 80.24169167536404 -50.489048213739096 0
      vertex 80.33253175473055 -50.625 0
    endloop
  endfacet
  facet normal -0.8968727415327102 -0.44228869021895684 0
    outer loop
      vertex 80.4048494156391 -50.77164570954364 2.3999999999999986
      vertex 80.33253175473055 -50.625 0
      vertex 80.4048494156391 -50.77164570954364 0
    endloop
  endfacet
  facet normal -0.9469301294950926 -0.3214394653031999 0
    outer loop
      vertex 80.45740728286134 -50.92647619362185 2.3999999999999986
      vertex 80.4048494156391 -50.77164570954364 0
      vertex 80.45740728286134 -50.92647619362185 0
    endloop
  endfacet
  facet normal -0.9807852804032258 -0.19509032201615126 0
    outer loop
      vertex 80.48930607671727 -51.08684225972493 2.3999999999999986
      vertex 80.45740728286134 -50.92647619362185 0
      vertex 80.48930607671727 -51.08684225972493 0
    endloop
  endfacet
  facet normal -0.9978589232386063 -0.06540312923009983 0
    outer loop
      vertex 80.5 -51.25 2.3999999999999986
      vertex 80.48930607671727 -51.08684225972493 0
      vertex 80.5 -51.25 0
    endloop
  endfacet
  facet normal -1 0 0
    outer loop
      vertex 80.5 -110.85 2.3999999999999986
      vertex 80.5 -51.25 2.3999999999999986
      vertex 80.5 -51.25 0
    endloop
  endfacet
  facet normal 1 0 0
    outer loop
      vertex 78 -110.85 0
      vertex 78 -51.25 0
      vertex 78 -51.25 2.3999999999999986
    endloop
  endfacet
  facet normal 1 0 0
    outer loop
      vertex 78 -51.25 2.3999999999999986
      vertex 78 -110.85 2.3999999999999986
      vertex 78 -110.85 0
    endloop
  endfacet
  facet normal -1 0 0
    outer loop
      vertex 80.5 -51.25 0
      vertex 80.5 -110.85 0
      vertex 80.5 -110.85 2.3999999999999986
    endloop
  endfacet
  facet normal 0.9978589232386063 0.06540312923009983 0
    outer loop
      vertex 78 -110.85 2.3999999999999986
      vertex 78.01069392328273 -111.01315774027506 2.3999999999999986
      vertex 78.01069392328273 -111.01315774027506 0
    endloop
  endfacet
  facet normal 0.9807852804032258 0.19509032201615126 0
    outer loop
      vertex 78.01069392328273 -111.01315774027506 2.3999999999999986
      vertex 78.04259271713866 -111.17352380637814 2.3999999999999986
      vertex 78.04259271713866 -111.17352380637814 0
    endloop
  endfacet
  facet normal 0.9469301294950973 0.3214394653031866 0
    outer loop
      vertex 78.04259271713866 -111.17352380637814 2.3999999999999986
      vertex 78.0951505843609 -111.32835429045636 2.3999999999999986
      vertex 78.0951505843609 -111.32835429045636 0
    endloop
  endfacet
  facet normal 0.8968727415327017 0.4422886902189741 0
    outer loop
      vertex 78.0951505843609 -111.32835429045636 2.3999999999999986
      vertex 78.16746824526945 -111.475 2.3999999999999986
      vertex 78.16746824526945 -111.475 0
    endloop
  endfacet
  facet normal 0.8314696123025206 0.5555702330196393 0
    outer loop
      vertex 78.16746824526945 -111.475 2.3999999999999986
      vertex 78.25830832463596 -111.6109517862609 2.3999999999999986
      vertex 78.25830832463596 -111.6109517862609 0
    endloop
  endfacet
  facet normal 0.7518398074790282 0.659345815100011 0
    outer loop
      vertex 78.25830832463596 -111.6109517862609 2.3999999999999986
      vertex 78.36611652351681 -111.73388347648319 2.3999999999999986
      vertex 78.36611652351681 -111.73388347648319 0
    endloop
  endfacet
  facet normal 0.659345815100011 0.7518398074790282 0
    outer loop
      vertex 78.36611652351681 -111.73388347648319 2.3999999999999986
      vertex 78.4890482137391 -111.84169167536403 2.3999999999999986
      vertex 78.4890482137391 -111.84169167536403 0
    endloop
  endfacet
  facet normal 0.5555702330196393 0.8314696123025206 0
    outer loop
      vertex 78.4890482137391 -111.84169167536403 2.3999999999999986
      vertex 78.625 -111.93253175473055 2.3999999999999986
      vertex 78.625 -111.93253175473055 0
    endloop
  endfacet
  facet normal 0.4422886902189741 0.8968727415327017 0
    outer loop
      vertex 78.625 -111.93253175473055 2.3999999999999986
      vertex 78.77164570954363 -112.0048494156391 2.3999999999999986
      vertex 78.77164570954363 -112.0048494156391 0
    endloop
  endfacet
  facet normal 0.3214394653031866 0.9469301294950973 0
    outer loop
      vertex 78.77164570954363 -112.0048494156391 2.3999999999999986
      vertex 78.92647619362185 -112.05740728286133 2.3999999999999986
      vertex 78.92647619362185 -112.05740728286133 0
    endloop
  endfacet
  facet normal 0.19509032201615126 0.9807852804032258 0
    outer loop
      vertex 78.92647619362185 -112.05740728286133 2.3999999999999986
      vertex 79.08684225972493 -112.08930607671726 2.3999999999999986
      vertex 79.08684225972493 -112.08930607671726 0
    endloop
  endfacet
  facet normal 0.06540312923009983 0.9978589232386063 0
    outer loop
      vertex 79.08684225972493 -112.08930607671726 2.3999999999999986
      vertex 79.25 -112.1 2.3999999999999986
      vertex 79.25 -112.1 0
    endloop
  endfacet
  facet normal -0.06540312923009983 0.9978589232386063 0
    outer loop
      vertex 79.25 -112.1 2.3999999999999986
      vertex 79.41315774027507 -112.08930607671726 2.3999999999999986
      vertex 79.41315774027507 -112.08930607671726 0
    endloop
  endfacet
  facet normal -0.19509032201615126 0.9807852804032258 0
    outer loop
      vertex 79.41315774027507 -112.08930607671726 2.3999999999999986
      vertex 79.57352380637815 -112.05740728286133 2.3999999999999986
      vertex 79.57352380637815 -112.05740728286133 0
    endloop
  endfacet
  facet normal -0.5555702330196393 0.8314696123025206 0
    outer loop
      vertex 79.875 -111.93253175473055 2.3999999999999986
      vertex 80.0109517862609 -111.84169167536403 2.3999999999999986
      vertex 80.0109517862609 -111.84169167536403 0
    endloop
  endfacet
  facet normal -0.4422886902189741 0.8968727415327017 0
    outer loop
      vertex 79.72835429045637 -112.0048494156391 2.3999999999999986
      vertex 79.875 -111.93253175473055 2.3999999999999986
      vertex 79.875 -111.93253175473055 0
    endloop
  endfacet
  facet normal -0.3214394653031866 0.9469301294950973 0
    outer loop
      vertex 79.57352380637815 -112.05740728286133 2.3999999999999986
      vertex 79.72835429045637 -112.0048494156391 2.3999999999999986
      vertex 79.72835429045637 -112.0048494156391 0
    endloop
  endfacet
  facet normal -0.9978589232386063 0.06540312923009983 0
    outer loop
      vertex 80.48930607671727 -111.01315774027506 2.3999999999999986
      vertex 80.5 -110.85 2.3999999999999986
      vertex 80.5 -110.85 0
    endloop
  endfacet
  facet normal -0.9807852804032258 0.19509032201615126 0
    outer loop
      vertex 80.45740728286134 -111.17352380637814 2.3999999999999986
      vertex 80.48930607671727 -111.01315774027506 2.3999999999999986
      vertex 80.48930607671727 -111.01315774027506 0
    endloop
  endfacet
  facet normal -0.9469301294950973 0.3214394653031866 0
    outer loop
      vertex 80.4048494156391 -111.32835429045636 2.3999999999999986
      vertex 80.45740728286134 -111.17352380637814 2.3999999999999986
      vertex 80.45740728286134 -111.17352380637814 0
    endloop
  endfacet
  facet normal -0.8968727415327017 0.4422886902189741 0
    outer loop
      vertex 80.33253175473055 -111.475 2.3999999999999986
      vertex 80.4048494156391 -111.32835429045636 2.3999999999999986
      vertex 80.4048494156391 -111.32835429045636 0
    endloop
  endfacet
  facet normal -0.8314696123025206 0.5555702330196393 0
    outer loop
      vertex 80.24169167536404 -111.6109517862609 2.3999999999999986
      vertex 80.33253175473055 -111.475 2.3999999999999986
      vertex 80.33253175473055 -111.475 0
    endloop
  endfacet
  facet normal -0.7518398074790282 0.659345815100011 0
    outer loop
      vertex 80.13388347648319 -111.73388347648319 2.3999999999999986
      vertex 80.24169167536404 -111.6109517862609 2.3999999999999986
      vertex 80.24169167536404 -111.6109517862609 0
    endloop
  endfacet
  facet normal -0.659345815100011 0.7518398074790282 0
    outer loop
      vertex 80.0109517862609 -111.84169167536403 2.3999999999999986
      vertex 80.13388347648319 -111.73388347648319 2.3999999999999986
      vertex 80.13388347648319 -111.73388347648319 0
    endloop
  endfacet
  facet normal 0.9978589232386063 0.06540312923009983 0
    outer loop
      vertex 78 -110.85 2.3999999999999986
      vertex 78.01069392328273 -111.01315774027506 0
      vertex 78 -110.85 0
    endloop
  endfacet
  facet normal 0.9807852804032258 0.19509032201615126 0
    outer loop
      vertex 78.01069392328273 -111.01315774027506 2.3999999999999986
      vertex 78.04259271713866 -111.17352380637814 0
      vertex 78.01069392328273 -111.01315774027506 0
    endloop
  endfacet
  facet normal 0.9469301294950973 0.3214394653031866 0
    outer loop
      vertex 78.04259271713866 -111.17352380637814 2.3999999999999986
      vertex 78.0951505843609 -111.32835429045636 0
      vertex 78.04259271713866 -111.17352380637814 0
    endloop
  endfacet
  facet normal 0.8968727415327017 0.4422886902189741 0
    outer loop
      vertex 78.0951505843609 -111.32835429045636 2.3999999999999986
      vertex 78.16746824526945 -111.475 0
      vertex 78.0951505843609 -111.32835429045636 0
    endloop
  endfacet
  facet normal 0.8314696123025206 0.5555702330196393 0
    outer loop
      vertex 78.16746824526945 -111.475 2.3999999999999986
      vertex 78.25830832463596 -111.6109517862609 0
      vertex 78.16746824526945 -111.475 0
    endloop
  endfacet
  facet normal 0.7518398074790282 0.659345815100011 0
    outer loop
      vertex 78.25830832463596 -111.6109517862609 2.3999999999999986
      vertex 78.36611652351681 -111.73388347648319 0
      vertex 78.25830832463596 -111.6109517862609 0
    endloop
  endfacet
  facet normal 0.659345815100011 0.7518398074790282 0
    outer loop
      vertex 78.36611652351681 -111.73388347648319 2.3999999999999986
      vertex 78.4890482137391 -111.84169167536403 0
      vertex 78.36611652351681 -111.73388347648319 0
    endloop
  endfacet
  facet normal 0.5555702330196393 0.8314696123025206 0
    outer loop
      vertex 78.4890482137391 -111.84169167536403 2.3999999999999986
      vertex 78.625 -111.93253175473055 0
      vertex 78.4890482137391 -111.84169167536403 0
    endloop
  endfacet
  facet normal 0.4422886902189741 0.8968727415327017 0
    outer loop
      vertex 78.625 -111.93253175473055 2.3999999999999986
      vertex 78.77164570954363 -112.0048494156391 0
      vertex 78.625 -111.93253175473055 0
    endloop
  endfacet
  facet normal 0.3214394653031866 0.9469301294950973 0
    outer loop
      vertex 78.77164570954363 -112.0048494156391 2.3999999999999986
      vertex 78.92647619362185 -112.05740728286133 0
      vertex 78.77164570954363 -112.0048494156391 0
    endloop
  endfacet
  facet normal 0.19509032201615126 0.9807852804032258 0
    outer loop
      vertex 78.92647619362185 -112.05740728286133 2.3999999999999986
      vertex 79.08684225972493 -112.08930607671726 0
      vertex 78.92647619362185 -112.05740728286133 0
    endloop
  endfacet
  facet normal 0.06540312923009983 0.9978589232386063 0
    outer loop
      vertex 79.08684225972493 -112.08930607671726 2.3999999999999986
      vertex 79.25 -112.1 0
      vertex 79.08684225972493 -112.08930607671726 0
    endloop
  endfacet
  facet normal -0.06540312923009983 0.9978589232386063 0
    outer loop
      vertex 79.25 -112.1 2.3999999999999986
      vertex 79.41315774027507 -112.08930607671726 0
      vertex 79.25 -112.1 0
    endloop
  endfacet
  facet normal -0.19509032201615126 0.9807852804032258 0
    outer loop
      vertex 79.41315774027507 -112.08930607671726 2.3999999999999986
      vertex 79.57352380637815 -112.05740728286133 0
      vertex 79.41315774027507 -112.08930607671726 0
    endloop
  endfacet
  facet normal -0.4422886902189741 0.8968727415327017 0
    outer loop
      vertex 79.72835429045637 -112.0048494156391 2.3999999999999986
      vertex 79.875 -111.93253175473055 0
      vertex 79.72835429045637 -112.0048494156391 0
    endloop
  endfacet
  facet normal -0.5555702330196393 0.8314696123025206 0
    outer loop
      vertex 79.875 -111.93253175473055 2.3999999999999986
      vertex 80.0109517862609 -111.84169167536403 0
      vertex 79.875 -111.93253175473055 0
    endloop
  endfacet
  facet normal -0.3214394653031866 0.9469301294950973 0
    outer loop
      vertex 79.57352380637815 -112.05740728286133 2.3999999999999986
      vertex 79.72835429045637 -112.0048494156391 0
      vertex 79.57352380637815 -112.05740728286133 0
    endloop
  endfacet
  facet normal -0.9978589232386063 0.06540312923009983 0
    outer loop
      vertex 80.48930607671727 -111.01315774027506 2.3999999999999986
      vertex 80.5 -110.85 0
      vertex 80.48930607671727 -111.01315774027506 0
    endloop
  endfacet
  facet normal -0.9807852804032258 0.19509032201615126 0
    outer loop
      vertex 80.45740728286134 -111.17352380637814 2.3999999999999986
      vertex 80.48930607671727 -111.01315774027506 0
      vertex 80.45740728286134 -111.17352380637814 0
    endloop
  endfacet
  facet normal -0.9469301294950973 0.3214394653031866 0
    outer loop
      vertex 80.4048494156391 -111.32835429045636 2.3999999999999986
      vertex 80.45740728286134 -111.17352380637814 0
      vertex 80.4048494156391 -111.32835429045636 0
    endloop
  endfacet
  facet normal -0.8968727415327017 0.4422886902189741 0
    outer loop
      vertex 80.33253175473055 -111.475 2.3999999999999986
      vertex 80.4048494156391 -111.32835429045636 0
      vertex 80.33253175473055 -111.475 0
    endloop
  endfacet
  facet normal -0.7518398074790282 0.659345815100011 0
    outer loop
      vertex 80.13388347648319 -111.73388347648319 2.3999999999999986
      vertex 80.24169167536404 -111.6109517862609 0
      vertex 80.13388347648319 -111.73388347648319 0
    endloop
  endfacet
  facet normal -0.8314696123025206 0.5555702330196393 0
    outer loop
      vertex 80.24169167536404 -111.6109517862609 2.3999999999999986
      vertex 80.33253175473055 -111.475 0
      vertex 80.24169167536404 -111.6109517862609 0
    endloop
  endfacet
  facet normal -0.659345815100011 0.7518398074790282 0
    outer loop
      vertex 80.0109517862609 -111.84169167536403 2.3999999999999986
      vertex 80.13388347648319 -111.73388347648319 0
      vertex 80.0109517862609 -111.84169167536403 0
    endloop
  endfacet
  facet normal 0.5555702330195792 -0.8314696123025607 0
    outer loop
      vertex 84.625 -50.167468245269454 2.3999999999999986
      vertex 84.4890482137391 -50.258308324635955 2.3999999999999986
      vertex 84.4890482137391 -50.258308324635955 0
    endloop
  endfacet
  facet normal 0.6593458151000601 -0.7518398074789852 0
    outer loop
      vertex 84.4890482137391 -50.258308324635955 2.3999999999999986
      vertex 84.36611652351681 -50.366116523516816 2.3999999999999986
      vertex 84.36611652351681 -50.366116523516816 0
    endloop
  endfacet
  facet normal 0.442288690219009 -0.8968727415326844 0
    outer loop
      vertex 84.77164570954363 -50.095150584360894 2.3999999999999986
      vertex 84.625 -50.167468245269454 2.3999999999999986
      vertex 84.625 -50.167468245269454 0
    endloop
  endfacet
  facet normal 0.8314696123025206 -0.5555702330196393 0
    outer loop
      vertex 84.25830832463596 -50.489048213739096 2.3999999999999986
      vertex 84.16746824526945 -50.625 2.3999999999999986
      vertex 84.16746824526945 -50.625 0
    endloop
  endfacet
  facet normal 0.7518398074790094 -0.6593458151000325 0
    outer loop
      vertex 84.36611652351681 -50.366116523516816 2.3999999999999986
      vertex 84.25830832463596 -50.489048213739096 2.3999999999999986
      vertex 84.25830832463596 -50.489048213739096 0
    endloop
  endfacet
  facet normal 0.8968727415327102 -0.44228869021895684 0
    outer loop
      vertex 84.16746824526945 -50.625 2.3999999999999986
      vertex 84.0951505843609 -50.77164570954364 2.3999999999999986
      vertex 84.0951505843609 -50.77164570954364 0
    endloop
  endfacet
  facet normal 0.9469301294950926 -0.3214394653031999 0
    outer loop
      vertex 84.0951505843609 -50.77164570954364 2.3999999999999986
      vertex 84.04259271713866 -50.92647619362185 2.3999999999999986
      vertex 84.04259271713866 -50.92647619362185 0
    endloop
  endfacet
  facet normal 0.9807852804032258 -0.19509032201615126 0
    outer loop
      vertex 84.04259271713866 -50.92647619362185 2.3999999999999986
      vertex 84.01069392328273 -51.08684225972493 2.3999999999999986
      vertex 84.01069392328273 -51.08684225972493 0
    endloop
  endfacet
  facet normal 0.9978589232386063 -0.06540312923009983 0
    outer loop
      vertex 84.01069392328273 -51.08684225972493 2.3999999999999986
      vertex 84 -51.25 2.3999999999999986
      vertex 84 -51.25 0
    endloop
  endfacet
  facet normal 0.3214394653031477 -0.9469301294951105 0
    outer loop
      vertex 84.92647619362185 -50.04259271713867 2.3999999999999986
      vertex 84.77164570954363 -50.095150584360894 2.3999999999999986
      vertex 84.77164570954363 -50.095150584360894 0
    endloop
  endfacet
  facet normal 0.19509032201615126 -0.9807852804032258 0
    outer loop
      vertex 85.08684225972493 -50.01069392328274 2.3999999999999986
      vertex 84.92647619362185 -50.04259271713867 2.3999999999999986
      vertex 84.92647619362185 -50.04259271713867 0
    endloop
  endfacet
  facet normal 0.0654031292301431 -0.9978589232386034 0
    outer loop
      vertex 85.25 -50 2.3999999999999986
      vertex 85.08684225972493 -50.01069392328274 2.3999999999999986
      vertex 85.08684225972493 -50.01069392328274 0
    endloop
  endfacet
  facet normal -0.0654031292301431 -0.9978589232386034 0
    outer loop
      vertex 85.41315774027507 -50.01069392328274 2.3999999999999986
      vertex 85.25 -50 2.3999999999999986
      vertex 85.25 -50 0
    endloop
  endfacet
  facet normal -0.19509032201615126 -0.9807852804032258 0
    outer loop
      vertex 85.57352380637815 -50.04259271713867 2.3999999999999986
      vertex 85.41315774027507 -50.01069392328274 2.3999999999999986
      vertex 85.41315774027507 -50.01069392328274 0
    endloop
  endfacet
  facet normal -0.3214394653031477 -0.9469301294951105 0
    outer loop
      vertex 85.72835429045637 -50.095150584360894 2.3999999999999986
      vertex 85.57352380637815 -50.04259271713867 2.3999999999999986
      vertex 85.57352380637815 -50.04259271713867 0
    endloop
  endfacet
  facet normal -0.442288690219009 -0.8968727415326844 0
    outer loop
      vertex 85.875 -50.167468245269454 2.3999999999999986
      vertex 85.72835429045637 -50.095150584360894 2.3999999999999986
      vertex 85.72835429045637 -50.095150584360894 0
    endloop
  endfacet
  facet normal -0.5555702330195792 -0.8314696123025607 0
    outer loop
      vertex 86.0109517862609 -50.258308324635955 2.3999999999999986
      vertex 85.875 -50.167468245269454 2.3999999999999986
      vertex 85.875 -50.167468245269454 0
    endloop
  endfacet
  facet normal -0.6593458151000601 -0.7518398074789852 0
    outer loop
      vertex 86.13388347648319 -50.366116523516816 2.3999999999999986
      vertex 86.0109517862609 -50.258308324635955 2.3999999999999986
      vertex 86.0109517862609 -50.258308324635955 0
    endloop
  endfacet
  facet normal -0.7518398074790094 -0.6593458151000325 0
    outer loop
      vertex 86.24169167536404 -50.489048213739096 2.3999999999999986
      vertex 86.13388347648319 -50.366116523516816 2.3999999999999986
      vertex 86.13388347648319 -50.366116523516816 0
    endloop
  endfacet
  facet normal -0.8314696123025206 -0.5555702330196393 0
    outer loop
      vertex 86.33253175473055 -50.625 2.3999999999999986
      vertex 86.24169167536404 -50.489048213739096 2.3999999999999986
      vertex 86.24169167536404 -50.489048213739096 0
    endloop
  endfacet
  facet normal -0.8968727415327102 -0.44228869021895684 0
    outer loop
      vertex 86.4048494156391 -50.77164570954364 2.3999999999999986
      vertex 86.33253175473055 -50.625 2.3999999999999986
      vertex 86.33253175473055 -50.625 0
    endloop
  endfacet
  facet normal -0.9469301294950926 -0.3214394653031999 0
    outer loop
      vertex 86.45740728286134 -50.92647619362185 2.3999999999999986
      vertex 86.4048494156391 -50.77164570954364 2.3999999999999986
      vertex 86.4048494156391 -50.77164570954364 0
    endloop
  endfacet
  facet normal -0.9807852804032258 -0.19509032201615126 0
    outer loop
      vertex 86.48930607671727 -51.08684225972493 2.3999999999999986
      vertex 86.45740728286134 -50.92647619362185 2.3999999999999986
      vertex 86.45740728286134 -50.92647619362185 0
    endloop
  endfacet
  facet normal -0.9978589232386063 -0.06540312923009983 0
    outer loop
      vertex 86.5 -51.25 2.3999999999999986
      vertex 86.48930607671727 -51.08684225972493 2.3999999999999986
      vertex 86.48930607671727 -51.08684225972493 0
    endloop
  endfacet
  facet normal 0.442288690219009 -0.8968727415326844 0
    outer loop
      vertex 84.77164570954363 -50.095150584360894 2.3999999999999986
      vertex 84.625 -50.167468245269454 0
      vertex 84.77164570954363 -50.095150584360894 0
    endloop
  endfacet
  facet normal 0.5555702330195792 -0.8314696123025607 0
    outer loop
      vertex 84.625 -50.167468245269454 2.3999999999999986
      vertex 84.4890482137391 -50.258308324635955 0
      vertex 84.625 -50.167468245269454 0
    endloop
  endfacet
  facet normal 0.6593458151000601 -0.7518398074789852 0
    outer loop
      vertex 84.4890482137391 -50.258308324635955 2.3999999999999986
      vertex 84.36611652351681 -50.366116523516816 0
      vertex 84.4890482137391 -50.258308324635955 0
    endloop
  endfacet
  facet normal 0.7518398074790094 -0.6593458151000325 0
    outer loop
      vertex 84.36611652351681 -50.366116523516816 2.3999999999999986
      vertex 84.25830832463596 -50.489048213739096 0
      vertex 84.36611652351681 -50.366116523516816 0
    endloop
  endfacet
  facet normal 0.8314696123025206 -0.5555702330196393 0
    outer loop
      vertex 84.25830832463596 -50.489048213739096 2.3999999999999986
      vertex 84.16746824526945 -50.625 0
      vertex 84.25830832463596 -50.489048213739096 0
    endloop
  endfacet
  facet normal 0.8968727415327102 -0.44228869021895684 0
    outer loop
      vertex 84.16746824526945 -50.625 2.3999999999999986
      vertex 84.0951505843609 -50.77164570954364 0
      vertex 84.16746824526945 -50.625 0
    endloop
  endfacet
  facet normal 0.9469301294950926 -0.3214394653031999 0
    outer loop
      vertex 84.0951505843609 -50.77164570954364 2.3999999999999986
      vertex 84.04259271713866 -50.92647619362185 0
      vertex 84.0951505843609 -50.77164570954364 0
    endloop
  endfacet
  facet normal 0.9807852804032258 -0.19509032201615126 0
    outer loop
      vertex 84.04259271713866 -50.92647619362185 2.3999999999999986
      vertex 84.01069392328273 -51.08684225972493 0
      vertex 84.04259271713866 -50.92647619362185 0
    endloop
  endfacet
  facet normal 0.9978589232386063 -0.06540312923009983 0
    outer loop
      vertex 84.01069392328273 -51.08684225972493 2.3999999999999986
      vertex 84 -51.25 0
      vertex 84.01069392328273 -51.08684225972493 0
    endloop
  endfacet
  facet normal 0.3214394653031477 -0.9469301294951105 0
    outer loop
      vertex 84.92647619362185 -50.04259271713867 2.3999999999999986
      vertex 84.77164570954363 -50.095150584360894 0
      vertex 84.92647619362185 -50.04259271713867 0
    endloop
  endfacet
  facet normal 0.0654031292301431 -0.9978589232386034 0
    outer loop
      vertex 85.25 -50 2.3999999999999986
      vertex 85.08684225972493 -50.01069392328274 0
      vertex 85.25 -50 0
    endloop
  endfacet
  facet normal 0.19509032201615126 -0.9807852804032258 0
    outer loop
      vertex 85.08684225972493 -50.01069392328274 2.3999999999999986
      vertex 84.92647619362185 -50.04259271713867 0
      vertex 85.08684225972493 -50.01069392328274 0
    endloop
  endfacet
  facet normal -0.0654031292301431 -0.9978589232386034 0
    outer loop
      vertex 85.41315774027507 -50.01069392328274 2.3999999999999986
      vertex 85.25 -50 0
      vertex 85.41315774027507 -50.01069392328274 0
    endloop
  endfacet
  facet normal -0.19509032201615126 -0.9807852804032258 0
    outer loop
      vertex 85.57352380637815 -50.04259271713867 2.3999999999999986
      vertex 85.41315774027507 -50.01069392328274 0
      vertex 85.57352380637815 -50.04259271713867 0
    endloop
  endfacet
  facet normal -0.3214394653031477 -0.9469301294951105 0
    outer loop
      vertex 85.72835429045637 -50.095150584360894 2.3999999999999986
      vertex 85.57352380637815 -50.04259271713867 0
      vertex 85.72835429045637 -50.095150584360894 0
    endloop
  endfacet
  facet normal -0.442288690219009 -0.8968727415326844 0
    outer loop
      vertex 85.875 -50.167468245269454 2.3999999999999986
      vertex 85.72835429045637 -50.095150584360894 0
      vertex 85.875 -50.167468245269454 0
    endloop
  endfacet
  facet normal -0.5555702330195792 -0.8314696123025607 0
    outer loop
      vertex 86.0109517862609 -50.258308324635955 2.3999999999999986
      vertex 85.875 -50.167468245269454 0
      vertex 86.0109517862609 -50.258308324635955 0
    endloop
  endfacet
  facet normal -0.6593458151000601 -0.7518398074789852 0
    outer loop
      vertex 86.13388347648319 -50.366116523516816 2.3999999999999986
      vertex 86.0109517862609 -50.258308324635955 0
      vertex 86.13388347648319 -50.366116523516816 0
    endloop
  endfacet
  facet normal -0.7518398074790094 -0.6593458151000325 0
    outer loop
      vertex 86.24169167536404 -50.489048213739096 2.3999999999999986
      vertex 86.13388347648319 -50.366116523516816 0
      vertex 86.24169167536404 -50.489048213739096 0
    endloop
  endfacet
  facet normal -0.8314696123025206 -0.5555702330196393 0
    outer loop
      vertex 86.33253175473055 -50.625 2.3999999999999986
      vertex 86.24169167536404 -50.489048213739096 0
      vertex 86.33253175473055 -50.625 0
    endloop
  endfacet
  facet normal -0.8968727415327102 -0.44228869021895684 0
    outer loop
      vertex 86.4048494156391 -50.77164570954364 2.3999999999999986
      vertex 86.33253175473055 -50.625 0
      vertex 86.4048494156391 -50.77164570954364 0
    endloop
  endfacet
  facet normal -0.9469301294950926 -0.3214394653031999 0
    outer loop
      vertex 86.45740728286134 -50.92647619362185 2.3999999999999986
      vertex 86.4048494156391 -50.77164570954364 0
      vertex 86.45740728286134 -50.92647619362185 0
    endloop
  endfacet
  facet normal -0.9807852804032258 -0.19509032201615126 0
    outer loop
      vertex 86.48930607671727 -51.08684225972493 2.3999999999999986
      vertex 86.45740728286134 -50.92647619362185 0
      vertex 86.48930607671727 -51.08684225972493 0
    endloop
  endfacet
  facet normal -0.9978589232386063 -0.06540312923009983 0
    outer loop
      vertex 86.5 -51.25 2.3999999999999986
      vertex 86.48930607671727 -51.08684225972493 0
      vertex 86.5 -51.25 0
    endloop
  endfacet
  facet normal -1 0 0
    outer loop
      vertex 86.5 -110.85 2.3999999999999986
      vertex 86.5 -51.25 2.3999999999999986
      vertex 86.5 -51.25 0
    endloop
  endfacet
  facet normal 1 0 0
    outer loop
      vertex 84 -110.85 0
      vertex 84 -51.25 0
      vertex 84 -51.25 2.3999999999999986
    endloop
  endfacet
  facet normal 1 0 0
    outer loop
      vertex 84 -51.25 2.3999999999999986
      vertex 84 -110.85 2.3999999999999986
      vertex 84 -110.85 0
    endloop
  endfacet
  facet normal -1 0 0
    outer loop
      vertex 86.5 -51.25 0
      vertex 86.5 -110.85 0
      vertex 86.5 -110.85 2.3999999999999986
    endloop
  endfacet
  facet normal 0.9978589232386063 0.06540312923009983 0
    outer loop
      vertex 84 -110.85 2.3999999999999986
      vertex 84.01069392328273 -111.01315774027506 2.3999999999999986
      vertex 84.01069392328273 -111.01315774027506 0
    endloop
  endfacet
  facet normal 0.9807852804032258 0.19509032201615126 0
    outer loop
      vertex 84.01069392328273 -111.01315774027506 2.3999999999999986
      vertex 84.04259271713866 -111.17352380637814 2.3999999999999986
      vertex 84.04259271713866 -111.17352380637814 0
    endloop
  endfacet
  facet normal 0.9469301294950973 0.3214394653031866 0
    outer loop
      vertex 84.04259271713866 -111.17352380637814 2.3999999999999986
      vertex 84.0951505843609 -111.32835429045636 2.3999999999999986
      vertex 84.0951505843609 -111.32835429045636 0
    endloop
  endfacet
  facet normal 0.8968727415327017 0.4422886902189741 0
    outer loop
      vertex 84.0951505843609 -111.32835429045636 2.3999999999999986
      vertex 84.16746824526945 -111.475 2.3999999999999986
      vertex 84.16746824526945 -111.475 0
    endloop
  endfacet
  facet normal 0.8314696123025206 0.5555702330196393 0
    outer loop
      vertex 84.16746824526945 -111.475 2.3999999999999986
      vertex 84.25830832463596 -111.6109517862609 2.3999999999999986
      vertex 84.25830832463596 -111.6109517862609 0
    endloop
  endfacet
  facet normal 0.7518398074790282 0.659345815100011 0
    outer loop
      vertex 84.25830832463596 -111.6109517862609 2.3999999999999986
      vertex 84.36611652351681 -111.73388347648319 2.3999999999999986
      vertex 84.36611652351681 -111.73388347648319 0
    endloop
  endfacet
  facet normal 0.659345815100011 0.7518398074790282 0
    outer loop
      vertex 84.36611652351681 -111.73388347648319 2.3999999999999986
      vertex 84.4890482137391 -111.84169167536403 2.3999999999999986
      vertex 84.4890482137391 -111.84169167536403 0
    endloop
  endfacet
  facet normal 0.5555702330196393 0.8314696123025206 0
    outer loop
      vertex 84.4890482137391 -111.84169167536403 2.3999999999999986
      vertex 84.625 -111.93253175473055 2.3999999999999986
      vertex 84.625 -111.93253175473055 0
    endloop
  endfacet
  facet normal 0.4422886902189741 0.8968727415327017 0
    outer loop
      vertex 84.625 -111.93253175473055 2.3999999999999986
      vertex 84.77164570954363 -112.0048494156391 2.3999999999999986
      vertex 84.77164570954363 -112.0048494156391 0
    endloop
  endfacet
  facet normal -0.8968727415327017 0.4422886902189741 0
    outer loop
      vertex 86.33253175473055 -111.475 2.3999999999999986
      vertex 86.4048494156391 -111.32835429045636 2.3999999999999986
      vertex 86.4048494156391 -111.32835429045636 0
    endloop
  endfacet
  facet normal -0.8314696123025206 0.5555702330196393 0
    outer loop
      vertex 86.24169167536404 -111.6109517862609 2.3999999999999986
      vertex 86.33253175473055 -111.475 2.3999999999999986
      vertex 86.33253175473055 -111.475 0
    endloop
  endfacet
  facet normal -0.7518398074790282 0.659345815100011 0
    outer loop
      vertex 86.13388347648319 -111.73388347648319 2.3999999999999986
      vertex 86.24169167536404 -111.6109517862609 2.3999999999999986
      vertex 86.24169167536404 -111.6109517862609 0
    endloop
  endfacet
  facet normal 0.3214394653031866 0.9469301294950973 0
    outer loop
      vertex 84.77164570954363 -112.0048494156391 2.3999999999999986
      vertex 84.92647619362185 -112.05740728286133 2.3999999999999986
      vertex 84.92647619362185 -112.05740728286133 0
    endloop
  endfacet
  facet normal 0.19509032201615126 0.9807852804032258 0
    outer loop
      vertex 84.92647619362185 -112.05740728286133 2.3999999999999986
      vertex 85.08684225972493 -112.08930607671726 2.3999999999999986
      vertex 85.08684225972493 -112.08930607671726 0
    endloop
  endfacet
  facet normal 0.06540312923009983 0.9978589232386063 0
    outer loop
      vertex 85.08684225972493 -112.08930607671726 2.3999999999999986
      vertex 85.25 -112.1 2.3999999999999986
      vertex 85.25 -112.1 0
    endloop
  endfacet
  facet normal -0.06540312923009983 0.9978589232386063 0
    outer loop
      vertex 85.25 -112.1 2.3999999999999986
      vertex 85.41315774027507 -112.08930607671726 2.3999999999999986
      vertex 85.41315774027507 -112.08930607671726 0
    endloop
  endfacet
  facet normal -0.19509032201615126 0.9807852804032258 0
    outer loop
      vertex 85.41315774027507 -112.08930607671726 2.3999999999999986
      vertex 85.57352380637815 -112.05740728286133 2.3999999999999986
      vertex 85.57352380637815 -112.05740728286133 0
    endloop
  endfacet
  facet normal -0.5555702330196393 0.8314696123025206 0
    outer loop
      vertex 85.875 -111.93253175473055 2.3999999999999986
      vertex 86.0109517862609 -111.84169167536403 2.3999999999999986
      vertex 86.0109517862609 -111.84169167536403 0
    endloop
  endfacet
  facet normal -0.4422886902189741 0.8968727415327017 0
    outer loop
      vertex 85.72835429045637 -112.0048494156391 2.3999999999999986
      vertex 85.875 -111.93253175473055 2.3999999999999986
      vertex 85.875 -111.93253175473055 0
    endloop
  endfacet
  facet normal -0.3214394653031866 0.9469301294950973 0
    outer loop
      vertex 85.57352380637815 -112.05740728286133 2.3999999999999986
      vertex 85.72835429045637 -112.0048494156391 2.3999999999999986
      vertex 85.72835429045637 -112.0048494156391 0
    endloop
  endfacet
  facet normal -0.659345815100011 0.7518398074790282 0
    outer loop
      vertex 86.0109517862609 -111.84169167536403 2.3999999999999986
      vertex 86.13388347648319 -111.73388347648319 2.3999999999999986
      vertex 86.13388347648319 -111.73388347648319 0
    endloop
  endfacet
  facet normal -0.9978589232386063 0.06540312923009983 0
    outer loop
      vertex 86.48930607671727 -111.01315774027506 2.3999999999999986
      vertex 86.5 -110.85 2.3999999999999986
      vertex 86.5 -110.85 0
    endloop
  endfacet
  facet normal -0.9807852804032258 0.19509032201615126 0
    outer loop
      vertex 86.45740728286134 -111.17352380637814 2.3999999999999986
      vertex 86.48930607671727 -111.01315774027506 2.3999999999999986
      vertex 86.48930607671727 -111.01315774027506 0
    endloop
  endfacet
  facet normal -0.9469301294950973 0.3214394653031866 0
    outer loop
      vertex 86.4048494156391 -111.32835429045636 2.3999999999999986
      vertex 86.45740728286134 -111.17352380637814 2.3999999999999986
      vertex 86.45740728286134 -111.17352380637814 0
    endloop
  endfacet
  facet normal 0.9978589232386063 0.06540312923009983 0
    outer loop
      vertex 84 -110.85 2.3999999999999986
      vertex 84.01069392328273 -111.01315774027506 0
      vertex 84 -110.85 0
    endloop
  endfacet
  facet normal 0.9807852804032258 0.19509032201615126 0
    outer loop
      vertex 84.01069392328273 -111.01315774027506 2.3999999999999986
      vertex 84.04259271713866 -111.17352380637814 0
      vertex 84.01069392328273 -111.01315774027506 0
    endloop
  endfacet
  facet normal 0.9469301294950973 0.3214394653031866 0
    outer loop
      vertex 84.04259271713866 -111.17352380637814 2.3999999999999986
      vertex 84.0951505843609 -111.32835429045636 0
      vertex 84.04259271713866 -111.17352380637814 0
    endloop
  endfacet
  facet normal 0.8968727415327017 0.4422886902189741 0
    outer loop
      vertex 84.0951505843609 -111.32835429045636 2.3999999999999986
      vertex 84.16746824526945 -111.475 0
      vertex 84.0951505843609 -111.32835429045636 0
    endloop
  endfacet
  facet normal 0.8314696123025206 0.5555702330196393 0
    outer loop
      vertex 84.16746824526945 -111.475 2.3999999999999986
      vertex 84.25830832463596 -111.6109517862609 0
      vertex 84.16746824526945 -111.475 0
    endloop
  endfacet
  facet normal 0.7518398074790282 0.659345815100011 0
    outer loop
      vertex 84.25830832463596 -111.6109517862609 2.3999999999999986
      vertex 84.36611652351681 -111.73388347648319 0
      vertex 84.25830832463596 -111.6109517862609 0
    endloop
  endfacet
  facet normal 0.659345815100011 0.7518398074790282 0
    outer loop
      vertex 84.36611652351681 -111.73388347648319 2.3999999999999986
      vertex 84.4890482137391 -111.84169167536403 0
      vertex 84.36611652351681 -111.73388347648319 0
    endloop
  endfacet
  facet normal 0.5555702330196393 0.8314696123025206 0
    outer loop
      vertex 84.4890482137391 -111.84169167536403 2.3999999999999986
      vertex 84.625 -111.93253175473055 0
      vertex 84.4890482137391 -111.84169167536403 0
    endloop
  endfacet
  facet normal 0.4422886902189741 0.8968727415327017 0
    outer loop
      vertex 84.625 -111.93253175473055 2.3999999999999986
      vertex 84.77164570954363 -112.0048494156391 0
      vertex 84.625 -111.93253175473055 0
    endloop
  endfacet
  facet normal -0.8968727415327017 0.4422886902189741 0
    outer loop
      vertex 86.33253175473055 -111.475 2.3999999999999986
      vertex 86.4048494156391 -111.32835429045636 0
      vertex 86.33253175473055 -111.475 0
    endloop
  endfacet
  facet normal -0.7518398074790282 0.659345815100011 0
    outer loop
      vertex 86.13388347648319 -111.73388347648319 2.3999999999999986
      vertex 86.24169167536404 -111.6109517862609 0
      vertex 86.13388347648319 -111.73388347648319 0
    endloop
  endfacet
  facet normal -0.8314696123025206 0.5555702330196393 0
    outer loop
      vertex 86.24169167536404 -111.6109517862609 2.3999999999999986
      vertex 86.33253175473055 -111.475 0
      vertex 86.24169167536404 -111.6109517862609 0
    endloop
  endfacet
  facet normal 0.3214394653031866 0.9469301294950973 0
    outer loop
      vertex 84.77164570954363 -112.0048494156391 2.3999999999999986
      vertex 84.92647619362185 -112.05740728286133 0
      vertex 84.77164570954363 -112.0048494156391 0
    endloop
  endfacet
  facet normal 0.19509032201615126 0.9807852804032258 0
    outer loop
      vertex 84.92647619362185 -112.05740728286133 2.3999999999999986
      vertex 85.08684225972493 -112.08930607671726 0
      vertex 84.92647619362185 -112.05740728286133 0
    endloop
  endfacet
  facet normal 0.06540312923009983 0.9978589232386063 0
    outer loop
      vertex 85.08684225972493 -112.08930607671726 2.3999999999999986
      vertex 85.25 -112.1 0
      vertex 85.08684225972493 -112.08930607671726 0
    endloop
  endfacet
  facet normal -0.06540312923009983 0.9978589232386063 0
    outer loop
      vertex 85.25 -112.1 2.3999999999999986
      vertex 85.41315774027507 -112.08930607671726 0
      vertex 85.25 -112.1 0
    endloop
  endfacet
  facet normal -0.19509032201615126 0.9807852804032258 0
    outer loop
      vertex 85.41315774027507 -112.08930607671726 2.3999999999999986
      vertex 85.57352380637815 -112.05740728286133 0
      vertex 85.41315774027507 -112.08930607671726 0
    endloop
  endfacet
  facet normal -0.4422886902189741 0.8968727415327017 0
    outer loop
      vertex 85.72835429045637 -112.0048494156391 2.3999999999999986
      vertex 85.875 -111.93253175473055 0
      vertex 85.72835429045637 -112.0048494156391 0
    endloop
  endfacet
  facet normal -0.5555702330196393 0.8314696123025206 0
    outer loop
      vertex 85.875 -111.93253175473055 2.3999999999999986
      vertex 86.0109517862609 -111.84169167536403 0
      vertex 85.875 -111.93253175473055 0
    endloop
  endfacet
  facet normal -0.3214394653031866 0.9469301294950973 0
    outer loop
      vertex 85.57352380637815 -112.05740728286133 2.3999999999999986
      vertex 85.72835429045637 -112.0048494156391 0
      vertex 85.57352380637815 -112.05740728286133 0
    endloop
  endfacet
  facet normal -0.659345815100011 0.7518398074790282 0
    outer loop
      vertex 86.0109517862609 -111.84169167536403 2.3999999999999986
      vertex 86.13388347648319 -111.73388347648319 0
      vertex 86.0109517862609 -111.84169167536403 0
    endloop
  endfacet
  facet normal -0.9978589232386063 0.06540312923009983 0
    outer loop
      vertex 86.48930607671727 -111.01315774027506 2.3999999999999986
      vertex 86.5 -110.85 0
      vertex 86.48930607671727 -111.01315774027506 0
    endloop
  endfacet
  facet normal -0.9807852804032258 0.19509032201615126 0
    outer loop
      vertex 86.45740728286134 -111.17352380637814 2.3999999999999986
      vertex 86.48930607671727 -111.01315774027506 0
      vertex 86.45740728286134 -111.17352380637814 0
    endloop
  endfacet
  facet normal -0.9469301294950973 0.3214394653031866 0
    outer loop
      vertex 86.4048494156391 -111.32835429045636 2.3999999999999986
      vertex 86.45740728286134 -111.17352380637814 0
      vertex 86.4048494156391 -111.32835429045636 0
    endloop
  endfacet
  facet normal 0.5555702330195792 -0.8314696123025607 0
    outer loop
      vertex 90.625 -50.167468245269454 2.3999999999999986
      vertex 90.4890482137391 -50.258308324635955 2.3999999999999986
      vertex 90.4890482137391 -50.258308324635955 0
    endloop
  endfacet
  facet normal 0.6593458151000601 -0.7518398074789852 0
    outer loop
      vertex 90.4890482137391 -50.258308324635955 2.3999999999999986
      vertex 90.36611652351681 -50.366116523516816 2.3999999999999986
      vertex 90.36611652351681 -50.366116523516816 0
    endloop
  endfacet
  facet normal 0.442288690219009 -0.8968727415326844 0
    outer loop
      vertex 90.77164570954363 -50.095150584360894 2.3999999999999986
      vertex 90.625 -50.167468245269454 2.3999999999999986
      vertex 90.625 -50.167468245269454 0
    endloop
  endfacet
  facet normal 0.3214394653031477 -0.9469301294951105 0
    outer loop
      vertex 90.92647619362185 -50.04259271713867 2.3999999999999986
      vertex 90.77164570954363 -50.095150584360894 2.3999999999999986
      vertex 90.77164570954363 -50.095150584360894 0
    endloop
  endfacet
  facet normal 0.19509032201615126 -0.9807852804032258 0
    outer loop
      vertex 91.08684225972493 -50.01069392328274 2.3999999999999986
      vertex 90.92647619362185 -50.04259271713867 2.3999999999999986
      vertex 90.92647619362185 -50.04259271713867 0
    endloop
  endfacet
  facet normal 0.0654031292301431 -0.9978589232386034 0
    outer loop
      vertex 91.25 -50 2.3999999999999986
      vertex 91.08684225972493 -50.01069392328274 2.3999999999999986
      vertex 91.08684225972493 -50.01069392328274 0
    endloop
  endfacet
  facet normal 0.8314696123025206 -0.5555702330196393 0
    outer loop
      vertex 90.25830832463596 -50.489048213739096 2.3999999999999986
      vertex 90.16746824526945 -50.625 2.3999999999999986
      vertex 90.16746824526945 -50.625 0
    endloop
  endfacet
  facet normal 0.7518398074790094 -0.6593458151000325 0
    outer loop
      vertex 90.36611652351681 -50.366116523516816 2.3999999999999986
      vertex 90.25830832463596 -50.489048213739096 2.3999999999999986
      vertex 90.25830832463596 -50.489048213739096 0
    endloop
  endfacet
  facet normal 0.8968727415327102 -0.44228869021895684 0
    outer loop
      vertex 90.16746824526945 -50.625 2.3999999999999986
      vertex 90.0951505843609 -50.77164570954364 2.3999999999999986
      vertex 90.0951505843609 -50.77164570954364 0
    endloop
  endfacet
  facet normal 0.9469301294950926 -0.3214394653031999 0
    outer loop
      vertex 90.0951505843609 -50.77164570954364 2.3999999999999986
      vertex 90.04259271713866 -50.92647619362185 2.3999999999999986
      vertex 90.04259271713866 -50.92647619362185 0
    endloop
  endfacet
  facet normal 0.9807852804032258 -0.19509032201615126 0
    outer loop
      vertex 90.04259271713866 -50.92647619362185 2.3999999999999986
      vertex 90.01069392328273 -51.08684225972493 2.3999999999999986
      vertex 90.01069392328273 -51.08684225972493 0
    endloop
  endfacet
  facet normal 0.9978589232386063 -0.06540312923009983 0
    outer loop
      vertex 90.01069392328273 -51.08684225972493 2.3999999999999986
      vertex 90 -51.25 2.3999999999999986
      vertex 90 -51.25 0
    endloop
  endfacet
  facet normal -0.0654031292301431 -0.9978589232386034 0
    outer loop
      vertex 91.41315774027507 -50.01069392328274 2.3999999999999986
      vertex 91.25 -50 2.3999999999999986
      vertex 91.25 -50 0
    endloop
  endfacet
  facet normal -0.19509032201615126 -0.9807852804032258 0
    outer loop
      vertex 91.57352380637815 -50.04259271713867 2.3999999999999986
      vertex 91.41315774027507 -50.01069392328274 2.3999999999999986
      vertex 91.41315774027507 -50.01069392328274 0
    endloop
  endfacet
  facet normal -0.3214394653031477 -0.9469301294951105 0
    outer loop
      vertex 91.72835429045637 -50.095150584360894 2.3999999999999986
      vertex 91.57352380637815 -50.04259271713867 2.3999999999999986
      vertex 91.57352380637815 -50.04259271713867 0
    endloop
  endfacet
  facet normal -0.442288690219009 -0.8968727415326844 0
    outer loop
      vertex 91.875 -50.167468245269454 2.3999999999999986
      vertex 91.72835429045637 -50.095150584360894 2.3999999999999986
      vertex 91.72835429045637 -50.095150584360894 0
    endloop
  endfacet
  facet normal -0.5555702330195792 -0.8314696123025607 0
    outer loop
      vertex 92.0109517862609 -50.258308324635955 2.3999999999999986
      vertex 91.875 -50.167468245269454 2.3999999999999986
      vertex 91.875 -50.167468245269454 0
    endloop
  endfacet
  facet normal -0.6593458151000601 -0.7518398074789852 0
    outer loop
      vertex 92.13388347648319 -50.366116523516816 2.3999999999999986
      vertex 92.0109517862609 -50.258308324635955 2.3999999999999986
      vertex 92.0109517862609 -50.258308324635955 0
    endloop
  endfacet
  facet normal -0.7518398074790094 -0.6593458151000325 0
    outer loop
      vertex 92.24169167536404 -50.489048213739096 2.3999999999999986
      vertex 92.13388347648319 -50.366116523516816 2.3999999999999986
      vertex 92.13388347648319 -50.366116523516816 0
    endloop
  endfacet
  facet normal -0.8314696123025206 -0.5555702330196393 0
    outer loop
      vertex 92.33253175473055 -50.625 2.3999999999999986
      vertex 92.24169167536404 -50.489048213739096 2.3999999999999986
      vertex 92.24169167536404 -50.489048213739096 0
    endloop
  endfacet
  facet normal -0.8968727415327102 -0.44228869021895684 0
    outer loop
      vertex 92.4048494156391 -50.77164570954364 2.3999999999999986
      vertex 92.33253175473055 -50.625 2.3999999999999986
      vertex 92.33253175473055 -50.625 0
    endloop
  endfacet
  facet normal -0.9469301294950926 -0.3214394653031999 0
    outer loop
      vertex 92.45740728286134 -50.92647619362185 2.3999999999999986
      vertex 92.4048494156391 -50.77164570954364 2.3999999999999986
      vertex 92.4048494156391 -50.77164570954364 0
    endloop
  endfacet
  facet normal -0.9807852804032258 -0.19509032201615126 0
    outer loop
      vertex 92.48930607671727 -51.08684225972493 2.3999999999999986
      vertex 92.45740728286134 -50.92647619362185 2.3999999999999986
      vertex 92.45740728286134 -50.92647619362185 0
    endloop
  endfacet
  facet normal -0.9978589232386063 -0.06540312923009983 0
    outer loop
      vertex 92.5 -51.25 2.3999999999999986
      vertex 92.48930607671727 -51.08684225972493 2.3999999999999986
      vertex 92.48930607671727 -51.08684225972493 0
    endloop
  endfacet
  facet normal 0.442288690219009 -0.8968727415326844 0
    outer loop
      vertex 90.77164570954363 -50.095150584360894 2.3999999999999986
      vertex 90.625 -50.167468245269454 0
      vertex 90.77164570954363 -50.095150584360894 0
    endloop
  endfacet
  facet normal 0.5555702330195792 -0.8314696123025607 0
    outer loop
      vertex 90.625 -50.167468245269454 2.3999999999999986
      vertex 90.4890482137391 -50.258308324635955 0
      vertex 90.625 -50.167468245269454 0
    endloop
  endfacet
  facet normal 0.6593458151000601 -0.7518398074789852 0
    outer loop
      vertex 90.4890482137391 -50.258308324635955 2.3999999999999986
      vertex 90.36611652351681 -50.366116523516816 0
      vertex 90.4890482137391 -50.258308324635955 0
    endloop
  endfacet
  facet normal 0.3214394653031477 -0.9469301294951105 0
    outer loop
      vertex 90.92647619362185 -50.04259271713867 2.3999999999999986
      vertex 90.77164570954363 -50.095150584360894 0
      vertex 90.92647619362185 -50.04259271713867 0
    endloop
  endfacet
  facet normal 0.0654031292301431 -0.9978589232386034 0
    outer loop
      vertex 91.25 -50 2.3999999999999986
      vertex 91.08684225972493 -50.01069392328274 0
      vertex 91.25 -50 0
    endloop
  endfacet
  facet normal 0.19509032201615126 -0.9807852804032258 0
    outer loop
      vertex 91.08684225972493 -50.01069392328274 2.3999999999999986
      vertex 90.92647619362185 -50.04259271713867 0
      vertex 91.08684225972493 -50.01069392328274 0
    endloop
  endfacet
  facet normal 0.7518398074790094 -0.6593458151000325 0
    outer loop
      vertex 90.36611652351681 -50.366116523516816 2.3999999999999986
      vertex 90.25830832463596 -50.489048213739096 0
      vertex 90.36611652351681 -50.366116523516816 0
    endloop
  endfacet
  facet normal 0.8314696123025206 -0.5555702330196393 0
    outer loop
      vertex 90.25830832463596 -50.489048213739096 2.3999999999999986
      vertex 90.16746824526945 -50.625 0
      vertex 90.25830832463596 -50.489048213739096 0
    endloop
  endfacet
  facet normal 0.8968727415327102 -0.44228869021895684 0
    outer loop
      vertex 90.16746824526945 -50.625 2.3999999999999986
      vertex 90.0951505843609 -50.77164570954364 0
      vertex 90.16746824526945 -50.625 0
    endloop
  endfacet
  facet normal 0.9469301294950926 -0.3214394653031999 0
    outer loop
      vertex 90.0951505843609 -50.77164570954364 2.3999999999999986
      vertex 90.04259271713866 -50.92647619362185 0
      vertex 90.0951505843609 -50.77164570954364 0
    endloop
  endfacet
  facet normal 0.9807852804032258 -0.19509032201615126 0
    outer loop
      vertex 90.04259271713866 -50.92647619362185 2.3999999999999986
      vertex 90.01069392328273 -51.08684225972493 0
      vertex 90.04259271713866 -50.92647619362185 0
    endloop
  endfacet
  facet normal 0.9978589232386063 -0.06540312923009983 0
    outer loop
      vertex 90.01069392328273 -51.08684225972493 2.3999999999999986
      vertex 90 -51.25 0
      vertex 90.01069392328273 -51.08684225972493 0
    endloop
  endfacet
  facet normal -0.0654031292301431 -0.9978589232386034 0
    outer loop
      vertex 91.41315774027507 -50.01069392328274 2.3999999999999986
      vertex 91.25 -50 0
      vertex 91.41315774027507 -50.01069392328274 0
    endloop
  endfacet
  facet normal -0.19509032201615126 -0.9807852804032258 0
    outer loop
      vertex 91.57352380637815 -50.04259271713867 2.3999999999999986
      vertex 91.41315774027507 -50.01069392328274 0
      vertex 91.57352380637815 -50.04259271713867 0
    endloop
  endfacet
  facet normal -0.3214394653031477 -0.9469301294951105 0
    outer loop
      vertex 91.72835429045637 -50.095150584360894 2.3999999999999986
      vertex 91.57352380637815 -50.04259271713867 0
      vertex 91.72835429045637 -50.095150584360894 0
    endloop
  endfacet
  facet normal -0.442288690219009 -0.8968727415326844 0
    outer loop
      vertex 91.875 -50.167468245269454 2.3999999999999986
      vertex 91.72835429045637 -50.095150584360894 0
      vertex 91.875 -50.167468245269454 0
    endloop
  endfacet
  facet normal -0.5555702330195792 -0.8314696123025607 0
    outer loop
      vertex 92.0109517862609 -50.258308324635955 2.3999999999999986
      vertex 91.875 -50.167468245269454 0
      vertex 92.0109517862609 -50.258308324635955 0
    endloop
  endfacet
  facet normal -0.6593458151000601 -0.7518398074789852 0
    outer loop
      vertex 92.13388347648319 -50.366116523516816 2.3999999999999986
      vertex 92.0109517862609 -50.258308324635955 0
      vertex 92.13388347648319 -50.366116523516816 0
    endloop
  endfacet
  facet normal -0.7518398074790094 -0.6593458151000325 0
    outer loop
      vertex 92.24169167536404 -50.489048213739096 2.3999999999999986
      vertex 92.13388347648319 -50.366116523516816 0
      vertex 92.24169167536404 -50.489048213739096 0
    endloop
  endfacet
  facet normal -0.8314696123025206 -0.5555702330196393 0
    outer loop
      vertex 92.33253175473055 -50.625 2.3999999999999986
      vertex 92.24169167536404 -50.489048213739096 0
      vertex 92.33253175473055 -50.625 0
    endloop
  endfacet
  facet normal -0.8968727415327102 -0.44228869021895684 0
    outer loop
      vertex 92.4048494156391 -50.77164570954364 2.3999999999999986
      vertex 92.33253175473055 -50.625 0
      vertex 92.4048494156391 -50.77164570954364 0
    endloop
  endfacet
  facet normal -0.9469301294950926 -0.3214394653031999 0
    outer loop
      vertex 92.45740728286134 -50.92647619362185 2.3999999999999986
      vertex 92.4048494156391 -50.77164570954364 0
      vertex 92.45740728286134 -50.92647619362185 0
    endloop
  endfacet
  facet normal -0.9807852804032258 -0.19509032201615126 0
    outer loop
      vertex 92.48930607671727 -51.08684225972493 2.3999999999999986
      vertex 92.45740728286134 -50.92647619362185 0
      vertex 92.48930607671727 -51.08684225972493 0
    endloop
  endfacet
  facet normal -0.9978589232386063 -0.06540312923009983 0
    outer loop
      vertex 92.5 -51.25 2.3999999999999986
      vertex 92.48930607671727 -51.08684225972493 0
      vertex 92.5 -51.25 0
    endloop
  endfacet
  facet normal -1 0 0
    outer loop
      vertex 92.5 -110.85 2.3999999999999986
      vertex 92.5 -51.25 2.3999999999999986
      vertex 92.5 -51.25 0
    endloop
  endfacet
  facet normal 1 0 0
    outer loop
      vertex 90 -110.85 0
      vertex 90 -51.25 0
      vertex 90 -51.25 2.3999999999999986
    endloop
  endfacet
  facet normal 1 0 0
    outer loop
      vertex 90 -51.25 2.3999999999999986
      vertex 90 -110.85 2.3999999999999986
      vertex 90 -110.85 0
    endloop
  endfacet
  facet normal -1 0 0
    outer loop
      vertex 92.5 -51.25 0
      vertex 92.5 -110.85 0
      vertex 92.5 -110.85 2.3999999999999986
    endloop
  endfacet
  facet normal 0.9978589232386063 0.06540312923009983 0
    outer loop
      vertex 90 -110.85 2.3999999999999986
      vertex 90.01069392328273 -111.01315774027506 2.3999999999999986
      vertex 90.01069392328273 -111.01315774027506 0
    endloop
  endfacet
  facet normal 0.9807852804032258 0.19509032201615126 0
    outer loop
      vertex 90.01069392328273 -111.01315774027506 2.3999999999999986
      vertex 90.04259271713866 -111.17352380637814 2.3999999999999986
      vertex 90.04259271713866 -111.17352380637814 0
    endloop
  endfacet
  facet normal 0.9469301294950973 0.3214394653031866 0
    outer loop
      vertex 90.04259271713866 -111.17352380637814 2.3999999999999986
      vertex 90.0951505843609 -111.32835429045636 2.3999999999999986
      vertex 90.0951505843609 -111.32835429045636 0
    endloop
  endfacet
  facet normal 0.8968727415327017 0.4422886902189741 0
    outer loop
      vertex 90.0951505843609 -111.32835429045636 2.3999999999999986
      vertex 90.16746824526945 -111.475 2.3999999999999986
      vertex 90.16746824526945 -111.475 0
    endloop
  endfacet
  facet normal 0.8314696123025206 0.5555702330196393 0
    outer loop
      vertex 90.16746824526945 -111.475 2.3999999999999986
      vertex 90.25830832463596 -111.6109517862609 2.3999999999999986
      vertex 90.25830832463596 -111.6109517862609 0
    endloop
  endfacet
  facet normal 0.7518398074790282 0.659345815100011 0
    outer loop
      vertex 90.25830832463596 -111.6109517862609 2.3999999999999986
      vertex 90.36611652351681 -111.73388347648319 2.3999999999999986
      vertex 90.36611652351681 -111.73388347648319 0
    endloop
  endfacet
  facet normal 0.659345815100011 0.7518398074790282 0
    outer loop
      vertex 90.36611652351681 -111.73388347648319 2.3999999999999986
      vertex 90.4890482137391 -111.84169167536403 2.3999999999999986
      vertex 90.4890482137391 -111.84169167536403 0
    endloop
  endfacet
  facet normal 0.5555702330196393 0.8314696123025206 0
    outer loop
      vertex 90.4890482137391 -111.84169167536403 2.3999999999999986
      vertex 90.625 -111.93253175473055 2.3999999999999986
      vertex 90.625 -111.93253175473055 0
    endloop
  endfacet
  facet normal 0.4422886902189741 0.8968727415327017 0
    outer loop
      vertex 90.625 -111.93253175473055 2.3999999999999986
      vertex 90.77164570954363 -112.0048494156391 2.3999999999999986
      vertex 90.77164570954363 -112.0048494156391 0
    endloop
  endfacet
  facet normal 0.3214394653031866 0.9469301294950973 0
    outer loop
      vertex 90.77164570954363 -112.0048494156391 2.3999999999999986
      vertex 90.92647619362185 -112.05740728286133 2.3999999999999986
      vertex 90.92647619362185 -112.05740728286133 0
    endloop
  endfacet
  facet normal 0.19509032201615126 0.9807852804032258 0
    outer loop
      vertex 90.92647619362185 -112.05740728286133 2.3999999999999986
      vertex 91.08684225972493 -112.08930607671726 2.3999999999999986
      vertex 91.08684225972493 -112.08930607671726 0
    endloop
  endfacet
  facet normal 0.06540312923009983 0.9978589232386063 0
    outer loop
      vertex 91.08684225972493 -112.08930607671726 2.3999999999999986
      vertex 91.25 -112.1 2.3999999999999986
      vertex 91.25 -112.1 0
    endloop
  endfacet
  facet normal -0.9978589232386063 0.06540312923009983 0
    outer loop
      vertex 92.48930607671727 -111.01315774027506 2.3999999999999986
      vertex 92.5 -110.85 2.3999999999999986
      vertex 92.5 -110.85 0
    endloop
  endfacet
  facet normal -0.9807852804032258 0.19509032201615126 0
    outer loop
      vertex 92.45740728286134 -111.17352380637814 2.3999999999999986
      vertex 92.48930607671727 -111.01315774027506 2.3999999999999986
      vertex 92.48930607671727 -111.01315774027506 0
    endloop
  endfacet
  facet normal -0.9469301294950973 0.3214394653031866 0
    outer loop
      vertex 92.4048494156391 -111.32835429045636 2.3999999999999986
      vertex 92.45740728286134 -111.17352380637814 2.3999999999999986
      vertex 92.45740728286134 -111.17352380637814 0
    endloop
  endfacet
  facet normal -0.8968727415327017 0.4422886902189741 0
    outer loop
      vertex 92.33253175473055 -111.475 2.3999999999999986
      vertex 92.4048494156391 -111.32835429045636 2.3999999999999986
      vertex 92.4048494156391 -111.32835429045636 0
    endloop
  endfacet
  facet normal -0.8314696123025206 0.5555702330196393 0
    outer loop
      vertex 92.24169167536404 -111.6109517862609 2.3999999999999986
      vertex 92.33253175473055 -111.475 2.3999999999999986
      vertex 92.33253175473055 -111.475 0
    endloop
  endfacet
  facet normal -0.7518398074790282 0.659345815100011 0
    outer loop
      vertex 92.13388347648319 -111.73388347648319 2.3999999999999986
      vertex 92.24169167536404 -111.6109517862609 2.3999999999999986
      vertex 92.24169167536404 -111.6109517862609 0
    endloop
  endfacet
  facet normal -0.06540312923009983 0.9978589232386063 0
    outer loop
      vertex 91.25 -112.1 2.3999999999999986
      vertex 91.41315774027507 -112.08930607671726 2.3999999999999986
      vertex 91.41315774027507 -112.08930607671726 0
    endloop
  endfacet
  facet normal -0.19509032201615126 0.9807852804032258 0
    outer loop
      vertex 91.41315774027507 -112.08930607671726 2.3999999999999986
      vertex 91.57352380637815 -112.05740728286133 2.3999999999999986
      vertex 91.57352380637815 -112.05740728286133 0
    endloop
  endfacet
  facet normal -0.5555702330196393 0.8314696123025206 0
    outer loop
      vertex 91.875 -111.93253175473055 2.3999999999999986
      vertex 92.0109517862609 -111.84169167536403 2.3999999999999986
      vertex 92.0109517862609 -111.84169167536403 0
    endloop
  endfacet
  facet normal -0.4422886902189741 0.8968727415327017 0
    outer loop
      vertex 91.72835429045637 -112.0048494156391 2.3999999999999986
      vertex 91.875 -111.93253175473055 2.3999999999999986
      vertex 91.875 -111.93253175473055 0
    endloop
  endfacet
  facet normal -0.3214394653031866 0.9469301294950973 0
    outer loop
      vertex 91.57352380637815 -112.05740728286133 2.3999999999999986
      vertex 91.72835429045637 -112.0048494156391 2.3999999999999986
      vertex 91.72835429045637 -112.0048494156391 0
    endloop
  endfacet
  facet normal -0.659345815100011 0.7518398074790282 0
    outer loop
      vertex 92.0109517862609 -111.84169167536403 2.3999999999999986
      vertex 92.13388347648319 -111.73388347648319 2.3999999999999986
      vertex 92.13388347648319 -111.73388347648319 0
    endloop
  endfacet
  facet normal 0.9978589232386063 0.06540312923009983 0
    outer loop
      vertex 90 -110.85 2.3999999999999986
      vertex 90.01069392328273 -111.01315774027506 0
      vertex 90 -110.85 0
    endloop
  endfacet
  facet normal 0.9807852804032258 0.19509032201615126 0
    outer loop
      vertex 90.01069392328273 -111.01315774027506 2.3999999999999986
      vertex 90.04259271713866 -111.17352380637814 0
      vertex 90.01069392328273 -111.01315774027506 0
    endloop
  endfacet
  facet normal 0.9469301294950973 0.3214394653031866 0
    outer loop
      vertex 90.04259271713866 -111.17352380637814 2.3999999999999986
      vertex 90.0951505843609 -111.32835429045636 0
      vertex 90.04259271713866 -111.17352380637814 0
    endloop
  endfacet
  facet normal 0.8968727415327017 0.4422886902189741 0
    outer loop
      vertex 90.0951505843609 -111.32835429045636 2.3999999999999986
      vertex 90.16746824526945 -111.475 0
      vertex 90.0951505843609 -111.32835429045636 0
    endloop
  endfacet
  facet normal 0.8314696123025206 0.5555702330196393 0
    outer loop
      vertex 90.16746824526945 -111.475 2.3999999999999986
      vertex 90.25830832463596 -111.6109517862609 0
      vertex 90.16746824526945 -111.475 0
    endloop
  endfacet
  facet normal 0.7518398074790282 0.659345815100011 0
    outer loop
      vertex 90.25830832463596 -111.6109517862609 2.3999999999999986
      vertex 90.36611652351681 -111.73388347648319 0
      vertex 90.25830832463596 -111.6109517862609 0
    endloop
  endfacet
  facet normal 0.659345815100011 0.7518398074790282 0
    outer loop
      vertex 90.36611652351681 -111.73388347648319 2.3999999999999986
      vertex 90.4890482137391 -111.84169167536403 0
      vertex 90.36611652351681 -111.73388347648319 0
    endloop
  endfacet
  facet normal 0.5555702330196393 0.8314696123025206 0
    outer loop
      vertex 90.4890482137391 -111.84169167536403 2.3999999999999986
      vertex 90.625 -111.93253175473055 0
      vertex 90.4890482137391 -111.84169167536403 0
    endloop
  endfacet
  facet normal 0.4422886902189741 0.8968727415327017 0
    outer loop
      vertex 90.625 -111.93253175473055 2.3999999999999986
      vertex 90.77164570954363 -112.0048494156391 0
      vertex 90.625 -111.93253175473055 0
    endloop
  endfacet
  facet normal 0.3214394653031866 0.9469301294950973 0
    outer loop
      vertex 90.77164570954363 -112.0048494156391 2.3999999999999986
      vertex 90.92647619362185 -112.05740728286133 0
      vertex 90.77164570954363 -112.0048494156391 0
    endloop
  endfacet
  facet normal 0.19509032201615126 0.9807852804032258 0
    outer loop
      vertex 90.92647619362185 -112.05740728286133 2.3999999999999986
      vertex 91.08684225972493 -112.08930607671726 0
      vertex 90.92647619362185 -112.05740728286133 0
    endloop
  endfacet
  facet normal 0.06540312923009983 0.9978589232386063 0
    outer loop
      vertex 91.08684225972493 -112.08930607671726 2.3999999999999986
      vertex 91.25 -112.1 0
      vertex 91.08684225972493 -112.08930607671726 0
    endloop
  endfacet
  facet normal -0.9978589232386063 0.06540312923009983 0
    outer loop
      vertex 92.48930607671727 -111.01315774027506 2.3999999999999986
      vertex 92.5 -110.85 0
      vertex 92.48930607671727 -111.01315774027506 0
    endloop
  endfacet
  facet normal -0.9807852804032258 0.19509032201615126 0
    outer loop
      vertex 92.45740728286134 -111.17352380637814 2.3999999999999986
      vertex 92.48930607671727 -111.01315774027506 0
      vertex 92.45740728286134 -111.17352380637814 0
    endloop
  endfacet
  facet normal -0.9469301294950973 0.3214394653031866 0
    outer loop
      vertex 92.4048494156391 -111.32835429045636 2.3999999999999986
      vertex 92.45740728286134 -111.17352380637814 0
      vertex 92.4048494156391 -111.32835429045636 0
    endloop
  endfacet
  facet normal -0.8968727415327017 0.4422886902189741 0
    outer loop
      vertex 92.33253175473055 -111.475 2.3999999999999986
      vertex 92.4048494156391 -111.32835429045636 0
      vertex 92.33253175473055 -111.475 0
    endloop
  endfacet
  facet normal -0.7518398074790282 0.659345815100011 0
    outer loop
      vertex 92.13388347648319 -111.73388347648319 2.3999999999999986
      vertex 92.24169167536404 -111.6109517862609 0
      vertex 92.13388347648319 -111.73388347648319 0
    endloop
  endfacet
  facet normal -0.8314696123025206 0.5555702330196393 0
    outer loop
      vertex 92.24169167536404 -111.6109517862609 2.3999999999999986
      vertex 92.33253175473055 -111.475 0
      vertex 92.24169167536404 -111.6109517862609 0
    endloop
  endfacet
  facet normal -0.06540312923009983 0.9978589232386063 0
    outer loop
      vertex 91.25 -112.1 2.3999999999999986
      vertex 91.41315774027507 -112.08930607671726 0
      vertex 91.25 -112.1 0
    endloop
  endfacet
  facet normal -0.19509032201615126 0.9807852804032258 0
    outer loop
      vertex 91.41315774027507 -112.08930607671726 2.3999999999999986
      vertex 91.57352380637815 -112.05740728286133 0
      vertex 91.41315774027507 -112.08930607671726 0
    endloop
  endfacet
  facet normal -0.4422886902189741 0.8968727415327017 0
    outer loop
      vertex 91.72835429045637 -112.0048494156391 2.3999999999999986
      vertex 91.875 -111.93253175473055 0
      vertex 91.72835429045637 -112.0048494156391 0
    endloop
  endfacet
  facet normal -0.5555702330196393 0.8314696123025206 0
    outer loop
      vertex 91.875 -111.93253175473055 2.3999999999999986
      vertex 92.0109517862609 -111.84169167536403 0
      vertex 91.875 -111.93253175473055 0
    endloop
  endfacet
  facet normal -0.3214394653031866 0.9469301294950973 0
    outer loop
      vertex 91.57352380637815 -112.05740728286133 2.3999999999999986
      vertex 91.72835429045637 -112.0048494156391 0
      vertex 91.57352380637815 -112.05740728286133 0
    endloop
  endfacet
  facet normal -0.659345815100011 0.7518398074790282 0
    outer loop
      vertex 92.0109517862609 -111.84169167536403 2.3999999999999986
      vertex 92.13388347648319 -111.73388347648319 0
      vertex 92.0109517862609 -111.84169167536403 0
    endloop
  endfacet
  facet normal 0.5555702330195792 -0.8314696123025607 0
    outer loop
      vertex 96.625 -50.167468245269454 2.3999999999999986
      vertex 96.4890482137391 -50.258308324635955 2.3999999999999986
      vertex 96.4890482137391 -50.258308324635955 0
    endloop
  endfacet
  facet normal 0.6593458151000601 -0.7518398074789852 0
    outer loop
      vertex 96.4890482137391 -50.258308324635955 2.3999999999999986
      vertex 96.36611652351681 -50.366116523516816 2.3999999999999986
      vertex 96.36611652351681 -50.366116523516816 0
    endloop
  endfacet
  facet normal 0.442288690219009 -0.8968727415326844 0
    outer loop
      vertex 96.77164570954363 -50.095150584360894 2.3999999999999986
      vertex 96.625 -50.167468245269454 2.3999999999999986
      vertex 96.625 -50.167468245269454 0
    endloop
  endfacet
  facet normal 0.3214394653031477 -0.9469301294951105 0
    outer loop
      vertex 96.92647619362185 -50.04259271713867 2.3999999999999986
      vertex 96.77164570954363 -50.095150584360894 2.3999999999999986
      vertex 96.77164570954363 -50.095150584360894 0
    endloop
  endfacet
  facet normal 0.19509032201615126 -0.9807852804032258 0
    outer loop
      vertex 97.08684225972493 -50.01069392328274 2.3999999999999986
      vertex 96.92647619362185 -50.04259271713867 2.3999999999999986
      vertex 96.92647619362185 -50.04259271713867 0
    endloop
  endfacet
  facet normal 0.0654031292301431 -0.9978589232386034 0
    outer loop
      vertex 97.25 -50 2.3999999999999986
      vertex 97.08684225972493 -50.01069392328274 2.3999999999999986
      vertex 97.08684225972493 -50.01069392328274 0
    endloop
  endfacet
  facet normal -0.0654031292301431 -0.9978589232386034 0
    outer loop
      vertex 97.41315774027507 -50.01069392328274 2.3999999999999986
      vertex 97.25 -50 2.3999999999999986
      vertex 97.25 -50 0
    endloop
  endfacet
  facet normal -0.19509032201615126 -0.9807852804032258 0
    outer loop
      vertex 97.57352380637815 -50.04259271713867 2.3999999999999986
      vertex 97.41315774027507 -50.01069392328274 2.3999999999999986
      vertex 97.41315774027507 -50.01069392328274 0
    endloop
  endfacet
  facet normal 0.8314696123025206 -0.5555702330196393 0
    outer loop
      vertex 96.25830832463596 -50.489048213739096 2.3999999999999986
      vertex 96.16746824526945 -50.625 2.3999999999999986
      vertex 96.16746824526945 -50.625 0
    endloop
  endfacet
  facet normal 0.7518398074790094 -0.6593458151000325 0
    outer loop
      vertex 96.36611652351681 -50.366116523516816 2.3999999999999986
      vertex 96.25830832463596 -50.489048213739096 2.3999999999999986
      vertex 96.25830832463596 -50.489048213739096 0
    endloop
  endfacet
  facet normal 0.8968727415327102 -0.44228869021895684 0
    outer loop
      vertex 96.16746824526945 -50.625 2.3999999999999986
      vertex 96.0951505843609 -50.77164570954364 2.3999999999999986
      vertex 96.0951505843609 -50.77164570954364 0
    endloop
  endfacet
  facet normal 0.9469301294950926 -0.3214394653031999 0
    outer loop
      vertex 96.0951505843609 -50.77164570954364 2.3999999999999986
      vertex 96.04259271713866 -50.92647619362185 2.3999999999999986
      vertex 96.04259271713866 -50.92647619362185 0
    endloop
  endfacet
  facet normal 0.9807852804032258 -0.19509032201615126 0
    outer loop
      vertex 96.04259271713866 -50.92647619362185 2.3999999999999986
      vertex 96.01069392328273 -51.08684225972493 2.3999999999999986
      vertex 96.01069392328273 -51.08684225972493 0
    endloop
  endfacet
  facet normal 0.9978589232386063 -0.06540312923009983 0
    outer loop
      vertex 96.01069392328273 -51.08684225972493 2.3999999999999986
      vertex 96 -51.25 2.3999999999999986
      vertex 96 -51.25 0
    endloop
  endfacet
  facet normal -0.3214394653031477 -0.9469301294951105 0
    outer loop
      vertex 97.72835429045637 -50.095150584360894 2.3999999999999986
      vertex 97.57352380637815 -50.04259271713867 2.3999999999999986
      vertex 97.57352380637815 -50.04259271713867 0
    endloop
  endfacet
  facet normal -0.442288690219009 -0.8968727415326844 0
    outer loop
      vertex 97.875 -50.167468245269454 2.3999999999999986
      vertex 97.72835429045637 -50.095150584360894 2.3999999999999986
      vertex 97.72835429045637 -50.095150584360894 0
    endloop
  endfacet
  facet normal -0.5555702330195792 -0.8314696123025607 0
    outer loop
      vertex 98.0109517862609 -50.258308324635955 2.3999999999999986
      vertex 97.875 -50.167468245269454 2.3999999999999986
      vertex 97.875 -50.167468245269454 0
    endloop
  endfacet
  facet normal -0.6593458151000601 -0.7518398074789852 0
    outer loop
      vertex 98.13388347648319 -50.366116523516816 2.3999999999999986
      vertex 98.0109517862609 -50.258308324635955 2.3999999999999986
      vertex 98.0109517862609 -50.258308324635955 0
    endloop
  endfacet
  facet normal -0.7518398074790094 -0.6593458151000325 0
    outer loop
      vertex 98.24169167536404 -50.489048213739096 2.3999999999999986
      vertex 98.13388347648319 -50.366116523516816 2.3999999999999986
      vertex 98.13388347648319 -50.366116523516816 0
    endloop
  endfacet
  facet normal -0.8314696123025206 -0.5555702330196393 0
    outer loop
      vertex 98.33253175473055 -50.625 2.3999999999999986
      vertex 98.24169167536404 -50.489048213739096 2.3999999999999986
      vertex 98.24169167536404 -50.489048213739096 0
    endloop
  endfacet
  facet normal -0.8968727415327102 -0.44228869021895684 0
    outer loop
      vertex 98.4048494156391 -50.77164570954364 2.3999999999999986
      vertex 98.33253175473055 -50.625 2.3999999999999986
      vertex 98.33253175473055 -50.625 0
    endloop
  endfacet
  facet normal -0.9469301294950926 -0.3214394653031999 0
    outer loop
      vertex 98.45740728286134 -50.92647619362185 2.3999999999999986
      vertex 98.4048494156391 -50.77164570954364 2.3999999999999986
      vertex 98.4048494156391 -50.77164570954364 0
    endloop
  endfacet
  facet normal -0.9807852804032258 -0.19509032201615126 0
    outer loop
      vertex 98.48930607671727 -51.08684225972493 2.3999999999999986
      vertex 98.45740728286134 -50.92647619362185 2.3999999999999986
      vertex 98.45740728286134 -50.92647619362185 0
    endloop
  endfacet
  facet normal -0.9978589232386063 -0.06540312923009983 0
    outer loop
      vertex 98.5 -51.25 2.3999999999999986
      vertex 98.48930607671727 -51.08684225972493 2.3999999999999986
      vertex 98.48930607671727 -51.08684225972493 0
    endloop
  endfacet
  facet normal 0.442288690219009 -0.8968727415326844 0
    outer loop
      vertex 96.77164570954363 -50.095150584360894 2.3999999999999986
      vertex 96.625 -50.167468245269454 0
      vertex 96.77164570954363 -50.095150584360894 0
    endloop
  endfacet
  facet normal 0.5555702330195792 -0.8314696123025607 0
    outer loop
      vertex 96.625 -50.167468245269454 2.3999999999999986
      vertex 96.4890482137391 -50.258308324635955 0
      vertex 96.625 -50.167468245269454 0
    endloop
  endfacet
  facet normal 0.6593458151000601 -0.7518398074789852 0
    outer loop
      vertex 96.4890482137391 -50.258308324635955 2.3999999999999986
      vertex 96.36611652351681 -50.366116523516816 0
      vertex 96.4890482137391 -50.258308324635955 0
    endloop
  endfacet
  facet normal 0.3214394653031477 -0.9469301294951105 0
    outer loop
      vertex 96.92647619362185 -50.04259271713867 2.3999999999999986
      vertex 96.77164570954363 -50.095150584360894 0
      vertex 96.92647619362185 -50.04259271713867 0
    endloop
  endfacet
  facet normal 0.0654031292301431 -0.9978589232386034 0
    outer loop
      vertex 97.25 -50 2.3999999999999986
      vertex 97.08684225972493 -50.01069392328274 0
      vertex 97.25 -50 0
    endloop
  endfacet
  facet normal 0.19509032201615126 -0.9807852804032258 0
    outer loop
      vertex 97.08684225972493 -50.01069392328274 2.3999999999999986
      vertex 96.92647619362185 -50.04259271713867 0
      vertex 97.08684225972493 -50.01069392328274 0
    endloop
  endfacet
  facet normal -0.0654031292301431 -0.9978589232386034 0
    outer loop
      vertex 97.41315774027507 -50.01069392328274 2.3999999999999986
      vertex 97.25 -50 0
      vertex 97.41315774027507 -50.01069392328274 0
    endloop
  endfacet
  facet normal -0.19509032201615126 -0.9807852804032258 0
    outer loop
      vertex 97.57352380637815 -50.04259271713867 2.3999999999999986
      vertex 97.41315774027507 -50.01069392328274 0
      vertex 97.57352380637815 -50.04259271713867 0
    endloop
  endfacet
  facet normal 0.7518398074790094 -0.6593458151000325 0
    outer loop
      vertex 96.36611652351681 -50.366116523516816 2.3999999999999986
      vertex 96.25830832463596 -50.489048213739096 0
      vertex 96.36611652351681 -50.366116523516816 0
    endloop
  endfacet
  facet normal 0.8314696123025206 -0.5555702330196393 0
    outer loop
      vertex 96.25830832463596 -50.489048213739096 2.3999999999999986
      vertex 96.16746824526945 -50.625 0
      vertex 96.25830832463596 -50.489048213739096 0
    endloop
  endfacet
  facet normal 0.8968727415327102 -0.44228869021895684 0
    outer loop
      vertex 96.16746824526945 -50.625 2.3999999999999986
      vertex 96.0951505843609 -50.77164570954364 0
      vertex 96.16746824526945 -50.625 0
    endloop
  endfacet
  facet normal 0.9469301294950926 -0.3214394653031999 0
    outer loop
      vertex 96.0951505843609 -50.77164570954364 2.3999999999999986
      vertex 96.04259271713866 -50.92647619362185 0
      vertex 96.0951505843609 -50.77164570954364 0
    endloop
  endfacet
  facet normal 0.9807852804032258 -0.19509032201615126 0
    outer loop
      vertex 96.04259271713866 -50.92647619362185 2.3999999999999986
      vertex 96.01069392328273 -51.08684225972493 0
      vertex 96.04259271713866 -50.92647619362185 0
    endloop
  endfacet
  facet normal 0.9978589232386063 -0.06540312923009983 0
    outer loop
      vertex 96.01069392328273 -51.08684225972493 2.3999999999999986
      vertex 96 -51.25 0
      vertex 96.01069392328273 -51.08684225972493 0
    endloop
  endfacet
  facet normal -0.3214394653031477 -0.9469301294951105 0
    outer loop
      vertex 97.72835429045637 -50.095150584360894 2.3999999999999986
      vertex 97.57352380637815 -50.04259271713867 0
      vertex 97.72835429045637 -50.095150584360894 0
    endloop
  endfacet
  facet normal -0.442288690219009 -0.8968727415326844 0
    outer loop
      vertex 97.875 -50.167468245269454 2.3999999999999986
      vertex 97.72835429045637 -50.095150584360894 0
      vertex 97.875 -50.167468245269454 0
    endloop
  endfacet
  facet normal -0.5555702330195792 -0.8314696123025607 0
    outer loop
      vertex 98.0109517862609 -50.258308324635955 2.3999999999999986
      vertex 97.875 -50.167468245269454 0
      vertex 98.0109517862609 -50.258308324635955 0
    endloop
  endfacet
  facet normal -0.6593458151000601 -0.7518398074789852 0
    outer loop
      vertex 98.13388347648319 -50.366116523516816 2.3999999999999986
      vertex 98.0109517862609 -50.258308324635955 0
      vertex 98.13388347648319 -50.366116523516816 0
    endloop
  endfacet
  facet normal -0.7518398074790094 -0.6593458151000325 0
    outer loop
      vertex 98.24169167536404 -50.489048213739096 2.3999999999999986
      vertex 98.13388347648319 -50.366116523516816 0
      vertex 98.24169167536404 -50.489048213739096 0
    endloop
  endfacet
  facet normal -0.8314696123025206 -0.5555702330196393 0
    outer loop
      vertex 98.33253175473055 -50.625 2.3999999999999986
      vertex 98.24169167536404 -50.489048213739096 0
      vertex 98.33253175473055 -50.625 0
    endloop
  endfacet
  facet normal -0.8968727415327102 -0.44228869021895684 0
    outer loop
      vertex 98.4048494156391 -50.77164570954364 2.3999999999999986
      vertex 98.33253175473055 -50.625 0
      vertex 98.4048494156391 -50.77164570954364 0
    endloop
  endfacet
  facet normal -0.9469301294950926 -0.3214394653031999 0
    outer loop
      vertex 98.45740728286134 -50.92647619362185 2.3999999999999986
      vertex 98.4048494156391 -50.77164570954364 0
      vertex 98.45740728286134 -50.92647619362185 0
    endloop
  endfacet
  facet normal -0.9807852804032258 -0.19509032201615126 0
    outer loop
      vertex 98.48930607671727 -51.08684225972493 2.3999999999999986
      vertex 98.45740728286134 -50.92647619362185 0
      vertex 98.48930607671727 -51.08684225972493 0
    endloop
  endfacet
  facet normal -0.9978589232386063 -0.06540312923009983 0
    outer loop
      vertex 98.5 -51.25 2.3999999999999986
      vertex 98.48930607671727 -51.08684225972493 0
      vertex 98.5 -51.25 0
    endloop
  endfacet
  facet normal -1 0 0
    outer loop
      vertex 98.5 -110.85 2.3999999999999986
      vertex 98.5 -51.25 2.3999999999999986
      vertex 98.5 -51.25 0
    endloop
  endfacet
  facet normal 1 0 0
    outer loop
      vertex 96 -110.85 0
      vertex 96 -51.25 0
      vertex 96 -51.25 2.3999999999999986
    endloop
  endfacet
  facet normal 1 0 0
    outer loop
      vertex 96 -51.25 2.3999999999999986
      vertex 96 -110.85 2.3999999999999986
      vertex 96 -110.85 0
    endloop
  endfacet
  facet normal -1 0 0
    outer loop
      vertex 98.5 -51.25 0
      vertex 98.5 -110.85 0
      vertex 98.5 -110.85 2.3999999999999986
    endloop
  endfacet
  facet normal 0.9978589232386063 0.06540312923009983 0
    outer loop
      vertex 96 -110.85 2.3999999999999986
      vertex 96.01069392328273 -111.01315774027506 2.3999999999999986
      vertex 96.01069392328273 -111.01315774027506 0
    endloop
  endfacet
  facet normal 0.9807852804032258 0.19509032201615126 0
    outer loop
      vertex 96.01069392328273 -111.01315774027506 2.3999999999999986
      vertex 96.04259271713866 -111.17352380637814 2.3999999999999986
      vertex 96.04259271713866 -111.17352380637814 0
    endloop
  endfacet
  facet normal 0.9469301294950973 0.3214394653031866 0
    outer loop
      vertex 96.04259271713866 -111.17352380637814 2.3999999999999986
      vertex 96.0951505843609 -111.32835429045636 2.3999999999999986
      vertex 96.0951505843609 -111.32835429045636 0
    endloop
  endfacet
  facet normal 0.8968727415327017 0.4422886902189741 0
    outer loop
      vertex 96.0951505843609 -111.32835429045636 2.3999999999999986
      vertex 96.16746824526945 -111.475 2.3999999999999986
      vertex 96.16746824526945 -111.475 0
    endloop
  endfacet
  facet normal 0.8314696123025206 0.5555702330196393 0
    outer loop
      vertex 96.16746824526945 -111.475 2.3999999999999986
      vertex 96.25830832463596 -111.6109517862609 2.3999999999999986
      vertex 96.25830832463596 -111.6109517862609 0
    endloop
  endfacet
  facet normal 0.7518398074790282 0.659345815100011 0
    outer loop
      vertex 96.25830832463596 -111.6109517862609 2.3999999999999986
      vertex 96.36611652351681 -111.73388347648319 2.3999999999999986
      vertex 96.36611652351681 -111.73388347648319 0
    endloop
  endfacet
  facet normal 0.659345815100011 0.7518398074790282 0
    outer loop
      vertex 96.36611652351681 -111.73388347648319 2.3999999999999986
      vertex 96.4890482137391 -111.84169167536403 2.3999999999999986
      vertex 96.4890482137391 -111.84169167536403 0
    endloop
  endfacet
  facet normal 0.5555702330196393 0.8314696123025206 0
    outer loop
      vertex 96.4890482137391 -111.84169167536403 2.3999999999999986
      vertex 96.625 -111.93253175473055 2.3999999999999986
      vertex 96.625 -111.93253175473055 0
    endloop
  endfacet
  facet normal 0.4422886902189741 0.8968727415327017 0
    outer loop
      vertex 96.625 -111.93253175473055 2.3999999999999986
      vertex 96.77164570954363 -112.0048494156391 2.3999999999999986
      vertex 96.77164570954363 -112.0048494156391 0
    endloop
  endfacet
  facet normal 0.3214394653031866 0.9469301294950973 0
    outer loop
      vertex 96.77164570954363 -112.0048494156391 2.3999999999999986
      vertex 96.92647619362185 -112.05740728286133 2.3999999999999986
      vertex 96.92647619362185 -112.05740728286133 0
    endloop
  endfacet
  facet normal 0.19509032201615126 0.9807852804032258 0
    outer loop
      vertex 96.92647619362185 -112.05740728286133 2.3999999999999986
      vertex 97.08684225972493 -112.08930607671726 2.3999999999999986
      vertex 97.08684225972493 -112.08930607671726 0
    endloop
  endfacet
  facet normal 0.06540312923009983 0.9978589232386063 0
    outer loop
      vertex 97.08684225972493 -112.08930607671726 2.3999999999999986
      vertex 97.25 -112.1 2.3999999999999986
      vertex 97.25 -112.1 0
    endloop
  endfacet
  facet normal -0.06540312923009983 0.9978589232386063 0
    outer loop
      vertex 97.25 -112.1 2.3999999999999986
      vertex 97.41315774027507 -112.08930607671726 2.3999999999999986
      vertex 97.41315774027507 -112.08930607671726 0
    endloop
  endfacet
  facet normal -0.19509032201615126 0.9807852804032258 0
    outer loop
      vertex 97.41315774027507 -112.08930607671726 2.3999999999999986
      vertex 97.57352380637815 -112.05740728286133 2.3999999999999986
      vertex 97.57352380637815 -112.05740728286133 0
    endloop
  endfacet
  facet normal -0.8968727415327017 0.4422886902189741 0
    outer loop
      vertex 98.33253175473055 -111.475 2.3999999999999986
      vertex 98.4048494156391 -111.32835429045636 2.3999999999999986
      vertex 98.4048494156391 -111.32835429045636 0
    endloop
  endfacet
  facet normal -0.8314696123025206 0.5555702330196393 0
    outer loop
      vertex 98.24169167536404 -111.6109517862609 2.3999999999999986
      vertex 98.33253175473055 -111.475 2.3999999999999986
      vertex 98.33253175473055 -111.475 0
    endloop
  endfacet
  facet normal -0.7518398074790282 0.659345815100011 0
    outer loop
      vertex 98.13388347648319 -111.73388347648319 2.3999999999999986
      vertex 98.24169167536404 -111.6109517862609 2.3999999999999986
      vertex 98.24169167536404 -111.6109517862609 0
    endloop
  endfacet
  facet normal -0.9978589232386063 0.06540312923009983 0
    outer loop
      vertex 98.48930607671727 -111.01315774027506 2.3999999999999986
      vertex 98.5 -110.85 2.3999999999999986
      vertex 98.5 -110.85 0
    endloop
  endfacet
  facet normal -0.9807852804032258 0.19509032201615126 0
    outer loop
      vertex 98.45740728286134 -111.17352380637814 2.3999999999999986
      vertex 98.48930607671727 -111.01315774027506 2.3999999999999986
      vertex 98.48930607671727 -111.01315774027506 0
    endloop
  endfacet
  facet normal -0.9469301294950973 0.3214394653031866 0
    outer loop
      vertex 98.4048494156391 -111.32835429045636 2.3999999999999986
      vertex 98.45740728286134 -111.17352380637814 2.3999999999999986
      vertex 98.45740728286134 -111.17352380637814 0
    endloop
  endfacet
  facet normal -0.5555702330196393 0.8314696123025206 0
    outer loop
      vertex 97.875 -111.93253175473055 2.3999999999999986
      vertex 98.0109517862609 -111.84169167536403 2.3999999999999986
      vertex 98.0109517862609 -111.84169167536403 0
    endloop
  endfacet
  facet normal -0.4422886902189741 0.8968727415327017 0
    outer loop
      vertex 97.72835429045637 -112.0048494156391 2.3999999999999986
      vertex 97.875 -111.93253175473055 2.3999999999999986
      vertex 97.875 -111.93253175473055 0
    endloop
  endfacet
  facet normal -0.3214394653031866 0.9469301294950973 0
    outer loop
      vertex 97.57352380637815 -112.05740728286133 2.3999999999999986
      vertex 97.72835429045637 -112.0048494156391 2.3999999999999986
      vertex 97.72835429045637 -112.0048494156391 0
    endloop
  endfacet
  facet normal -0.659345815100011 0.7518398074790282 0
    outer loop
      vertex 98.0109517862609 -111.84169167536403 2.3999999999999986
      vertex 98.13388347648319 -111.73388347648319 2.3999999999999986
      vertex 98.13388347648319 -111.73388347648319 0
    endloop
  endfacet
  facet normal 0.9978589232386063 0.06540312923009983 0
    outer loop
      vertex 96 -110.85 2.3999999999999986
      vertex 96.01069392328273 -111.01315774027506 0
      vertex 96 -110.85 0
    endloop
  endfacet
  facet normal 0.9807852804032258 0.19509032201615126 0
    outer loop
      vertex 96.01069392328273 -111.01315774027506 2.3999999999999986
      vertex 96.04259271713866 -111.17352380637814 0
      vertex 96.01069392328273 -111.01315774027506 0
    endloop
  endfacet
  facet normal 0.9469301294950973 0.3214394653031866 0
    outer loop
      vertex 96.04259271713866 -111.17352380637814 2.3999999999999986
      vertex 96.0951505843609 -111.32835429045636 0
      vertex 96.04259271713866 -111.17352380637814 0
    endloop
  endfacet
  facet normal 0.8968727415327017 0.4422886902189741 0
    outer loop
      vertex 96.0951505843609 -111.32835429045636 2.3999999999999986
      vertex 96.16746824526945 -111.475 0
      vertex 96.0951505843609 -111.32835429045636 0
    endloop
  endfacet
  facet normal 0.8314696123025206 0.5555702330196393 0
    outer loop
      vertex 96.16746824526945 -111.475 2.3999999999999986
      vertex 96.25830832463596 -111.6109517862609 0
      vertex 96.16746824526945 -111.475 0
    endloop
  endfacet
  facet normal 0.7518398074790282 0.659345815100011 0
    outer loop
      vertex 96.25830832463596 -111.6109517862609 2.3999999999999986
      vertex 96.36611652351681 -111.73388347648319 0
      vertex 96.25830832463596 -111.6109517862609 0
    endloop
  endfacet
  facet normal 0.659345815100011 0.7518398074790282 0
    outer loop
      vertex 96.36611652351681 -111.73388347648319 2.3999999999999986
      vertex 96.4890482137391 -111.84169167536403 0
      vertex 96.36611652351681 -111.73388347648319 0
    endloop
  endfacet
  facet normal 0.5555702330196393 0.8314696123025206 0
    outer loop
      vertex 96.4890482137391 -111.84169167536403 2.3999999999999986
      vertex 96.625 -111.93253175473055 0
      vertex 96.4890482137391 -111.84169167536403 0
    endloop
  endfacet
  facet normal 0.4422886902189741 0.8968727415327017 0
    outer loop
      vertex 96.625 -111.93253175473055 2.3999999999999986
      vertex 96.77164570954363 -112.0048494156391 0
      vertex 96.625 -111.93253175473055 0
    endloop
  endfacet
  facet normal 0.3214394653031866 0.9469301294950973 0
    outer loop
      vertex 96.77164570954363 -112.0048494156391 2.3999999999999986
      vertex 96.92647619362185 -112.05740728286133 0
      vertex 96.77164570954363 -112.0048494156391 0
    endloop
  endfacet
  facet normal 0.19509032201615126 0.9807852804032258 0
    outer loop
      vertex 96.92647619362185 -112.05740728286133 2.3999999999999986
      vertex 97.08684225972493 -112.08930607671726 0
      vertex 96.92647619362185 -112.05740728286133 0
    endloop
  endfacet
  facet normal 0.06540312923009983 0.9978589232386063 0
    outer loop
      vertex 97.08684225972493 -112.08930607671726 2.3999999999999986
      vertex 97.25 -112.1 0
      vertex 97.08684225972493 -112.08930607671726 0
    endloop
  endfacet
  facet normal -0.06540312923009983 0.9978589232386063 0
    outer loop
      vertex 97.25 -112.1 2.3999999999999986
      vertex 97.41315774027507 -112.08930607671726 0
      vertex 97.25 -112.1 0
    endloop
  endfacet
  facet normal -0.19509032201615126 0.9807852804032258 0
    outer loop
      vertex 97.41315774027507 -112.08930607671726 2.3999999999999986
      vertex 97.57352380637815 -112.05740728286133 0
      vertex 97.41315774027507 -112.08930607671726 0
    endloop
  endfacet
  facet normal -0.8968727415327017 0.4422886902189741 0
    outer loop
      vertex 98.33253175473055 -111.475 2.3999999999999986
      vertex 98.4048494156391 -111.32835429045636 0
      vertex 98.33253175473055 -111.475 0
    endloop
  endfacet
  facet normal -0.7518398074790282 0.659345815100011 0
    outer loop
      vertex 98.13388347648319 -111.73388347648319 2.3999999999999986
      vertex 98.24169167536404 -111.6109517862609 0
      vertex 98.13388347648319 -111.73388347648319 0
    endloop
  endfacet
  facet normal -0.8314696123025206 0.5555702330196393 0
    outer loop
      vertex 98.24169167536404 -111.6109517862609 2.3999999999999986
      vertex 98.33253175473055 -111.475 0
      vertex 98.24169167536404 -111.6109517862609 0
    endloop
  endfacet
  facet normal -0.9978589232386063 0.06540312923009983 0
    outer loop
      vertex 98.48930607671727 -111.01315774027506 2.3999999999999986
      vertex 98.5 -110.85 0
      vertex 98.48930607671727 -111.01315774027506 0
    endloop
  endfacet
  facet normal -0.9807852804032258 0.19509032201615126 0
    outer loop
      vertex 98.45740728286134 -111.17352380637814 2.3999999999999986
      vertex 98.48930607671727 -111.01315774027506 0
      vertex 98.45740728286134 -111.17352380637814 0
    endloop
  endfacet
  facet normal -0.9469301294950973 0.3214394653031866 0
    outer loop
      vertex 98.4048494156391 -111.32835429045636 2.3999999999999986
      vertex 98.45740728286134 -111.17352380637814 0
      vertex 98.4048494156391 -111.32835429045636 0
    endloop
  endfacet
  facet normal -0.4422886902189741 0.8968727415327017 0
    outer loop
      vertex 97.72835429045637 -112.0048494156391 2.3999999999999986
      vertex 97.875 -111.93253175473055 0
      vertex 97.72835429045637 -112.0048494156391 0
    endloop
  endfacet
  facet normal -0.5555702330196393 0.8314696123025206 0
    outer loop
      vertex 97.875 -111.93253175473055 2.3999999999999986
      vertex 98.0109517862609 -111.84169167536403 0
      vertex 97.875 -111.93253175473055 0
    endloop
  endfacet
  facet normal -0.3214394653031866 0.9469301294950973 0
    outer loop
      vertex 97.57352380637815 -112.05740728286133 2.3999999999999986
      vertex 97.72835429045637 -112.0048494156391 0
      vertex 97.57352380637815 -112.05740728286133 0
    endloop
  endfacet
  facet normal -0.659345815100011 0.7518398074790282 0
    outer loop
      vertex 98.0109517862609 -111.84169167536403 2.3999999999999986
      vertex 98.13388347648319 -111.73388347648319 0
      vertex 98.0109517862609 -111.84169167536403 0
    endloop
  endfacet
  facet normal 0.8314696123025206 -0.5555702330196393 0
    outer loop
      vertex 102.25830832463596 -50.489048213739096 2.3999999999999986
      vertex 102.16746824526945 -50.625 2.3999999999999986
      vertex 102.16746824526945 -50.625 0
    endloop
  endfacet
  facet normal 0.7518398074790094 -0.6593458151000325 0
    outer loop
      vertex 102.36611652351681 -50.366116523516816 2.3999999999999986
      vertex 102.25830832463596 -50.489048213739096 2.3999999999999986
      vertex 102.25830832463596 -50.489048213739096 0
    endloop
  endfacet
  facet normal 0.8968727415327102 -0.44228869021895684 0
    outer loop
      vertex 102.16746824526945 -50.625 2.3999999999999986
      vertex 102.0951505843609 -50.77164570954364 2.3999999999999986
      vertex 102.0951505843609 -50.77164570954364 0
    endloop
  endfacet
  facet normal 0.9469301294950926 -0.3214394653031999 0
    outer loop
      vertex 102.0951505843609 -50.77164570954364 2.3999999999999986
      vertex 102.04259271713866 -50.92647619362185 2.3999999999999986
      vertex 102.04259271713866 -50.92647619362185 0
    endloop
  endfacet
  facet normal 0.9807852804032258 -0.19509032201615126 0
    outer loop
      vertex 102.04259271713866 -50.92647619362185 2.3999999999999986
      vertex 102.01069392328273 -51.08684225972493 2.3999999999999986
      vertex 102.01069392328273 -51.08684225972493 0
    endloop
  endfacet
  facet normal 0.9978589232386063 -0.06540312923009983 0
    outer loop
      vertex 102.01069392328273 -51.08684225972493 2.3999999999999986
      vertex 102 -51.25 2.3999999999999986
      vertex 102 -51.25 0
    endloop
  endfacet
  facet normal 0.5555702330195792 -0.8314696123025607 0
    outer loop
      vertex 102.625 -50.167468245269454 2.3999999999999986
      vertex 102.4890482137391 -50.258308324635955 2.3999999999999986
      vertex 102.4890482137391 -50.258308324635955 0
    endloop
  endfacet
  facet normal 0.6593458151000601 -0.7518398074789852 0
    outer loop
      vertex 102.4890482137391 -50.258308324635955 2.3999999999999986
      vertex 102.36611652351681 -50.366116523516816 2.3999999999999986
      vertex 102.36611652351681 -50.366116523516816 0
    endloop
  endfacet
  facet normal 0.442288690219009 -0.8968727415326844 0
    outer loop
      vertex 102.77164570954363 -50.095150584360894 2.3999999999999986
      vertex 102.625 -50.167468245269454 2.3999999999999986
      vertex 102.625 -50.167468245269454 0
    endloop
  endfacet
  facet normal 0.3214394653031477 -0.9469301294951105 0
    outer loop
      vertex 102.92647619362185 -50.04259271713867 2.3999999999999986
      vertex 102.77164570954363 -50.095150584360894 2.3999999999999986
      vertex 102.77164570954363 -50.095150584360894 0
    endloop
  endfacet
  facet normal 0.19509032201615126 -0.9807852804032258 0
    outer loop
      vertex 103.08684225972493 -50.01069392328274 2.3999999999999986
      vertex 102.92647619362185 -50.04259271713867 2.3999999999999986
      vertex 102.92647619362185 -50.04259271713867 0
    endloop
  endfacet
  facet normal 0.0654031292301431 -0.9978589232386034 0
    outer loop
      vertex 103.25 -50 2.3999999999999986
      vertex 103.08684225972493 -50.01069392328274 2.3999999999999986
      vertex 103.08684225972493 -50.01069392328274 0
    endloop
  endfacet
  facet normal -0.0654031292301431 -0.9978589232386034 0
    outer loop
      vertex 103.41315774027507 -50.01069392328274 2.3999999999999986
      vertex 103.25 -50 2.3999999999999986
      vertex 103.25 -50 0
    endloop
  endfacet
  facet normal -0.19509032201615126 -0.9807852804032258 0
    outer loop
      vertex 103.57352380637815 -50.04259271713867 2.3999999999999986
      vertex 103.41315774027507 -50.01069392328274 2.3999999999999986
      vertex 103.41315774027507 -50.01069392328274 0
    endloop
  endfacet
  facet normal -0.3214394653031477 -0.9469301294951105 0
    outer loop
      vertex 103.72835429045637 -50.095150584360894 2.3999999999999986
      vertex 103.57352380637815 -50.04259271713867 2.3999999999999986
      vertex 103.57352380637815 -50.04259271713867 0
    endloop
  endfacet
  facet normal -0.442288690219009 -0.8968727415326844 0
    outer loop
      vertex 103.875 -50.167468245269454 2.3999999999999986
      vertex 103.72835429045637 -50.095150584360894 2.3999999999999986
      vertex 103.72835429045637 -50.095150584360894 0
    endloop
  endfacet
  facet normal -0.5555702330195792 -0.8314696123025607 0
    outer loop
      vertex 104.0109517862609 -50.258308324635955 2.3999999999999986
      vertex 103.875 -50.167468245269454 2.3999999999999986
      vertex 103.875 -50.167468245269454 0
    endloop
  endfacet
  facet normal -0.6593458151000601 -0.7518398074789852 0
    outer loop
      vertex 104.13388347648319 -50.366116523516816 2.3999999999999986
      vertex 104.0109517862609 -50.258308324635955 2.3999999999999986
      vertex 104.0109517862609 -50.258308324635955 0
    endloop
  endfacet
  facet normal -0.7518398074790094 -0.6593458151000325 0
    outer loop
      vertex 104.24169167536404 -50.489048213739096 2.3999999999999986
      vertex 104.13388347648319 -50.366116523516816 2.3999999999999986
      vertex 104.13388347648319 -50.366116523516816 0
    endloop
  endfacet
  facet normal -0.8314696123025206 -0.5555702330196393 0
    outer loop
      vertex 104.33253175473055 -50.625 2.3999999999999986
      vertex 104.24169167536404 -50.489048213739096 2.3999999999999986
      vertex 104.24169167536404 -50.489048213739096 0
    endloop
  endfacet
  facet normal -0.8968727415327102 -0.44228869021895684 0
    outer loop
      vertex 104.4048494156391 -50.77164570954364 2.3999999999999986
      vertex 104.33253175473055 -50.625 2.3999999999999986
      vertex 104.33253175473055 -50.625 0
    endloop
  endfacet
  facet normal -0.9469301294950926 -0.3214394653031999 0
    outer loop
      vertex 104.45740728286134 -50.92647619362185 2.3999999999999986
      vertex 104.4048494156391 -50.77164570954364 2.3999999999999986
      vertex 104.4048494156391 -50.77164570954364 0
    endloop
  endfacet
  facet normal -0.9807852804032258 -0.19509032201615126 0
    outer loop
      vertex 104.48930607671727 -51.08684225972493 2.3999999999999986
      vertex 104.45740728286134 -50.92647619362185 2.3999999999999986
      vertex 104.45740728286134 -50.92647619362185 0
    endloop
  endfacet
  facet normal -0.9978589232386063 -0.06540312923009983 0
    outer loop
      vertex 104.5 -51.25 2.3999999999999986
      vertex 104.48930607671727 -51.08684225972493 2.3999999999999986
      vertex 104.48930607671727 -51.08684225972493 0
    endloop
  endfacet
  facet normal 0.7518398074790094 -0.6593458151000325 0
    outer loop
      vertex 102.36611652351681 -50.366116523516816 2.3999999999999986
      vertex 102.25830832463596 -50.489048213739096 0
      vertex 102.36611652351681 -50.366116523516816 0
    endloop
  endfacet
  facet normal 0.8314696123025206 -0.5555702330196393 0
    outer loop
      vertex 102.25830832463596 -50.489048213739096 2.3999999999999986
      vertex 102.16746824526945 -50.625 0
      vertex 102.25830832463596 -50.489048213739096 0
    endloop
  endfacet
  facet normal 0.8968727415327102 -0.44228869021895684 0
    outer loop
      vertex 102.16746824526945 -50.625 2.3999999999999986
      vertex 102.0951505843609 -50.77164570954364 0
      vertex 102.16746824526945 -50.625 0
    endloop
  endfacet
  facet normal 0.9469301294950926 -0.3214394653031999 0
    outer loop
      vertex 102.0951505843609 -50.77164570954364 2.3999999999999986
      vertex 102.04259271713866 -50.92647619362185 0
      vertex 102.0951505843609 -50.77164570954364 0
    endloop
  endfacet
  facet normal 0.9807852804032258 -0.19509032201615126 0
    outer loop
      vertex 102.04259271713866 -50.92647619362185 2.3999999999999986
      vertex 102.01069392328273 -51.08684225972493 0
      vertex 102.04259271713866 -50.92647619362185 0
    endloop
  endfacet
  facet normal 0.9978589232386063 -0.06540312923009983 0
    outer loop
      vertex 102.01069392328273 -51.08684225972493 2.3999999999999986
      vertex 102 -51.25 0
      vertex 102.01069392328273 -51.08684225972493 0
    endloop
  endfacet
  facet normal 0.442288690219009 -0.8968727415326844 0
    outer loop
      vertex 102.77164570954363 -50.095150584360894 2.3999999999999986
      vertex 102.625 -50.167468245269454 0
      vertex 102.77164570954363 -50.095150584360894 0
    endloop
  endfacet
  facet normal 0.5555702330195792 -0.8314696123025607 0
    outer loop
      vertex 102.625 -50.167468245269454 2.3999999999999986
      vertex 102.4890482137391 -50.258308324635955 0
      vertex 102.625 -50.167468245269454 0
    endloop
  endfacet
  facet normal 0.6593458151000601 -0.7518398074789852 0
    outer loop
      vertex 102.4890482137391 -50.258308324635955 2.3999999999999986
      vertex 102.36611652351681 -50.366116523516816 0
      vertex 102.4890482137391 -50.258308324635955 0
    endloop
  endfacet
  facet normal 0.3214394653031477 -0.9469301294951105 0
    outer loop
      vertex 102.92647619362185 -50.04259271713867 2.3999999999999986
      vertex 102.77164570954363 -50.095150584360894 0
      vertex 102.92647619362185 -50.04259271713867 0
    endloop
  endfacet
  facet normal 0.0654031292301431 -0.9978589232386034 0
    outer loop
      vertex 103.25 -50 2.3999999999999986
      vertex 103.08684225972493 -50.01069392328274 0
      vertex 103.25 -50 0
    endloop
  endfacet
  facet normal 0.19509032201615126 -0.9807852804032258 0
    outer loop
      vertex 103.08684225972493 -50.01069392328274 2.3999999999999986
      vertex 102.92647619362185 -50.04259271713867 0
      vertex 103.08684225972493 -50.01069392328274 0
    endloop
  endfacet
  facet normal -0.0654031292301431 -0.9978589232386034 0
    outer loop
      vertex 103.41315774027507 -50.01069392328274 2.3999999999999986
      vertex 103.25 -50 0
      vertex 103.41315774027507 -50.01069392328274 0
    endloop
  endfacet
  facet normal -0.19509032201615126 -0.9807852804032258 0
    outer loop
      vertex 103.57352380637815 -50.04259271713867 2.3999999999999986
      vertex 103.41315774027507 -50.01069392328274 0
      vertex 103.57352380637815 -50.04259271713867 0
    endloop
  endfacet
  facet normal -0.3214394653031477 -0.9469301294951105 0
    outer loop
      vertex 103.72835429045637 -50.095150584360894 2.3999999999999986
      vertex 103.57352380637815 -50.04259271713867 0
      vertex 103.72835429045637 -50.095150584360894 0
    endloop
  endfacet
  facet normal -0.442288690219009 -0.8968727415326844 0
    outer loop
      vertex 103.875 -50.167468245269454 2.3999999999999986
      vertex 103.72835429045637 -50.095150584360894 0
      vertex 103.875 -50.167468245269454 0
    endloop
  endfacet
  facet normal -0.5555702330195792 -0.8314696123025607 0
    outer loop
      vertex 104.0109517862609 -50.258308324635955 2.3999999999999986
      vertex 103.875 -50.167468245269454 0
      vertex 104.0109517862609 -50.258308324635955 0
    endloop
  endfacet
  facet normal -0.6593458151000601 -0.7518398074789852 0
    outer loop
      vertex 104.13388347648319 -50.366116523516816 2.3999999999999986
      vertex 104.0109517862609 -50.258308324635955 0
      vertex 104.13388347648319 -50.366116523516816 0
    endloop
  endfacet
  facet normal -0.7518398074790094 -0.6593458151000325 0
    outer loop
      vertex 104.24169167536404 -50.489048213739096 2.3999999999999986
      vertex 104.13388347648319 -50.366116523516816 0
      vertex 104.24169167536404 -50.489048213739096 0
    endloop
  endfacet
  facet normal -0.8314696123025206 -0.5555702330196393 0
    outer loop
      vertex 104.33253175473055 -50.625 2.3999999999999986
      vertex 104.24169167536404 -50.489048213739096 0
      vertex 104.33253175473055 -50.625 0
    endloop
  endfacet
  facet normal -0.8968727415327102 -0.44228869021895684 0
    outer loop
      vertex 104.4048494156391 -50.77164570954364 2.3999999999999986
      vertex 104.33253175473055 -50.625 0
      vertex 104.4048494156391 -50.77164570954364 0
    endloop
  endfacet
  facet normal -0.9469301294950926 -0.3214394653031999 0
    outer loop
      vertex 104.45740728286134 -50.92647619362185 2.3999999999999986
      vertex 104.4048494156391 -50.77164570954364 0
      vertex 104.45740728286134 -50.92647619362185 0
    endloop
  endfacet
  facet normal -0.9807852804032258 -0.19509032201615126 0
    outer loop
      vertex 104.48930607671727 -51.08684225972493 2.3999999999999986
      vertex 104.45740728286134 -50.92647619362185 0
      vertex 104.48930607671727 -51.08684225972493 0
    endloop
  endfacet
  facet normal -0.9978589232386063 -0.06540312923009983 0
    outer loop
      vertex 104.5 -51.25 2.3999999999999986
      vertex 104.48930607671727 -51.08684225972493 0
      vertex 104.5 -51.25 0
    endloop
  endfacet
  facet normal -1 0 0
    outer loop
      vertex 104.5 -110.85 2.3999999999999986
      vertex 104.5 -51.25 2.3999999999999986
      vertex 104.5 -51.25 0
    endloop
  endfacet
  facet normal 1 0 0
    outer loop
      vertex 102 -110.85 0
      vertex 102 -51.25 0
      vertex 102 -51.25 2.3999999999999986
    endloop
  endfacet
  facet normal 1 0 0
    outer loop
      vertex 102 -51.25 2.3999999999999986
      vertex 102 -110.85 2.3999999999999986
      vertex 102 -110.85 0
    endloop
  endfacet
  facet normal -1 0 0
    outer loop
      vertex 104.5 -51.25 0
      vertex 104.5 -110.85 0
      vertex 104.5 -110.85 2.3999999999999986
    endloop
  endfacet
  facet normal 0.9978589232386063 0.06540312923009983 0
    outer loop
      vertex 102 -110.85 2.3999999999999986
      vertex 102.01069392328273 -111.01315774027506 2.3999999999999986
      vertex 102.01069392328273 -111.01315774027506 0
    endloop
  endfacet
  facet normal 0.9807852804032258 0.19509032201615126 0
    outer loop
      vertex 102.01069392328273 -111.01315774027506 2.3999999999999986
      vertex 102.04259271713866 -111.17352380637814 2.3999999999999986
      vertex 102.04259271713866 -111.17352380637814 0
    endloop
  endfacet
  facet normal 0.9469301294950973 0.3214394653031866 0
    outer loop
      vertex 102.04259271713866 -111.17352380637814 2.3999999999999986
      vertex 102.0951505843609 -111.32835429045636 2.3999999999999986
      vertex 102.0951505843609 -111.32835429045636 0
    endloop
  endfacet
  facet normal 0.8968727415327017 0.4422886902189741 0
    outer loop
      vertex 102.0951505843609 -111.32835429045636 2.3999999999999986
      vertex 102.16746824526945 -111.475 2.3999999999999986
      vertex 102.16746824526945 -111.475 0
    endloop
  endfacet
  facet normal 0.8314696123025206 0.5555702330196393 0
    outer loop
      vertex 102.16746824526945 -111.475 2.3999999999999986
      vertex 102.25830832463596 -111.6109517862609 2.3999999999999986
      vertex 102.25830832463596 -111.6109517862609 0
    endloop
  endfacet
  facet normal 0.7518398074790282 0.659345815100011 0
    outer loop
      vertex 102.25830832463596 -111.6109517862609 2.3999999999999986
      vertex 102.36611652351681 -111.73388347648319 2.3999999999999986
      vertex 102.36611652351681 -111.73388347648319 0
    endloop
  endfacet
  facet normal 0.659345815100011 0.7518398074790282 0
    outer loop
      vertex 102.36611652351681 -111.73388347648319 2.3999999999999986
      vertex 102.4890482137391 -111.84169167536403 2.3999999999999986
      vertex 102.4890482137391 -111.84169167536403 0
    endloop
  endfacet
  facet normal 0.5555702330196393 0.8314696123025206 0
    outer loop
      vertex 102.4890482137391 -111.84169167536403 2.3999999999999986
      vertex 102.625 -111.93253175473055 2.3999999999999986
      vertex 102.625 -111.93253175473055 0
    endloop
  endfacet
  facet normal 0.4422886902189741 0.8968727415327017 0
    outer loop
      vertex 102.625 -111.93253175473055 2.3999999999999986
      vertex 102.77164570954363 -112.0048494156391 2.3999999999999986
      vertex 102.77164570954363 -112.0048494156391 0
    endloop
  endfacet
  facet normal 0.3214394653031866 0.9469301294950973 0
    outer loop
      vertex 102.77164570954363 -112.0048494156391 2.3999999999999986
      vertex 102.92647619362185 -112.05740728286133 2.3999999999999986
      vertex 102.92647619362185 -112.05740728286133 0
    endloop
  endfacet
  facet normal 0.19509032201615126 0.9807852804032258 0
    outer loop
      vertex 102.92647619362185 -112.05740728286133 2.3999999999999986
      vertex 103.08684225972493 -112.08930607671726 2.3999999999999986
      vertex 103.08684225972493 -112.08930607671726 0
    endloop
  endfacet
  facet normal 0.06540312923009983 0.9978589232386063 0
    outer loop
      vertex 103.08684225972493 -112.08930607671726 2.3999999999999986
      vertex 103.25 -112.1 2.3999999999999986
      vertex 103.25 -112.1 0
    endloop
  endfacet
  facet normal -0.06540312923009983 0.9978589232386063 0
    outer loop
      vertex 103.25 -112.1 2.3999999999999986
      vertex 103.41315774027507 -112.08930607671726 2.3999999999999986
      vertex 103.41315774027507 -112.08930607671726 0
    endloop
  endfacet
  facet normal -0.19509032201615126 0.9807852804032258 0
    outer loop
      vertex 103.41315774027507 -112.08930607671726 2.3999999999999986
      vertex 103.57352380637815 -112.05740728286133 2.3999999999999986
      vertex 103.57352380637815 -112.05740728286133 0
    endloop
  endfacet
  facet normal -0.5555702330196393 0.8314696123025206 0
    outer loop
      vertex 103.875 -111.93253175473055 2.3999999999999986
      vertex 104.0109517862609 -111.84169167536403 2.3999999999999986
      vertex 104.0109517862609 -111.84169167536403 0
    endloop
  endfacet
  facet normal -0.4422886902189741 0.8968727415327017 0
    outer loop
      vertex 103.72835429045637 -112.0048494156391 2.3999999999999986
      vertex 103.875 -111.93253175473055 2.3999999999999986
      vertex 103.875 -111.93253175473055 0
    endloop
  endfacet
  facet normal -0.3214394653031866 0.9469301294950973 0
    outer loop
      vertex 103.57352380637815 -112.05740728286133 2.3999999999999986
      vertex 103.72835429045637 -112.0048494156391 2.3999999999999986
      vertex 103.72835429045637 -112.0048494156391 0
    endloop
  endfacet
  facet normal -0.9978589232386063 0.06540312923009983 0
    outer loop
      vertex 104.48930607671727 -111.01315774027506 2.3999999999999986
      vertex 104.5 -110.85 2.3999999999999986
      vertex 104.5 -110.85 0
    endloop
  endfacet
  facet normal -0.9807852804032258 0.19509032201615126 0
    outer loop
      vertex 104.45740728286134 -111.17352380637814 2.3999999999999986
      vertex 104.48930607671727 -111.01315774027506 2.3999999999999986
      vertex 104.48930607671727 -111.01315774027506 0
    endloop
  endfacet
  facet normal -0.9469301294950973 0.3214394653031866 0
    outer loop
      vertex 104.4048494156391 -111.32835429045636 2.3999999999999986
      vertex 104.45740728286134 -111.17352380637814 2.3999999999999986
      vertex 104.45740728286134 -111.17352380637814 0
    endloop
  endfacet
  facet normal -0.8968727415327017 0.4422886902189741 0
    outer loop
      vertex 104.33253175473055 -111.475 2.3999999999999986
      vertex 104.4048494156391 -111.32835429045636 2.3999999999999986
      vertex 104.4048494156391 -111.32835429045636 0
    endloop
  endfacet
  facet normal -0.8314696123025206 0.5555702330196393 0
    outer loop
      vertex 104.24169167536404 -111.6109517862609 2.3999999999999986
      vertex 104.33253175473055 -111.475 2.3999999999999986
      vertex 104.33253175473055 -111.475 0
    endloop
  endfacet
  facet normal -0.7518398074790282 0.659345815100011 0
    outer loop
      vertex 104.13388347648319 -111.73388347648319 2.3999999999999986
      vertex 104.24169167536404 -111.6109517862609 2.3999999999999986
      vertex 104.24169167536404 -111.6109517862609 0
    endloop
  endfacet
  facet normal -0.659345815100011 0.7518398074790282 0
    outer loop
      vertex 104.0109517862609 -111.84169167536403 2.3999999999999986
      vertex 104.13388347648319 -111.73388347648319 2.3999999999999986
      vertex 104.13388347648319 -111.73388347648319 0
    endloop
  endfacet
  facet normal 0.9978589232386063 0.06540312923009983 0
    outer loop
      vertex 102 -110.85 2.3999999999999986
      vertex 102.01069392328273 -111.01315774027506 0
      vertex 102 -110.85 0
    endloop
  endfacet
  facet normal 0.9807852804032258 0.19509032201615126 0
    outer loop
      vertex 102.01069392328273 -111.01315774027506 2.3999999999999986
      vertex 102.04259271713866 -111.17352380637814 0
      vertex 102.01069392328273 -111.01315774027506 0
    endloop
  endfacet
  facet normal 0.9469301294950973 0.3214394653031866 0
    outer loop
      vertex 102.04259271713866 -111.17352380637814 2.3999999999999986
      vertex 102.0951505843609 -111.32835429045636 0
      vertex 102.04259271713866 -111.17352380637814 0
    endloop
  endfacet
  facet normal 0.8968727415327017 0.4422886902189741 0
    outer loop
      vertex 102.0951505843609 -111.32835429045636 2.3999999999999986
      vertex 102.16746824526945 -111.475 0
      vertex 102.0951505843609 -111.32835429045636 0
    endloop
  endfacet
  facet normal 0.8314696123025206 0.5555702330196393 0
    outer loop
      vertex 102.16746824526945 -111.475 2.3999999999999986
      vertex 102.25830832463596 -111.6109517862609 0
      vertex 102.16746824526945 -111.475 0
    endloop
  endfacet
  facet normal 0.7518398074790282 0.659345815100011 0
    outer loop
      vertex 102.25830832463596 -111.6109517862609 2.3999999999999986
      vertex 102.36611652351681 -111.73388347648319 0
      vertex 102.25830832463596 -111.6109517862609 0
    endloop
  endfacet
  facet normal 0.659345815100011 0.7518398074790282 0
    outer loop
      vertex 102.36611652351681 -111.73388347648319 2.3999999999999986
      vertex 102.4890482137391 -111.84169167536403 0
      vertex 102.36611652351681 -111.73388347648319 0
    endloop
  endfacet
  facet normal 0.5555702330196393 0.8314696123025206 0
    outer loop
      vertex 102.4890482137391 -111.84169167536403 2.3999999999999986
      vertex 102.625 -111.93253175473055 0
      vertex 102.4890482137391 -111.84169167536403 0
    endloop
  endfacet
  facet normal 0.4422886902189741 0.8968727415327017 0
    outer loop
      vertex 102.625 -111.93253175473055 2.3999999999999986
      vertex 102.77164570954363 -112.0048494156391 0
      vertex 102.625 -111.93253175473055 0
    endloop
  endfacet
  facet normal 0.3214394653031866 0.9469301294950973 0
    outer loop
      vertex 102.77164570954363 -112.0048494156391 2.3999999999999986
      vertex 102.92647619362185 -112.05740728286133 0
      vertex 102.77164570954363 -112.0048494156391 0
    endloop
  endfacet
  facet normal 0.19509032201615126 0.9807852804032258 0
    outer loop
      vertex 102.92647619362185 -112.05740728286133 2.3999999999999986
      vertex 103.08684225972493 -112.08930607671726 0
      vertex 102.92647619362185 -112.05740728286133 0
    endloop
  endfacet
  facet normal 0.06540312923009983 0.9978589232386063 0
    outer loop
      vertex 103.08684225972493 -112.08930607671726 2.3999999999999986
      vertex 103.25 -112.1 0
      vertex 103.08684225972493 -112.08930607671726 0
    endloop
  endfacet
  facet normal -0.06540312923009983 0.9978589232386063 0
    outer loop
      vertex 103.25 -112.1 2.3999999999999986
      vertex 103.41315774027507 -112.08930607671726 0
      vertex 103.25 -112.1 0
    endloop
  endfacet
  facet normal -0.19509032201615126 0.9807852804032258 0
    outer loop
      vertex 103.41315774027507 -112.08930607671726 2.3999999999999986
      vertex 103.57352380637815 -112.05740728286133 0
      vertex 103.41315774027507 -112.08930607671726 0
    endloop
  endfacet
  facet normal -0.4422886902189741 0.8968727415327017 0
    outer loop
      vertex 103.72835429045637 -112.0048494156391 2.3999999999999986
      vertex 103.875 -111.93253175473055 0
      vertex 103.72835429045637 -112.0048494156391 0
    endloop
  endfacet
  facet normal -0.5555702330196393 0.8314696123025206 0
    outer loop
      vertex 103.875 -111.93253175473055 2.3999999999999986
      vertex 104.0109517862609 -111.84169167536403 0
      vertex 103.875 -111.93253175473055 0
    endloop
  endfacet
  facet normal -0.3214394653031866 0.9469301294950973 0
    outer loop
      vertex 103.57352380637815 -112.05740728286133 2.3999999999999986
      vertex 103.72835429045637 -112.0048494156391 0
      vertex 103.57352380637815 -112.05740728286133 0
    endloop
  endfacet
  facet normal -0.9978589232386063 0.06540312923009983 0
    outer loop
      vertex 104.48930607671727 -111.01315774027506 2.3999999999999986
      vertex 104.5 -110.85 0
      vertex 104.48930607671727 -111.01315774027506 0
    endloop
  endfacet
  facet normal -0.9807852804032258 0.19509032201615126 0
    outer loop
      vertex 104.45740728286134 -111.17352380637814 2.3999999999999986
      vertex 104.48930607671727 -111.01315774027506 0
      vertex 104.45740728286134 -111.17352380637814 0
    endloop
  endfacet
  facet normal -0.9469301294950973 0.3214394653031866 0
    outer loop
      vertex 104.4048494156391 -111.32835429045636 2.3999999999999986
      vertex 104.45740728286134 -111.17352380637814 0
      vertex 104.4048494156391 -111.32835429045636 0
    endloop
  endfacet
  facet normal -0.8968727415327017 0.4422886902189741 0
    outer loop
      vertex 104.33253175473055 -111.475 2.3999999999999986
      vertex 104.4048494156391 -111.32835429045636 0
      vertex 104.33253175473055 -111.475 0
    endloop
  endfacet
  facet normal -0.7518398074790282 0.659345815100011 0
    outer loop
      vertex 104.13388347648319 -111.73388347648319 2.3999999999999986
      vertex 104.24169167536404 -111.6109517862609 0
      vertex 104.13388347648319 -111.73388347648319 0
    endloop
  endfacet
  facet normal -0.8314696123025206 0.5555702330196393 0
    outer loop
      vertex 104.24169167536404 -111.6109517862609 2.3999999999999986
      vertex 104.33253175473055 -111.475 0
      vertex 104.24169167536404 -111.6109517862609 0
    endloop
  endfacet
  facet normal -0.659345815100011 0.7518398074790282 0
    outer loop
      vertex 104.0109517862609 -111.84169167536403 2.3999999999999986
      vertex 104.13388347648319 -111.73388347648319 0
      vertex 104.0109517862609 -111.84169167536403 0
    endloop
  endfacet
  facet normal 0.5555702330195792 -0.8314696123025607 0
    outer loop
      vertex 108.625 -50.167468245269454 2.3999999999999986
      vertex 108.4890482137391 -50.258308324635955 2.3999999999999986
      vertex 108.4890482137391 -50.258308324635955 0
    endloop
  endfacet
  facet normal 0.6593458151000601 -0.7518398074789852 0
    outer loop
      vertex 108.4890482137391 -50.258308324635955 2.3999999999999986
      vertex 108.36611652351681 -50.366116523516816 2.3999999999999986
      vertex 108.36611652351681 -50.366116523516816 0
    endloop
  endfacet
  facet normal 0.442288690219009 -0.8968727415326844 0
    outer loop
      vertex 108.77164570954363 -50.095150584360894 2.3999999999999986
      vertex 108.625 -50.167468245269454 2.3999999999999986
      vertex 108.625 -50.167468245269454 0
    endloop
  endfacet
  facet normal 0.8314696123025206 -0.5555702330196393 0
    outer loop
      vertex 108.25830832463596 -50.489048213739096 2.3999999999999986
      vertex 108.16746824526945 -50.625 2.3999999999999986
      vertex 108.16746824526945 -50.625 0
    endloop
  endfacet
  facet normal 0.7518398074790094 -0.6593458151000325 0
    outer loop
      vertex 108.36611652351681 -50.366116523516816 2.3999999999999986
      vertex 108.25830832463596 -50.489048213739096 2.3999999999999986
      vertex 108.25830832463596 -50.489048213739096 0
    endloop
  endfacet
  facet normal 0.8968727415327102 -0.44228869021895684 0
    outer loop
      vertex 108.16746824526945 -50.625 2.3999999999999986
      vertex 108.0951505843609 -50.77164570954364 2.3999999999999986
      vertex 108.0951505843609 -50.77164570954364 0
    endloop
  endfacet
  facet normal 0.9469301294950926 -0.3214394653031999 0
    outer loop
      vertex 108.0951505843609 -50.77164570954364 2.3999999999999986
      vertex 108.04259271713866 -50.92647619362185 2.3999999999999986
      vertex 108.04259271713866 -50.92647619362185 0
    endloop
  endfacet
  facet normal 0.9807852804032258 -0.19509032201615126 0
    outer loop
      vertex 108.04259271713866 -50.92647619362185 2.3999999999999986
      vertex 108.01069392328273 -51.08684225972493 2.3999999999999986
      vertex 108.01069392328273 -51.08684225972493 0
    endloop
  endfacet
  facet normal 0.9978589232386063 -0.06540312923009983 0
    outer loop
      vertex 108.01069392328273 -51.08684225972493 2.3999999999999986
      vertex 108 -51.25 2.3999999999999986
      vertex 108 -51.25 0
    endloop
  endfacet
  facet normal 0.3214394653031477 -0.9469301294951105 0
    outer loop
      vertex 108.92647619362185 -50.04259271713867 2.3999999999999986
      vertex 108.77164570954363 -50.095150584360894 2.3999999999999986
      vertex 108.77164570954363 -50.095150584360894 0
    endloop
  endfacet
  facet normal 0.19509032201615126 -0.9807852804032258 0
    outer loop
      vertex 109.08684225972493 -50.01069392328274 2.3999999999999986
      vertex 108.92647619362185 -50.04259271713867 2.3999999999999986
      vertex 108.92647619362185 -50.04259271713867 0
    endloop
  endfacet
  facet normal 0.0654031292301431 -0.9978589232386034 0
    outer loop
      vertex 109.25 -50 2.3999999999999986
      vertex 109.08684225972493 -50.01069392328274 2.3999999999999986
      vertex 109.08684225972493 -50.01069392328274 0
    endloop
  endfacet
  facet normal -0.0654031292301431 -0.9978589232386034 0
    outer loop
      vertex 109.41315774027507 -50.01069392328274 2.3999999999999986
      vertex 109.25 -50 2.3999999999999986
      vertex 109.25 -50 0
    endloop
  endfacet
  facet normal -0.19509032201615126 -0.9807852804032258 0
    outer loop
      vertex 109.57352380637815 -50.04259271713867 2.3999999999999986
      vertex 109.41315774027507 -50.01069392328274 2.3999999999999986
      vertex 109.41315774027507 -50.01069392328274 0
    endloop
  endfacet
  facet normal -0.3214394653031477 -0.9469301294951105 0
    outer loop
      vertex 109.72835429045637 -50.095150584360894 2.3999999999999986
      vertex 109.57352380637815 -50.04259271713867 2.3999999999999986
      vertex 109.57352380637815 -50.04259271713867 0
    endloop
  endfacet
  facet normal -0.442288690219009 -0.8968727415326844 0
    outer loop
      vertex 109.875 -50.167468245269454 2.3999999999999986
      vertex 109.72835429045637 -50.095150584360894 2.3999999999999986
      vertex 109.72835429045637 -50.095150584360894 0
    endloop
  endfacet
  facet normal -0.5555702330195792 -0.8314696123025607 0
    outer loop
      vertex 110.0109517862609 -50.258308324635955 2.3999999999999986
      vertex 109.875 -50.167468245269454 2.3999999999999986
      vertex 109.875 -50.167468245269454 0
    endloop
  endfacet
  facet normal -0.6593458151000601 -0.7518398074789852 0
    outer loop
      vertex 110.13388347648319 -50.366116523516816 2.3999999999999986
      vertex 110.0109517862609 -50.258308324635955 2.3999999999999986
      vertex 110.0109517862609 -50.258308324635955 0
    endloop
  endfacet
  facet normal -0.7518398074790094 -0.6593458151000325 0
    outer loop
      vertex 110.24169167536404 -50.489048213739096 2.3999999999999986
      vertex 110.13388347648319 -50.366116523516816 2.3999999999999986
      vertex 110.13388347648319 -50.366116523516816 0
    endloop
  endfacet
  facet normal -0.8314696123025206 -0.5555702330196393 0
    outer loop
      vertex 110.33253175473055 -50.625 2.3999999999999986
      vertex 110.24169167536404 -50.489048213739096 2.3999999999999986
      vertex 110.24169167536404 -50.489048213739096 0
    endloop
  endfacet
  facet normal -0.8968727415327102 -0.44228869021895684 0
    outer loop
      vertex 110.4048494156391 -50.77164570954364 2.3999999999999986
      vertex 110.33253175473055 -50.625 2.3999999999999986
      vertex 110.33253175473055 -50.625 0
    endloop
  endfacet
  facet normal -0.9469301294950926 -0.3214394653031999 0
    outer loop
      vertex 110.45740728286134 -50.92647619362185 2.3999999999999986
      vertex 110.4048494156391 -50.77164570954364 2.3999999999999986
      vertex 110.4048494156391 -50.77164570954364 0
    endloop
  endfacet
  facet normal -0.9807852804032258 -0.19509032201615126 0
    outer loop
      vertex 110.48930607671727 -51.08684225972493 2.3999999999999986
      vertex 110.45740728286134 -50.92647619362185 2.3999999999999986
      vertex 110.45740728286134 -50.92647619362185 0
    endloop
  endfacet
  facet normal -0.9978589232386063 -0.06540312923009983 0
    outer loop
      vertex 110.5 -51.25 2.3999999999999986
      vertex 110.48930607671727 -51.08684225972493 2.3999999999999986
      vertex 110.48930607671727 -51.08684225972493 0
    endloop
  endfacet
  facet normal 0.442288690219009 -0.8968727415326844 0
    outer loop
      vertex 108.77164570954363 -50.095150584360894 2.3999999999999986
      vertex 108.625 -50.167468245269454 0
      vertex 108.77164570954363 -50.095150584360894 0
    endloop
  endfacet
  facet normal 0.5555702330195792 -0.8314696123025607 0
    outer loop
      vertex 108.625 -50.167468245269454 2.3999999999999986
      vertex 108.4890482137391 -50.258308324635955 0
      vertex 108.625 -50.167468245269454 0
    endloop
  endfacet
  facet normal 0.6593458151000601 -0.7518398074789852 0
    outer loop
      vertex 108.4890482137391 -50.258308324635955 2.3999999999999986
      vertex 108.36611652351681 -50.366116523516816 0
      vertex 108.4890482137391 -50.258308324635955 0
    endloop
  endfacet
  facet normal 0.7518398074790094 -0.6593458151000325 0
    outer loop
      vertex 108.36611652351681 -50.366116523516816 2.3999999999999986
      vertex 108.25830832463596 -50.489048213739096 0
      vertex 108.36611652351681 -50.366116523516816 0
    endloop
  endfacet
  facet normal 0.8314696123025206 -0.5555702330196393 0
    outer loop
      vertex 108.25830832463596 -50.489048213739096 2.3999999999999986
      vertex 108.16746824526945 -50.625 0
      vertex 108.25830832463596 -50.489048213739096 0
    endloop
  endfacet
  facet normal 0.8968727415327102 -0.44228869021895684 0
    outer loop
      vertex 108.16746824526945 -50.625 2.3999999999999986
      vertex 108.0951505843609 -50.77164570954364 0
      vertex 108.16746824526945 -50.625 0
    endloop
  endfacet
  facet normal 0.9469301294950926 -0.3214394653031999 0
    outer loop
      vertex 108.0951505843609 -50.77164570954364 2.3999999999999986
      vertex 108.04259271713866 -50.92647619362185 0
      vertex 108.0951505843609 -50.77164570954364 0
    endloop
  endfacet
  facet normal 0.9807852804032258 -0.19509032201615126 0
    outer loop
      vertex 108.04259271713866 -50.92647619362185 2.3999999999999986
      vertex 108.01069392328273 -51.08684225972493 0
      vertex 108.04259271713866 -50.92647619362185 0
    endloop
  endfacet
  facet normal 0.9978589232386063 -0.06540312923009983 0
    outer loop
      vertex 108.01069392328273 -51.08684225972493 2.3999999999999986
      vertex 108 -51.25 0
      vertex 108.01069392328273 -51.08684225972493 0
    endloop
  endfacet
  facet normal 0.3214394653031477 -0.9469301294951105 0
    outer loop
      vertex 108.92647619362185 -50.04259271713867 2.3999999999999986
      vertex 108.77164570954363 -50.095150584360894 0
      vertex 108.92647619362185 -50.04259271713867 0
    endloop
  endfacet
  facet normal 0.0654031292301431 -0.9978589232386034 0
    outer loop
      vertex 109.25 -50 2.3999999999999986
      vertex 109.08684225972493 -50.01069392328274 0
      vertex 109.25 -50 0
    endloop
  endfacet
  facet normal 0.19509032201615126 -0.9807852804032258 0
    outer loop
      vertex 109.08684225972493 -50.01069392328274 2.3999999999999986
      vertex 108.92647619362185 -50.04259271713867 0
      vertex 109.08684225972493 -50.01069392328274 0
    endloop
  endfacet
  facet normal -0.0654031292301431 -0.9978589232386034 0
    outer loop
      vertex 109.41315774027507 -50.01069392328274 2.3999999999999986
      vertex 109.25 -50 0
      vertex 109.41315774027507 -50.01069392328274 0
    endloop
  endfacet
  facet normal -0.19509032201615126 -0.9807852804032258 0
    outer loop
      vertex 109.57352380637815 -50.04259271713867 2.3999999999999986
      vertex 109.41315774027507 -50.01069392328274 0
      vertex 109.57352380637815 -50.04259271713867 0
    endloop
  endfacet
  facet normal -0.3214394653031477 -0.9469301294951105 0
    outer loop
      vertex 109.72835429045637 -50.095150584360894 2.3999999999999986
      vertex 109.57352380637815 -50.04259271713867 0
      vertex 109.72835429045637 -50.095150584360894 0
    endloop
  endfacet
  facet normal -0.442288690219009 -0.8968727415326844 0
    outer loop
      vertex 109.875 -50.167468245269454 2.3999999999999986
      vertex 109.72835429045637 -50.095150584360894 0
      vertex 109.875 -50.167468245269454 0
    endloop
  endfacet
  facet normal -0.5555702330195792 -0.8314696123025607 0
    outer loop
      vertex 110.0109517862609 -50.258308324635955 2.3999999999999986
      vertex 109.875 -50.167468245269454 0
      vertex 110.0109517862609 -50.258308324635955 0
    endloop
  endfacet
  facet normal -0.6593458151000601 -0.7518398074789852 0
    outer loop
      vertex 110.13388347648319 -50.366116523516816 2.3999999999999986
      vertex 110.0109517862609 -50.258308324635955 0
      vertex 110.13388347648319 -50.366116523516816 0
    endloop
  endfacet
  facet normal -0.7518398074790094 -0.6593458151000325 0
    outer loop
      vertex 110.24169167536404 -50.489048213739096 2.3999999999999986
      vertex 110.13388347648319 -50.366116523516816 0
      vertex 110.24169167536404 -50.489048213739096 0
    endloop
  endfacet
  facet normal -0.8314696123025206 -0.5555702330196393 0
    outer loop
      vertex 110.33253175473055 -50.625 2.3999999999999986
      vertex 110.24169167536404 -50.489048213739096 0
      vertex 110.33253175473055 -50.625 0
    endloop
  endfacet
  facet normal -0.8968727415327102 -0.44228869021895684 0
    outer loop
      vertex 110.4048494156391 -50.77164570954364 2.3999999999999986
      vertex 110.33253175473055 -50.625 0
      vertex 110.4048494156391 -50.77164570954364 0
    endloop
  endfacet
  facet normal -0.9469301294950926 -0.3214394653031999 0
    outer loop
      vertex 110.45740728286134 -50.92647619362185 2.3999999999999986
      vertex 110.4048494156391 -50.77164570954364 0
      vertex 110.45740728286134 -50.92647619362185 0
    endloop
  endfacet
  facet normal -0.9807852804032258 -0.19509032201615126 0
    outer loop
      vertex 110.48930607671727 -51.08684225972493 2.3999999999999986
      vertex 110.45740728286134 -50.92647619362185 0
      vertex 110.48930607671727 -51.08684225972493 0
    endloop
  endfacet
  facet normal -0.9978589232386063 -0.06540312923009983 0
    outer loop
      vertex 110.5 -51.25 2.3999999999999986
      vertex 110.48930607671727 -51.08684225972493 0
      vertex 110.5 -51.25 0
    endloop
  endfacet
  facet normal -1 0 0
    outer loop
      vertex 110.5 -110.85 2.3999999999999986
      vertex 110.5 -51.25 2.3999999999999986
      vertex 110.5 -51.25 0
    endloop
  endfacet
  facet normal 1 0 0
    outer loop
      vertex 108 -110.85 0
      vertex 108 -51.25 0
      vertex 108 -51.25 2.3999999999999986
    endloop
  endfacet
  facet normal 1 0 0
    outer loop
      vertex 108 -51.25 2.3999999999999986
      vertex 108 -110.85 2.3999999999999986
      vertex 108 -110.85 0
    endloop
  endfacet
  facet normal -1 0 0
    outer loop
      vertex 110.5 -51.25 0
      vertex 110.5 -110.85 0
      vertex 110.5 -110.85 2.3999999999999986
    endloop
  endfacet
  facet normal 0.9978589232386063 0.06540312923009983 0
    outer loop
      vertex 108 -110.85 2.3999999999999986
      vertex 108.01069392328273 -111.01315774027506 2.3999999999999986
      vertex 108.01069392328273 -111.01315774027506 0
    endloop
  endfacet
  facet normal 0.9807852804032258 0.19509032201615126 0
    outer loop
      vertex 108.01069392328273 -111.01315774027506 2.3999999999999986
      vertex 108.04259271713866 -111.17352380637814 2.3999999999999986
      vertex 108.04259271713866 -111.17352380637814 0
    endloop
  endfacet
  facet normal 0.9469301294950973 0.3214394653031866 0
    outer loop
      vertex 108.04259271713866 -111.17352380637814 2.3999999999999986
      vertex 108.0951505843609 -111.32835429045636 2.3999999999999986
      vertex 108.0951505843609 -111.32835429045636 0
    endloop
  endfacet
  facet normal 0.8968727415327017 0.4422886902189741 0
    outer loop
      vertex 108.0951505843609 -111.32835429045636 2.3999999999999986
      vertex 108.16746824526945 -111.475 2.3999999999999986
      vertex 108.16746824526945 -111.475 0
    endloop
  endfacet
  facet normal 0.8314696123025206 0.5555702330196393 0
    outer loop
      vertex 108.16746824526945 -111.475 2.3999999999999986
      vertex 108.25830832463596 -111.6109517862609 2.3999999999999986
      vertex 108.25830832463596 -111.6109517862609 0
    endloop
  endfacet
  facet normal 0.7518398074790282 0.659345815100011 0
    outer loop
      vertex 108.25830832463596 -111.6109517862609 2.3999999999999986
      vertex 108.36611652351681 -111.73388347648319 2.3999999999999986
      vertex 108.36611652351681 -111.73388347648319 0
    endloop
  endfacet
  facet normal 0.659345815100011 0.7518398074790282 0
    outer loop
      vertex 108.36611652351681 -111.73388347648319 2.3999999999999986
      vertex 108.4890482137391 -111.84169167536403 2.3999999999999986
      vertex 108.4890482137391 -111.84169167536403 0
    endloop
  endfacet
  facet normal 0.5555702330196393 0.8314696123025206 0
    outer loop
      vertex 108.4890482137391 -111.84169167536403 2.3999999999999986
      vertex 108.625 -111.93253175473055 2.3999999999999986
      vertex 108.625 -111.93253175473055 0
    endloop
  endfacet
  facet normal 0.4422886902189741 0.8968727415327017 0
    outer loop
      vertex 108.625 -111.93253175473055 2.3999999999999986
      vertex 108.77164570954363 -112.0048494156391 2.3999999999999986
      vertex 108.77164570954363 -112.0048494156391 0
    endloop
  endfacet
  facet normal -0.8968727415327017 0.4422886902189741 0
    outer loop
      vertex 110.33253175473055 -111.475 2.3999999999999986
      vertex 110.4048494156391 -111.32835429045636 2.3999999999999986
      vertex 110.4048494156391 -111.32835429045636 0
    endloop
  endfacet
  facet normal -0.8314696123025206 0.5555702330196393 0
    outer loop
      vertex 110.24169167536404 -111.6109517862609 2.3999999999999986
      vertex 110.33253175473055 -111.475 2.3999999999999986
      vertex 110.33253175473055 -111.475 0
    endloop
  endfacet
  facet normal -0.7518398074790282 0.659345815100011 0
    outer loop
      vertex 110.13388347648319 -111.73388347648319 2.3999999999999986
      vertex 110.24169167536404 -111.6109517862609 2.3999999999999986
      vertex 110.24169167536404 -111.6109517862609 0
    endloop
  endfacet
  facet normal 0.3214394653031866 0.9469301294950973 0
    outer loop
      vertex 108.77164570954363 -112.0048494156391 2.3999999999999986
      vertex 108.92647619362185 -112.05740728286133 2.3999999999999986
      vertex 108.92647619362185 -112.05740728286133 0
    endloop
  endfacet
  facet normal 0.19509032201615126 0.9807852804032258 0
    outer loop
      vertex 108.92647619362185 -112.05740728286133 2.3999999999999986
      vertex 109.08684225972493 -112.08930607671726 2.3999999999999986
      vertex 109.08684225972493 -112.08930607671726 0
    endloop
  endfacet
  facet normal 0.06540312923009983 0.9978589232386063 0
    outer loop
      vertex 109.08684225972493 -112.08930607671726 2.3999999999999986
      vertex 109.25 -112.1 2.3999999999999986
      vertex 109.25 -112.1 0
    endloop
  endfacet
  facet normal -0.06540312923009983 0.9978589232386063 0
    outer loop
      vertex 109.25 -112.1 2.3999999999999986
      vertex 109.41315774027507 -112.08930607671726 2.3999999999999986
      vertex 109.41315774027507 -112.08930607671726 0
    endloop
  endfacet
  facet normal -0.19509032201615126 0.9807852804032258 0
    outer loop
      vertex 109.41315774027507 -112.08930607671726 2.3999999999999986
      vertex 109.57352380637815 -112.05740728286133 2.3999999999999986
      vertex 109.57352380637815 -112.05740728286133 0
    endloop
  endfacet
  facet normal -0.5555702330196393 0.8314696123025206 0
    outer loop
      vertex 109.875 -111.93253175473055 2.3999999999999986
      vertex 110.0109517862609 -111.84169167536403 2.3999999999999986
      vertex 110.0109517862609 -111.84169167536403 0
    endloop
  endfacet
  facet normal -0.4422886902189741 0.8968727415327017 0
    outer loop
      vertex 109.72835429045637 -112.0048494156391 2.3999999999999986
      vertex 109.875 -111.93253175473055 2.3999999999999986
      vertex 109.875 -111.93253175473055 0
    endloop
  endfacet
  facet normal -0.3214394653031866 0.9469301294950973 0
    outer loop
      vertex 109.57352380637815 -112.05740728286133 2.3999999999999986
      vertex 109.72835429045637 -112.0048494156391 2.3999999999999986
      vertex 109.72835429045637 -112.0048494156391 0
    endloop
  endfacet
  facet normal -0.659345815100011 0.7518398074790282 0
    outer loop
      vertex 110.0109517862609 -111.84169167536403 2.3999999999999986
      vertex 110.13388347648319 -111.73388347648319 2.3999999999999986
      vertex 110.13388347648319 -111.73388347648319 0
    endloop
  endfacet
  facet normal -0.9978589232386063 0.06540312923009983 0
    outer loop
      vertex 110.48930607671727 -111.01315774027506 2.3999999999999986
      vertex 110.5 -110.85 2.3999999999999986
      vertex 110.5 -110.85 0
    endloop
  endfacet
  facet normal -0.9807852804032258 0.19509032201615126 0
    outer loop
      vertex 110.45740728286134 -111.17352380637814 2.3999999999999986
      vertex 110.48930607671727 -111.01315774027506 2.3999999999999986
      vertex 110.48930607671727 -111.01315774027506 0
    endloop
  endfacet
  facet normal -0.9469301294950973 0.3214394653031866 0
    outer loop
      vertex 110.4048494156391 -111.32835429045636 2.3999999999999986
      vertex 110.45740728286134 -111.17352380637814 2.3999999999999986
      vertex 110.45740728286134 -111.17352380637814 0
    endloop
  endfacet
  facet normal 0.9978589232386063 0.06540312923009983 0
    outer loop
      vertex 108 -110.85 2.3999999999999986
      vertex 108.01069392328273 -111.01315774027506 0
      vertex 108 -110.85 0
    endloop
  endfacet
  facet normal 0.9807852804032258 0.19509032201615126 0
    outer loop
      vertex 108.01069392328273 -111.01315774027506 2.3999999999999986
      vertex 108.04259271713866 -111.17352380637814 0
      vertex 108.01069392328273 -111.01315774027506 0
    endloop
  endfacet
  facet normal 0.9469301294950973 0.3214394653031866 0
    outer loop
      vertex 108.04259271713866 -111.17352380637814 2.3999999999999986
      vertex 108.0951505843609 -111.32835429045636 0
      vertex 108.04259271713866 -111.17352380637814 0
    endloop
  endfacet
  facet normal 0.8968727415327017 0.4422886902189741 0
    outer loop
      vertex 108.0951505843609 -111.32835429045636 2.3999999999999986
      vertex 108.16746824526945 -111.475 0
      vertex 108.0951505843609 -111.32835429045636 0
    endloop
  endfacet
  facet normal 0.8314696123025206 0.5555702330196393 0
    outer loop
      vertex 108.16746824526945 -111.475 2.3999999999999986
      vertex 108.25830832463596 -111.6109517862609 0
      vertex 108.16746824526945 -111.475 0
    endloop
  endfacet
  facet normal 0.7518398074790282 0.659345815100011 0
    outer loop
      vertex 108.25830832463596 -111.6109517862609 2.3999999999999986
      vertex 108.36611652351681 -111.73388347648319 0
      vertex 108.25830832463596 -111.6109517862609 0
    endloop
  endfacet
  facet normal 0.659345815100011 0.7518398074790282 0
    outer loop
      vertex 108.36611652351681 -111.73388347648319 2.3999999999999986
      vertex 108.4890482137391 -111.84169167536403 0
      vertex 108.36611652351681 -111.73388347648319 0
    endloop
  endfacet
  facet normal 0.5555702330196393 0.8314696123025206 0
    outer loop
      vertex 108.4890482137391 -111.84169167536403 2.3999999999999986
      vertex 108.625 -111.93253175473055 0
      vertex 108.4890482137391 -111.84169167536403 0
    endloop
  endfacet
  facet normal 0.4422886902189741 0.8968727415327017 0
    outer loop
      vertex 108.625 -111.93253175473055 2.3999999999999986
      vertex 108.77164570954363 -112.0048494156391 0
      vertex 108.625 -111.93253175473055 0
    endloop
  endfacet
  facet normal -0.8968727415327017 0.4422886902189741 0
    outer loop
      vertex 110.33253175473055 -111.475 2.3999999999999986
      vertex 110.4048494156391 -111.32835429045636 0
      vertex 110.33253175473055 -111.475 0
    endloop
  endfacet
  facet normal -0.7518398074790282 0.659345815100011 0
    outer loop
      vertex 110.13388347648319 -111.73388347648319 2.3999999999999986
      vertex 110.24169167536404 -111.6109517862609 0
      vertex 110.13388347648319 -111.73388347648319 0
    endloop
  endfacet
  facet normal -0.8314696123025206 0.5555702330196393 0
    outer loop
      vertex 110.24169167536404 -111.6109517862609 2.3999999999999986
      vertex 110.33253175473055 -111.475 0
      vertex 110.24169167536404 -111.6109517862609 0
    endloop
  endfacet
  facet normal 0.3214394653031866 0.9469301294950973 0
    outer loop
      vertex 108.77164570954363 -112.0048494156391 2.3999999999999986
      vertex 108.92647619362185 -112.05740728286133 0
      vertex 108.77164570954363 -112.0048494156391 0
    endloop
  endfacet
  facet normal 0.19509032201615126 0.9807852804032258 0
    outer loop
      vertex 108.92647619362185 -112.05740728286133 2.3999999999999986
      vertex 109.08684225972493 -112.08930607671726 0
      vertex 108.92647619362185 -112.05740728286133 0
    endloop
  endfacet
  facet normal 0.06540312923009983 0.9978589232386063 0
    outer loop
      vertex 109.08684225972493 -112.08930607671726 2.3999999999999986
      vertex 109.25 -112.1 0
      vertex 109.08684225972493 -112.08930607671726 0
    endloop
  endfacet
  facet normal -0.06540312923009983 0.9978589232386063 0
    outer loop
      vertex 109.25 -112.1 2.3999999999999986
      vertex 109.41315774027507 -112.08930607671726 0
      vertex 109.25 -112.1 0
    endloop
  endfacet
  facet normal -0.19509032201615126 0.9807852804032258 0
    outer loop
      vertex 109.41315774027507 -112.08930607671726 2.3999999999999986
      vertex 109.57352380637815 -112.05740728286133 0
      vertex 109.41315774027507 -112.08930607671726 0
    endloop
  endfacet
  facet normal -0.4422886902189741 0.8968727415327017 0
    outer loop
      vertex 109.72835429045637 -112.0048494156391 2.3999999999999986
      vertex 109.875 -111.93253175473055 0
      vertex 109.72835429045637 -112.0048494156391 0
    endloop
  endfacet
  facet normal -0.5555702330196393 0.8314696123025206 0
    outer loop
      vertex 109.875 -111.93253175473055 2.3999999999999986
      vertex 110.0109517862609 -111.84169167536403 0
      vertex 109.875 -111.93253175473055 0
    endloop
  endfacet
  facet normal -0.3214394653031866 0.9469301294950973 0
    outer loop
      vertex 109.57352380637815 -112.05740728286133 2.3999999999999986
      vertex 109.72835429045637 -112.0048494156391 0
      vertex 109.57352380637815 -112.05740728286133 0
    endloop
  endfacet
  facet normal -0.659345815100011 0.7518398074790282 0
    outer loop
      vertex 110.0109517862609 -111.84169167536403 2.3999999999999986
      vertex 110.13388347648319 -111.73388347648319 0
      vertex 110.0109517862609 -111.84169167536403 0
    endloop
  endfacet
  facet normal -0.9978589232386063 0.06540312923009983 0
    outer loop
      vertex 110.48930607671727 -111.01315774027506 2.3999999999999986
      vertex 110.5 -110.85 0
      vertex 110.48930607671727 -111.01315774027506 0
    endloop
  endfacet
  facet normal -0.9807852804032258 0.19509032201615126 0
    outer loop
      vertex 110.45740728286134 -111.17352380637814 2.3999999999999986
      vertex 110.48930607671727 -111.01315774027506 0
      vertex 110.45740728286134 -111.17352380637814 0
    endloop
  endfacet
  facet normal -0.9469301294950973 0.3214394653031866 0
    outer loop
      vertex 110.4048494156391 -111.32835429045636 2.3999999999999986
      vertex 110.45740728286134 -111.17352380637814 0
      vertex 110.4048494156391 -111.32835429045636 0
    endloop
  endfacet
endsolid OpenSCAD_Model
